// SPDX-License-Identifier: Apache-2.0
/* GENERATED by tools/gen_einklock_font.py from Roboto (Apache-2.0, external/roboto-fonts). Do not edit.
 * 4-bit alpha, RLE: byte = (run-1)<<4 | alpha4. Included only by einklock_logic.c. */
#pragma once
#include <stdint.h>
struct elk_glyph { uint16_t cp; uint8_t w, h; int16_t xoff, yoff; uint8_t adv; uint32_t off; uint16_t len; };
struct elk_font { const struct elk_glyph *g; int n; int ascent, descent; };
static const uint8_t elk_font_data[98792] = {
    0xf0,0xf0,0xf0,0xf0,0x00,0x11,0xf0,0xf0,0xf0,0xf0,0xf0,0xf0,0xf0,0x80,0x01,0x04,0x06,0x08,0x0a,0x0c,0x0d,0x0e,0x5f,0x1e,
    0x0d,0x0b,0x09,0x08,0x06,0x03,0xf0,0xf0,0xf0,0xf0,0xf0,0xf0,0xa0,0x03,0x07,0x0a,0x0e,0xff,0x6f,0x0c,0x09,0x06,0x01,0xf0,
    0xf0,0xf0,0xf0,0xf0,0xf0,0x20,0x04,0x09,0x0e,0xff,0xef,0x0c,0x07,0x03,0xf0,0xf0,0xf0,0xf0,0xf0,0xc0,0x02,0x08,0x0e,0xff,
    0xff,0x4f,0x0c,0x06,0x01,0xf0,0xf0,0xf0,0xf0,0xf0,0x70,0x04,0x0b,0xff,0xff,0x9f,0x0e,0x09,0x02,0xf0,0xf0,0xf0,0xf0,0xf0,
    0x30,0x04,0x0c,0xff,0xff,0xef,0x09,0x01,0xf0,0xf0,0xf0,0xf0,0xf0,0x02,0x0a,0xff,0xff,0xff,0x1f,0x0e,0x08,0xf0,0xf0,0xf0,
    0xf0,0xd0,0x06,0x0e,0xff,0xff,0xff,0x4f,0x0d,0x04,0xf0,0xf0,0xf0,0xf0,0x90,0x01,0x0b,0xff,0xff,0xff,0x8f,0x09,0x01,0xf0,
    0xf0,0xf0,0xf0,0x60,0x04,0x0e,0xff,0xff,0xff,0xaf,0x0c,0x02,0xf0,0xf0,0xf0,0xf0,0x40,0x06,0xff,0xff,0xff,0xdf,0x0e,0x04,
    0xf0,0xf0,0xf0,0xf0,0x20,0x08,0xff,0xff,0xff,0xff,0x0f,0x06,0xf0,0xf0,0xf0,0xf0,0x00,0x08,0xff,0x7f,0x0e,0x0c,0x09,0x07,
    0x04,0x03,0x02,0x11,0x00,0x11,0x02,0x03,0x05,0x07,0x09,0x0c,0xff,0x8f,0x07,0xf0,0xf0,0xf0,0xe0,0x08,0xff,0x5f,0x0c,0x08,
    0x03,0xf0,0x20,0x03,0x07,0x0c,0xff,0x5f,0x07,0xf0,0xf0,0xf0,0xc0,0x07,0xff,0x3f,0x0e,0x08,0x02,0xf0,0x80,0x02,0x08,0x0e,
    0xff,0x3f,0x06,0xf0,0xf0,0xf0,0xa0,0x05,0xff,0x2f,0x0d,0x06,0x01,0xf0,0xc0,0x01,0x06,0x0d,0xff,0x2f,0x04,0xf0,0xf0,0xf0,
    0x80,0x03,0x0e,0xff,0x1f,0x07,0xf0,0xf0,0x20,0x07,0x0e,0xff,0x0f,0x0e,0x02,0xf0,0xf0,0xf0,0x60,0x01,0x0d,0xff,0x0f,0x0b,
    0x02,0xf0,0xf0,0x40,0x02,0x0b,0xff,0x0f,0x0d,0x01,0xf0,0xf0,0xf0,0x50,0x0a,0xff,0x0f,0x07,0xf0,0xf0,0x80,0x07,0xff,0x0f,
    0x0a,0xf0,0xf0,0xf0,0x40,0x06,0xff,0x0e,0x04,0xf0,0xf0,0xa0,0x04,0x0e,0xff,0x05,0xf0,0xf0,0xf0,0x20,0x01,0x0e,0xef,0x0d,
    0x02,0xf0,0xf0,0xc0,0x03,0x0e,0xef,0x0e,0x01,0xf0,0xf0,0xf0,0x10,0x0a,0xef,0x0e,0x02,0xf0,0xf0,0xe0,0x02,0x0d,0xef,0x0a,
    0xf0,0xf0,0xf0,0x00,0x04,0xef,0x0e,0x03,0xf0,0xf0,0xf0,0x00,0x03,0x0e,0xef,0x04,0xf0,0xf0,0xf0,0x0c,0xef,0x03,0xf0,0xf0,
    0xf0,0x20,0x04,0xef,0x0c,0xf0,0xf0,0xe0,0x06,0xef,0x07,0xf0,0xf0,0xf0,0x40,0x07,0xef,0x05,0xf0,0xf0,0xd0,0x0d,0xdf,0x0b,
    0xf0,0xf0,0xf0,0x60,0x0b,0xdf,0x0d,0xf0,0xf0,0xc0,0x06,0xdf,0x0e,0x01,0xf0,0xf0,0xf0,0x60,0x01,0x0e,0xdf,0x06,0xf0,0xf0,
    0xb0,0x0d,0xdf,0x05,0xf0,0xf0,0xf0,0x80,0x05,0xdf,0x0c,0xf0,0xf0,0xa0,0x05,0xdf,0x0b,0xf0,0xf0,0xf0,0xa0,0x0c,0xdf,0x04,
    0xf0,0xf0,0x90,0x0b,0xdf,0x03,0xf0,0xf0,0xf0,0xa0,0x03,0xdf,0x0b,0xf0,0xf0,0x80,0x03,0xdf,0x09,0xf0,0xf0,0xf0,0xc0,0x0a,
    0xdf,0x02,0xf0,0xf0,0x70,0x09,0xdf,0x02,0xf0,0xf0,0xf0,0xc0,0x03,0xdf,0x08,0xf0,0xf0,0x70,0x0e,0xcf,0x0a,0xf0,0xf0,0xf0,
    0xe0,0x0b,0xcf,0x0d,0xf0,0xf0,0x60,0x05,0xdf,0x03,0xf0,0xf0,0xf0,0xe0,0x04,0xdf,0x04,0xf0,0xf0,0x50,0x0a,0xcf,0x0c,0xf0,
    0xf0,0xf0,0xf0,0x00,0x0d,0xcf,0x09,0xf0,0xf0,0x50,0x0e,0xcf,0x05,0xf0,0xf0,0xf0,0xf0,0x00,0x07,0xcf,0x0e,0xf0,0xf0,0x40,
    0x05,0xcf,0x0e,0x01,0xf0,0xf0,0xf0,0xf0,0x00,0x01,0xdf,0x04,0xf0,0xf0,0x30,0x09,0xcf,0x0a,0xf0,0xf0,0xf0,0xf0,0x20,0x0b,
    0xcf,0x08,0xf0,0xf0,0x30,0x0d,0xcf,0x05,0xf0,0xf0,0xf0,0xf0,0x20,0x06,0xcf,0x0c,0xf0,0xf0,0x20,0x03,0xcf,0x0e,0xf0,0xf0,
    0xf0,0xf0,0x30,0x01,0xdf,0x02,0xf0,0xf0,0x10,0x07,0xcf,0x0a,0xf0,0xf0,0xf0,0xf0,0x40,0x0b,0xcf,0x06,0xf0,0xf0,0x10,0x0a,
    0xcf,0x06,0xf0,0xf0,0xf0,0xf0,0x40,0x07,0xcf,0x09,0xf0,0xf0,0x10,0x0e,0xcf,0x02,0xf0,0xf0,0xf0,0xf0,0x40,0x03,0xcf,0x0d,
    0xf0,0xf0,0x00,0x03,0xcf,0x0d,0xf0,0xf0,0xf0,0xf0,0x60,0x0e,0xcf,0x01,0xf0,0xf0,0x06,0xcf,0x09,0xf0,0xf0,0xf0,0xf0,0x60,
    0x0b,0xcf,0x04,0xf0,0xf0,0x09,0xcf,0x06,0xf0,0xf0,0xf0,0xf0,0x60,0x07,0xcf,0x08,0xf0,0xf0,0x0c,0xcf,0x03,0xf0,0xf0,0xf0,
    0xf0,0x60,0x04,0xcf,0x0b,0xf0,0xf0,0x0e,0xcf,0xf0,0xf0,0xf0,0xf0,0x70,0x01,0xcf,0x0d,0xf0,0xe0,0x02,0xcf,0x0c,0xf0,0xf0,
    0xf0,0xf0,0x80,0x0d,0xcf,0x01,0xf0,0xd0,0x05,0xcf,0x0a,0xf0,0xf0,0xf0,0xf0,0x80,0x0b,0xcf,0x03,0xf0,0xd0,0x07,0xcf,0x07,
    0xf0,0xf0,0xf0,0xf0,0x80,0x08,0xcf,0x06,0xf0,0xd0,0x09,0xcf,0x04,0xf0,0xf0,0xf0,0xf0,0x80,0x06,0xcf,0x08,0xf0,0xd0,0x0b,
    0xcf,0x02,0xf0,0xf0,0xf0,0xf0,0x80,0x04,0xcf,0x0a,0xf0,0xd0,0x0d,0xcf,0x01,0xf0,0xf0,0xf0,0xf0,0x80,0x02,0xcf,0x0c,0xf0,
    0xd0,0xcf,0x0e,0xf0,0xf0,0xf0,0xf0,0xa0,0x0e,0xbf,0x0e,0xf0,0xc0,0x02,0xcf,0x0c,0xf0,0xf0,0xf0,0xf0,0xa0,0x0d,0xcf,0xf0,
    0xc0,0x03,0xcf,0x0a,0xf0,0xf0,0xf0,0xf0,0xa0,0x0b,0xcf,0x02,0xf0,0xb0,0x05,0xcf,0x08,0xf0,0xf0,0xf0,0xf0,0xa0,0x0a,0xcf,
    0x04,0xf0,0xb0,0x06,0xcf,0x07,0xf0,0xf0,0xf0,0xf0,0xa0,0x08,0xcf,0x05,0xf0,0xb0,0x07,0xcf,0x06,0xf0,0xf0,0xf0,0xf0,0xa0,
    0x07,0xcf,0x06,0xf0,0xb0,0x09,0xcf,0x05,0xf0,0xf0,0xf0,0xf0,0xa0,0x06,0xcf,0x07,0xf0,0xb0,0x09,0xcf,0x04,0xf0,0xf0,0xf0,
    0xf0,0xa0,0x05,0xcf,0x08,0xf0,0xb0,0x0a,0xcf,0x03,0xf0,0xf0,0xf0,0xf0,0xa0,0x04,0xcf,0x09,0xf0,0xb0,0x0b,0xcf,0x02,0xf0,
    0xf0,0xf0,0xf0,0xa0,0x03,0xcf,0x0a,0xf0,0xb0,0x0c,0xcf,0x01,0xf0,0xf0,0xf0,0xf0,0xa0,0x02,0xcf,0x0b,0xf0,0xb0,0x0d,0xcf,
    0x01,0xf0,0xf0,0xf0,0xf0,0xa0,0x02,0xcf,0x0c,0xf0,0xb0,0x0d,0xcf,0x01,0xf0,0xf0,0xf0,0xf0,0xa0,0x01,0xcf,0x0c,0xf0,0xb0,
    0x0e,0xcf,0xf0,0xf0,0xf0,0xf0,0xb0,0x01,0xcf,0x0d,0xf0,0xb0,0x0e,0xcf,0xf0,0xf0,0xf0,0xf0,0xb0,0x01,0xcf,0x0d,0xf0,0xb0,
    0x0e,0xcf,0xf0,0xf0,0xf0,0xf0,0xc0,0xcf,0x0d,0xf0,0xb0,0xdf,0xf0,0xf0,0xf0,0xf0,0xc0,0xcf,0x0e,0xf0,0xb0,0xcf,0x0e,0xf0,
    0xf0,0xf0,0xf0,0xc0,0xcf,0x0e,0xf0,0xb0,0xcf,0x0e,0xf0,0xf0,0xf0,0xf0,0xc0,0xcf,0x0e,0xf0,0xb0,0xcf,0x0e,0xf0,0xf0,0xf0,
    0xf0,0xc0,0xcf,0x0e,0xf0,0xb0,0xcf,0x0e,0xf0,0xf0,0xf0,0xf0,0xc0,0xcf,0x0e,0xf0,0xb0,0xcf,0x0e,0xf0,0xf0,0xf0,0xf0,0xc0,
    0xcf,0x0e,0xf0,0xb0,0xcf,0x0e,0xf0,0xf0,0xf0,0xf0,0xc0,0xcf,0x0e,0xf0,0xb0,0xcf,0x0e,0xf0,0xf0,0xf0,0xf0,0xc0,0xcf,0x0e,
    0xf0,0xb0,0xcf,0x0e,0xf0,0xf0,0xf0,0xf0,0xc0,0xcf,0x0e,0xf0,0xb0,0xcf,0x0e,0xf0,0xf0,0xf0,0xf0,0xc0,0xcf,0x0e,0xf0,0xb0,
    0xcf,0x0e,0xf0,0xf0,0xf0,0xf0,0xc0,0xcf,0x0e,0xf0,0xb0,0xcf,0x0e,0xf0,0xf0,0xf0,0xf0,0xc0,0xcf,0x0e,0xf0,0xb0,0xcf,0x0e,
    0xf0,0xf0,0xf0,0xf0,0xc0,0xcf,0x0e,0xf0,0xb0,0xcf,0x0e,0xf0,0xf0,0xf0,0xf0,0xc0,0xcf,0x0e,0xf0,0xb0,0xcf,0x0e,0xf0,0xf0,
    0xf0,0xf0,0xc0,0xcf,0x0e,0xf0,0xb0,0xcf,0x0e,0xf0,0xf0,0xf0,0xf0,0xc0,0xcf,0x0e,0xf0,0xb0,0xcf,0x0e,0xf0,0xf0,0xf0,0xf0,
    0xc0,0xcf,0x0e,0xf0,0xb0,0xcf,0x0e,0xf0,0xf0,0xf0,0xf0,0xc0,0xcf,0x0e,0xf0,0xb0,0xcf,0x0e,0xf0,0xf0,0xf0,0xf0,0xc0,0xcf,
    0x0e,0xf0,0xb0,0xcf,0x0e,0xf0,0xf0,0xf0,0xf0,0xc0,0xcf,0x0e,0xf0,0xb0,0xcf,0x0e,0xf0,0xf0,0xf0,0xf0,0xc0,0xcf,0x0e,0xf0,
    0xb0,0xcf,0x0e,0xf0,0xf0,0xf0,0xf0,0xc0,0xcf,0x0e,0xf0,0xb0,0xcf,0x0e,0xf0,0xf0,0xf0,0xf0,0xc0,0xcf,0x0e,0xf0,0xb0,0xcf,
    0x0e,0xf0,0xf0,0xf0,0xf0,0xc0,0xcf,0x0e,0xf0,0xb0,0xcf,0x0e,0xf0,0xf0,0xf0,0xf0,0xc0,0xcf,0x0e,0xf0,0xb0,0xcf,0x0e,0xf0,
    0xf0,0xf0,0xf0,0xc0,0xcf,0x0e,0xf0,0xb0,0xcf,0x0e,0xf0,0xf0,0xf0,0xf0,0xc0,0xcf,0x0e,0xf0,0xb0,0xcf,0x0e,0xf0,0xf0,0xf0,
    0xf0,0xc0,0xcf,0x0e,0xf0,0xb0,0xcf,0x0e,0xf0,0xf0,0xf0,0xf0,0xc0,0xcf,0x0e,0xf0,0xb0,0xcf,0x0e,0xf0,0xf0,0xf0,0xf0,0xc0,
    0xcf,0x0e,0xf0,0xb0,0xcf,0x0e,0xf0,0xf0,0xf0,0xf0,0xc0,0xcf,0x0e,0xf0,0xb0,0xcf,0x0e,0xf0,0xf0,0xf0,0xf0,0xc0,0xcf,0x0e,
    0xf0,0xb0,0xcf,0x0e,0xf0,0xf0,0xf0,0xf0,0xc0,0xcf,0x0e,0xf0,0xb0,0x0e,0xbf,0x0e,0xf0,0xf0,0xf0,0xf0,0xc0,0xcf,0x0e,0xf0,
    0xb0,0x0e,0xcf,0xf0,0xf0,0xf0,0xf0,0xc0,0xcf,0x0e,0xf0,0xb0,0x0e,0xcf,0xf0,0xf0,0xf0,0xf0,0xb0,0x01,0xcf,0x0e,0xf0,0xb0,
    0x0e,0xcf,0xf0,0xf0,0xf0,0xf0,0xb0,0x01,0xcf,0x0d,0xf0,0xb0,0x0d,0xcf,0xf0,0xf0,0xf0,0xf0,0xb0,0x01,0xcf,0x0d,0xf0,0xb0,
    0x0d,0xcf,0x01,0xf0,0xf0,0xf0,0xf0,0xa0,0x02,0xcf,0x0c,0xf0,0xb0,0x0c,0xcf,0x01,0xf0,0xf0,0xf0,0xf0,0xa0,0x02,0xcf,0x0c,
    0xf0,0xb0,0x0b,0xcf,0x02,0xf0,0xf0,0xf0,0xf0,0xa0,0x03,0xcf,0x0b,0xf0,0xb0,0x0a,0xcf,0x03,0xf0,0xf0,0xf0,0xf0,0xa0,0x04,
    0xcf,0x0a,0xf0,0xb0,0x09,0xcf,0x04,0xf0,0xf0,0xf0,0xf0,0xa0,0x05,0xcf,0x09,0xf0,0xb0,0x08,0xcf,0x04,0xf0,0xf0,0xf0,0xf0,
    0xa0,0x06,0xcf,0x08,0xf0,0xb0,0x07,0xcf,0x05,0xf0,0xf0,0xf0,0xf0,0xa0,0x07,0xcf,0x07,0xf0,0xb0,0x06,0xcf,0x07,0xf0,0xf0,
    0xf0,0xf0,0xa0,0x08,0xcf,0x06,0xf0,0xb0,0x05,0xcf,0x08,0xf0,0xf0,0xf0,0xf0,0xa0,0x09,0xcf,0x05,0xf0,0xb0,0x03,0xcf,0x0a,
    0xf0,0xf0,0xf0,0xf0,0xa0,0x0a,0xcf,0x03,0xf0,0xb0,0x02,0xcf,0x0b,0xf0,0xf0,0xf0,0xf0,0xa0,0x0c,0xcf,0x02,0xf0,0xc0,0xcf,
    0x0d,0xf0,0xf0,0xf0,0xf0,0xa0,0x0e,0xcf,0xf0,0xd0,0x0d,0xcf,0xf0,0xf0,0xf0,0xf0,0x90,0x01,0xcf,0x0d,0xf0,0xd0,0x0c,0xcf,
    0x02,0xf0,0xf0,0xf0,0xf0,0x80,0x02,0xcf,0x0c,0xf0,0xd0,0x0a,0xcf,0x04,0xf0,0xf0,0xf0,0xf0,0x80,0x04,0xcf,0x0a,0xf0,0xd0,
    0x07,0xcf,0x06,0xf0,0xf0,0xf0,0xf0,0x80,0x07,0xcf,0x08,0xf0,0xd0,0x05,0xcf,0x08,0xf0,0xf0,0xf0,0xf0,0x80,0x09,0xcf,0x05,
    0xf0,0xd0,0x02,0xcf,0x0b,0xf0,0xf0,0xf0,0xf0,0x80,0x0c,0xcf,0x03,0xf0,0xe0,0xcf,0x0e,0xf0,0xf0,0xf0,0xf0,0x80,0xdf,0x01,
    0xf0,0xe0,0x0c,0xcf,0x02,0xf0,0xf0,0xf0,0xf0,0x60,0x02,0xcf,0x0d,0xf0,0xf0,0x09,0xcf,0x05,0xf0,0xf0,0xf0,0xf0,0x60,0x05,
    0xcf,0x0a,0xf0,0xf0,0x06,0xcf,0x08,0xf0,0xf0,0xf0,0xf0,0x60,0x09,0xcf,0x07,0xf0,0xf0,0x03,0xcf,0x0c,0xf0,0xf0,0xf0,0xf0,
    0x60,0x0c,0xcf,0x04,0xf0,0xf0,0x00,0x0e,0xcf,0x01,0xf0,0xf0,0xf0,0xf0,0x40,0x01,0xdf,0x01,0xf0,0xf0,0x00,0x0b,0xcf,0x05,
    0xf0,0xf0,0xf0,0xf0,0x40,0x05,0xcf,0x0c,0xf0,0xf0,0x10,0x08,0xcf,0x09,0xf0,0xf0,0xf0,0xf0,0x40,0x08,0xcf,0x09,0xf0,0xf0,
    0x10,0x04,0xcf,0x0e,0xf0,0xf0,0xf0,0xf0,0x40,0x0d,0xcf,0x05,0xf0,0xf0,0x20,0x0e,0xcf,0x03,0xf0,0xf0,0xf0,0xf0,0x20,0x03,
    0xdf,0x01,0xf0,0xf0,0x20,0x0a,0xcf,0x08,0xf0,0xf0,0xf0,0xf0,0x20,0x08,0xcf,0x0c,0xf0,0xf0,0x30,0x06,0xcf,0x0d,0xf0,0xf0,
    0xf0,0xf0,0x20,0x0d,0xcf,0x08,0xf0,0xf0,0x30,0x01,0xdf,0x04,0xf0,0xf0,0xf0,0xf0,0x00,0x03,0xdf,0x03,0xf0,0xf0,0x40,0x0c,
    0xcf,0x0a,0xf0,0xf0,0xf0,0xf0,0x00,0x09,0xcf,0x0d,0xf0,0xf0,0x50,0x06,0xdf,0x02,0xf0,0xf0,0xf0,0xe0,0x01,0x0e,0xcf,0x08,
    0xf0,0xf0,0x50,0x01,0xdf,0x08,0xf0,0xf0,0xf0,0xe0,0x07,0xdf,0x03,0xf0,0xf0,0x60,0x0a,0xcf,0x0e,0x01,0xf0,0xf0,0xf0,0xd0,
    0x0d,0xcf,0x0d,0xf0,0xf0,0x70,0x05,0xdf,0x08,0xf0,0xf0,0xf0,0xc0,0x05,0xdf,0x07,0xf0,0xf0,0x80,0x0e,0xcf,0x0e,0x01,0xf0,
    0xf0,0xf0,0xb0,0x0d,0xdf,0x01,0xf0,0xf0,0x80,0x07,0xdf,0x09,0xf0,0xf0,0xf0,0xa0,0x06,0xdf,0x0a,0xf0,0xf0,0x90,0x01,0x0e,
    0xdf,0x03,0xf0,0xf0,0xf0,0x80,0x01,0x0e,0xdf,0x03,0xf0,0xf0,0xa0,0x09,0xdf,0x0c,0xf0,0xf0,0xf0,0x80,0x08,0xdf,0x0c,0xf0,
    0xf0,0xb0,0x02,0xef,0x07,0xf0,0xf0,0xf0,0x60,0x04,0xef,0x04,0xf0,0xf0,0xc0,0x09,0xef,0x03,0xf0,0xf0,0xf0,0x40,0x01,0x0d,
    0xdf,0x0c,0xf0,0xf0,0xd0,0x01,0x0e,0xdf,0x0d,0x01,0xf0,0xf0,0xf0,0x30,0x0a,0xef,0x04,0xf0,0xf0,0xe0,0x07,0xef,0x0b,0xf0,
    0xf0,0xf0,0x20,0x07,0xef,0x0b,0xf0,0xf0,0xf0,0x01,0x0d,0xef,0x09,0xf0,0xf0,0xf0,0x00,0x06,0xff,0x03,0xf0,0xf0,0xf0,0x00,
    0x05,0xff,0x08,0xf0,0xf0,0xe0,0x05,0xff,0x08,0xf0,0xf0,0xf0,0x20,0x0a,0xff,0x09,0xf0,0xf0,0xc0,0x05,0xff,0x0d,0x01,0xf0,
    0xf0,0xf0,0x20,0x01,0x0e,0xff,0x0a,0x01,0xf0,0xf0,0x90,0x07,0xff,0x0f,0x04,0xf0,0xf0,0xf0,0x40,0x04,0xff,0x0f,0x0d,0x02,
    0xf0,0xf0,0x70,0x0a,0xff,0x0f,0x08,0xf0,0xf0,0xf0,0x60,0x08,0xff,0x0f,0x0e,0x06,0xf0,0xf0,0x40,0x04,0x0d,0xff,0x0f,0x0c,
    0xf0,0xf0,0xf0,0x80,0x0b,0xff,0x1f,0x0c,0x03,0xf0,0xf0,0x00,0x01,0x09,0xff,0x1f,0x0e,0x02,0xf0,0xf0,0xf0,0x80,0x01,0x0d,
    0xff,0x2f,0x0a,0x03,0xf0,0xc0,0x01,0x08,0x0e,0xff,0x2f,0x04,0xf0,0xf0,0xf0,0xa0,0x02,0x0e,0xff,0x3f,0x0b,0x05,0x01,0xf0,
    0x70,0x03,0x09,0xff,0x4f,0x05,0xf0,0xf0,0xf0,0xc0,0x03,0x0e,0xff,0x4f,0x0e,0x0a,0x05,0x02,0xf0,0x10,0x04,0x09,0x0d,0xff,
    0x5f,0x06,0xf0,0xf0,0xf0,0xe0,0x03,0x0e,0xff,0x7f,0x0d,0x0a,0x08,0x06,0x04,0x03,0x12,0x01,0x12,0x03,0x04,0x05,0x08,0x0a,
    0x0d,0xff,0x8f,0x06,0xf0,0xf0,0xf0,0xf0,0x00,0x03,0x0e,0xff,0xff,0xff,0xff,0x06,0xf0,0xf0,0xf0,0xf0,0x20,0x02,0x0c,0xff,
    0xff,0xff,0xcf,0x0e,0x04,0xf0,0xf0,0xf0,0xf0,0x50,0x0a,0xff,0xff,0xff,0xaf,0x0c,0x02,0xf0,0xf0,0xf0,0xf0,0x70,0x06,0x0e,
    0xff,0xff,0xff,0x7f,0x09,0x01,0xf0,0xf0,0xf0,0xf0,0x90,0x02,0x0b,0xff,0xff,0xff,0x4f,0x0e,0x05,0xf0,0xf0,0xf0,0xf0,0xd0,
    0x06,0x0e,0xff,0xff,0xff,0x1f,0x09,0x01,0xf0,0xf0,0xf0,0xf0,0xf0,0x01,0x08,0x0e,0xff,0xff,0xdf,0x0a,0x03,0xf0,0xf0,0xf0,
    0xf0,0xf0,0x30,0x01,0x08,0x0e,0xff,0xff,0x9f,0x0a,0x03,0xf0,0xf0,0xf0,0xf0,0xf0,0x80,0x05,0x0b,0xff,0xff,0x4f,0x0d,0x08,
    0x02,0xf0,0xf0,0xf0,0xf0,0xf0,0xc0,0x02,0x07,0x0b,0xff,0xef,0x0d,0x09,0x04,0xf0,0xf0,0xf0,0xf0,0xf0,0xf0,0x20,0x01,0x05,
    0x08,0x0b,0x0e,0xff,0x5f,0x0d,0x0a,0x06,0x02,0xf0,0xf0,0xf0,0xf0,0xf0,0xf0,0xa0,0x02,0x05,0x07,0x08,0x0a,0x0c,0x1d,0x1e,
    0x1f,0x1e,0x0d,0x0c,0x0b,0x09,0x08,0x06,0x03,0x01,0xf0,0xf0,0xf0,0x60,0xf0,0xf0,0xf0,0xf0,0xb0,0x03,0x09,0x0e,0x0f,0x0e,
    0xf0,0xf0,0xf0,0xf0,0xf0,0xf0,0xf0,0xc0,0x02,0x07,0x0d,0x3f,0x0e,0xf0,0xf0,0xf0,0xf0,0xf0,0xf0,0xf0,0x90,0x01,0x05,0x0b,
    0x6f,0x0e,0xf0,0xf0,0xf0,0xf0,0xf0,0xf0,0xf0,0x70,0x03,0x09,0x0e,0x8f,0x0e,0xf0,0xf0,0xf0,0xf0,0xf0,0xf0,0xf0,0x40,0x02,
    0x07,0x0d,0xbf,0x0e,0xf0,0xf0,0xf0,0xf0,0xf0,0xf0,0xf0,0x10,0x01,0x06,0x0b,0xef,0x0e,0xf0,0xf0,0xf0,0xf0,0xf0,0xf0,0xf0,
    0x04,0x09,0x0e,0xff,0x0f,0x0e,0xf0,0xf0,0xf0,0xf0,0xf0,0xf0,0xc0,0x02,0x08,0x0d,0xff,0x3f,0x0e,0xf0,0xf0,0xf0,0xf0,0xf0,
    0xf0,0x90,0x01,0x06,0x0b,0xff,0x6f,0x0e,0xf0,0xf0,0xf0,0xf0,0xf0,0xf0,0x70,0x04,0x0a,0x0e,0xff,0x8f,0x0e,0xf0,0xf0,0xf0,
    0xf0,0xf0,0xf0,0x40,0x02,0x08,0x0d,0xff,0xbf,0x0e,0xf0,0xf0,0xf0,0xf0,0xf0,0xf0,0x10,0x01,0x06,0x0c,0xff,0xef,0x0e,0xf0,
    0xf0,0xf0,0xf0,0xf0,0xf0,0x04,0x0a,0xff,0xff,0x1f,0x0e,0xf0,0xf0,0xf0,0xf0,0xf0,0xc0,0x03,0x08,0x0e,0xff,0xff,0x3f,0x0e,
    0xf0,0xf0,0xf0,0xf0,0xf0,0x90,0x01,0x07,0x0c,0xff,0xff,0x6f,0x0e,0xf0,0xf0,0xf0,0xf0,0xf0,0x70,0x05,0x0a,0xff,0xff,0x9f,
    0x0e,0xf0,0xf0,0xf0,0xf0,0xf0,0x40,0x03,0x09,0x0e,0xff,0xff,0xbf,0x0e,0xf0,0xf0,0xf0,0xf0,0xf0,0x10,0x01,0x07,0x0c,0xff,
    0xff,0x0f,0x0d,0xcf,0x0e,0xf0,0xf0,0xf0,0xf0,0xf0,0x05,0x0b,0xff,0xff,0x0f,0x0e,0x09,0x03,0x00,0xcf,0x0e,0xf0,0xf0,0xf0,
    0xf0,0xc0,0x03,0x09,0x0e,0xff,0xff,0x0f,0x0a,0x05,0x30,0xcf,0x0e,0xf0,0xf0,0xf0,0xf0,0x90,0x02,0x07,0x0d,0xff,0xff,0x0f,
    0x0c,0x06,0x01,0x50,0xcf,0x0e,0xf0,0xf0,0xf0,0xf0,0x70,0x03,0x0b,0xff,0xff,0x0f,0x0e,0x08,0x03,0x80,0xcf,0x0e,0xf0,0xf0,
    0xf0,0xf0,0x70,0x08,0xff,0xef,0x0e,0x0a,0x04,0xb0,0xcf,0x0e,0xf0,0xf0,0xf0,0xf0,0x70,0x08,0xff,0xcf,0x0b,0x06,0x01,0xd0,
    0xcf,0x0e,0xf0,0xf0,0xf0,0xf0,0x70,0x08,0xff,0x9f,0x0d,0x08,0x02,0xf0,0x00,0xcf,0x0e,0xf0,0xf0,0xf0,0xf0,0x70,0x08,0xff,
    0x6f,0x0e,0x09,0x04,0xf0,0x30,0xcf,0x0e,0xf0,0xf0,0xf0,0xf0,0x70,0x08,0xff,0x4f,0x0b,0x05,0x01,0xf0,0x50,0xcf,0x0e,0xf0,
    0xf0,0xf0,0xf0,0x70,0x08,0xff,0x1f,0x0c,0x07,0x02,0xf0,0x80,0xcf,0x0e,0xf0,0xf0,0xf0,0xf0,0x70,0x08,0xef,0x0e,0x09,0x03,
    0xf0,0xb0,0xcf,0x0e,0xf0,0xf0,0xf0,0xf0,0x70,0x08,0xcf,0x0a,0x05,0xf0,0xe0,0xcf,0x0e,0xf0,0xf0,0xf0,0xf0,0x70,0x08,0x9f,
    0x0c,0x06,0x01,0xf0,0xf0,0x00,0xcf,0x0e,0xf0,0xf0,0xf0,0xf0,0x70,0x08,0x6f,0x0d,0x08,0x02,0xf0,0xf0,0x30,0xcf,0x0e,0xf0,
    0xf0,0xf0,0xf0,0x70,0x08,0x3f,0x0e,0x0a,0x04,0xf0,0xf0,0x60,0xcf,0x0e,0xf0,0xf0,0xf0,0xf0,0x70,0x08,0x1f,0x0b,0x06,0x01,
    0xf0,0xf0,0x80,0xcf,0x0e,0xf0,0xf0,0xf0,0xf0,0x70,0x06,0x07,0x02,0xf0,0xf0,0xb0,0xcf,0x0e,0xf0,0xf0,0xf0,0xf0,0xf0,0xf0,
    0xf0,0x60,0xcf,0x0e,0xf0,0xf0,0xf0,0xf0,0xf0,0xf0,0xf0,0x60,0xcf,0x0e,0xf0,0xf0,0xf0,0xf0,0xf0,0xf0,0xf0,0x60,0xcf,0x0e,
    0xf0,0xf0,0xf0,0xf0,0xf0,0xf0,0xf0,0x60,0xcf,0x0e,0xf0,0xf0,0xf0,0xf0,0xf0,0xf0,0xf0,0x60,0xcf,0x0e,0xf0,0xf0,0xf0,0xf0,
    0xf0,0xf0,0xf0,0x60,0xcf,0x0e,0xf0,0xf0,0xf0,0xf0,0xf0,0xf0,0xf0,0x60,0xcf,0x0e,0xf0,0xf0,0xf0,0xf0,0xf0,0xf0,0xf0,0x60,
    0xcf,0x0e,0xf0,0xf0,0xf0,0xf0,0xf0,0xf0,0xf0,0x60,0xcf,0x0e,0xf0,0xf0,0xf0,0xf0,0xf0,0xf0,0xf0,0x60,0xcf,0x0e,0xf0,0xf0,
    0xf0,0xf0,0xf0,0xf0,0xf0,0x60,0xcf,0x0e,0xf0,0xf0,0xf0,0xf0,0xf0,0xf0,0xf0,0x60,0xcf,0x0e,0xf0,0xf0,0xf0,0xf0,0xf0,0xf0,
    0xf0,0x60,0xcf,0x0e,0xf0,0xf0,0xf0,0xf0,0xf0,0xf0,0xf0,0x60,0xcf,0x0e,0xf0,0xf0,0xf0,0xf0,0xf0,0xf0,0xf0,0x60,0xcf,0x0e,
    0xf0,0xf0,0xf0,0xf0,0xf0,0xf0,0xf0,0x60,0xcf,0x0e,0xf0,0xf0,0xf0,0xf0,0xf0,0xf0,0xf0,0x60,0xcf,0x0e,0xf0,0xf0,0xf0,0xf0,
    0xf0,0xf0,0xf0,0x60,0xcf,0x0e,0xf0,0xf0,0xf0,0xf0,0xf0,0xf0,0xf0,0x60,0xcf,0x0e,0xf0,0xf0,0xf0,0xf0,0xf0,0xf0,0xf0,0x60,
    0xcf,0x0e,0xf0,0xf0,0xf0,0xf0,0xf0,0xf0,0xf0,0x60,0xcf,0x0e,0xf0,0xf0,0xf0,0xf0,0xf0,0xf0,0xf0,0x60,0xcf,0x0e,0xf0,0xf0,
    0xf0,0xf0,0xf0,0xf0,0xf0,0x60,0xcf,0x0e,0xf0,0xf0,0xf0,0xf0,0xf0,0xf0,0xf0,0x60,0xcf,0x0e,0xf0,0xf0,0xf0,0xf0,0xf0,0xf0,
    0xf0,0x60,0xcf,0x0e,0xf0,0xf0,0xf0,0xf0,0xf0,0xf0,0xf0,0x60,0xcf,0x0e,0xf0,0xf0,0xf0,0xf0,0xf0,0xf0,0xf0,0x60,0xcf,0x0e,
    0xf0,0xf0,0xf0,0xf0,0xf0,0xf0,0xf0,0x60,0xcf,0x0e,0xf0,0xf0,0xf0,0xf0,0xf0,0xf0,0xf0,0x60,0xcf,0x0e,0xf0,0xf0,0xf0,0xf0,
    0xf0,0xf0,0xf0,0x60,0xcf,0x0e,0xf0,0xf0,0xf0,0xf0,0xf0,0xf0,0xf0,0x60,0xcf,0x0e,0xf0,0xf0,0xf0,0xf0,0xf0,0xf0,0xf0,0x60,
    0xcf,0x0e,0xf0,0xf0,0xf0,0xf0,0xf0,0xf0,0xf0,0x60,0xcf,0x0e,0xf0,0xf0,0xf0,0xf0,0xf0,0xf0,0xf0,0x60,0xcf,0x0e,0xf0,0xf0,
    0xf0,0xf0,0xf0,0xf0,0xf0,0x60,0xcf,0x0e,0xf0,0xf0,0xf0,0xf0,0xf0,0xf0,0xf0,0x60,0xcf,0x0e,0xf0,0xf0,0xf0,0xf0,0xf0,0xf0,
    0xf0,0x60,0xcf,0x0e,0xf0,0xf0,0xf0,0xf0,0xf0,0xf0,0xf0,0x60,0xcf,0x0e,0xf0,0xf0,0xf0,0xf0,0xf0,0xf0,0xf0,0x60,0xcf,0x0e,
    0xf0,0xf0,0xf0,0xf0,0xf0,0xf0,0xf0,0x60,0xcf,0x0e,0xf0,0xf0,0xf0,0xf0,0xf0,0xf0,0xf0,0x60,0xcf,0x0e,0xf0,0xf0,0xf0,0xf0,
    0xf0,0xf0,0xf0,0x60,0xcf,0x0e,0xf0,0xf0,0xf0,0xf0,0xf0,0xf0,0xf0,0x60,0xcf,0x0e,0xf0,0xf0,0xf0,0xf0,0xf0,0xf0,0xf0,0x60,
    0xcf,0x0e,0xf0,0xf0,0xf0,0xf0,0xf0,0xf0,0xf0,0x60,0xcf,0x0e,0xf0,0xf0,0xf0,0xf0,0xf0,0xf0,0xf0,0x60,0xcf,0x0e,0xf0,0xf0,
    0xf0,0xf0,0xf0,0xf0,0xf0,0x60,0xcf,0x0e,0xf0,0xf0,0xf0,0xf0,0xf0,0xf0,0xf0,0x60,0xcf,0x0e,0xf0,0xf0,0xf0,0xf0,0xf0,0xf0,
    0xf0,0x60,0xcf,0x0e,0xf0,0xf0,0xf0,0xf0,0xf0,0xf0,0xf0,0x60,0xcf,0x0e,0xf0,0xf0,0xf0,0xf0,0xf0,0xf0,0xf0,0x60,0xcf,0x0e,
    0xf0,0xf0,0xf0,0xf0,0xf0,0xf0,0xf0,0x60,0xcf,0x0e,0xf0,0xf0,0xf0,0xf0,0xf0,0xf0,0xf0,0x60,0xcf,0x0e,0xf0,0xf0,0xf0,0xf0,
    0xf0,0xf0,0xf0,0x60,0xcf,0x0e,0xf0,0xf0,0xf0,0xf0,0xf0,0xf0,0xf0,0x60,0xcf,0x0e,0xf0,0xf0,0xf0,0xf0,0xf0,0xf0,0xf0,0x60,
    0xcf,0x0e,0xf0,0xf0,0xf0,0xf0,0xf0,0xf0,0xf0,0x60,0xcf,0x0e,0xf0,0xf0,0xf0,0xf0,0xf0,0xf0,0xf0,0x60,0xcf,0x0e,0xf0,0xf0,
    0xf0,0xf0,0xf0,0xf0,0xf0,0x60,0xcf,0x0e,0xf0,0xf0,0xf0,0xf0,0xf0,0xf0,0xf0,0x60,0xcf,0x0e,0xf0,0xf0,0xf0,0xf0,0xf0,0xf0,
    0xf0,0x60,0xcf,0x0e,0xf0,0xf0,0xf0,0xf0,0xf0,0xf0,0xf0,0x60,0xcf,0x0e,0xf0,0xf0,0xf0,0xf0,0xf0,0xf0,0xf0,0x60,0xcf,0x0e,
    0xf0,0xf0,0xf0,0xf0,0xf0,0xf0,0xf0,0x60,0xcf,0x0e,0xf0,0xf0,0xf0,0xf0,0xf0,0xf0,0xf0,0x60,0xcf,0x0e,0xf0,0xf0,0xf0,0xf0,
    0xf0,0xf0,0xf0,0x60,0xcf,0x0e,0xf0,0xf0,0xf0,0xf0,0xf0,0xf0,0xf0,0x60,0xcf,0x0e,0xf0,0xf0,0xf0,0xf0,0xf0,0xf0,0xf0,0x60,
    0xcf,0x0e,0xf0,0xf0,0xf0,0xf0,0xf0,0xf0,0xf0,0x60,0xcf,0x0e,0xf0,0xf0,0xf0,0xf0,0xf0,0xf0,0xf0,0x60,0xcf,0x0e,0xf0,0xf0,
    0xf0,0xf0,0xf0,0xf0,0xf0,0x60,0xcf,0x0e,0xf0,0xf0,0xf0,0xf0,0xf0,0xf0,0xf0,0x60,0xcf,0x0e,0xf0,0xf0,0xf0,0xf0,0xf0,0xf0,
    0xf0,0x60,0xcf,0x0e,0xf0,0xf0,0xf0,0xf0,0xf0,0xf0,0xf0,0x60,0xcf,0x0e,0xf0,0xf0,0xf0,0xf0,0xf0,0xf0,0xf0,0x60,0xcf,0x0e,
    0xf0,0xf0,0xf0,0xf0,0xf0,0xf0,0xf0,0x60,0xcf,0x0e,0xf0,0xf0,0xf0,0xf0,0xf0,0xf0,0xf0,0x60,0xcf,0x0e,0xf0,0xf0,0xf0,0xf0,
    0xf0,0xf0,0xf0,0x60,0xcf,0x0e,0xf0,0xf0,0xf0,0xf0,0xf0,0xf0,0xf0,0x60,0xcf,0x0e,0xf0,0xf0,0xf0,0xf0,0xf0,0xf0,0xf0,0x60,
    0xcf,0x0e,0xf0,0xf0,0xf0,0xf0,0xf0,0xf0,0xf0,0x60,0xcf,0x0e,0xf0,0xf0,0xf0,0xf0,0xf0,0xf0,0xf0,0x60,0xcf,0x0e,0xf0,0xf0,
    0xf0,0xf0,0xf0,0xf0,0xf0,0x60,0xcf,0x0e,0xf0,0xf0,0xf0,0xf0,0xf0,0xf0,0xf0,0x60,0xcf,0x0e,0xf0,0xf0,0xf0,0xf0,0xf0,0xf0,
    0xf0,0x60,0xcf,0x0e,0xf0,0xf0,0xf0,0xf0,0xf0,0xf0,0xf0,0x60,0xcf,0x0e,0xf0,0xf0,0xf0,0xf0,0xf0,0xf0,0xf0,0x60,0xcf,0x0e,
    0xf0,0xf0,0xf0,0xf0,0xf0,0xf0,0xf0,0x60,0xcf,0x0e,0xf0,0xf0,0xf0,0xf0,0xf0,0xf0,0xf0,0x60,0xcf,0x0e,0xf0,0xf0,0xf0,0xf0,
    0xf0,0xf0,0xf0,0x60,0xcf,0x0e,0xf0,0xf0,0xf0,0xf0,0xf0,0xf0,0xf0,0x60,0xcf,0x0e,0xf0,0xf0,0xf0,0xf0,0xf0,0xf0,0xf0,0x60,
    0xcf,0x0e,0xf0,0xf0,0xf0,0xf0,0xf0,0xf0,0xf0,0x60,0xcf,0x0e,0xf0,0xf0,0xf0,0xf0,0xf0,0xf0,0xf0,0x60,0xcf,0x0e,0xf0,0xf0,
    0xf0,0xf0,0xf0,0xf0,0xf0,0x60,0xcf,0x0e,0xf0,0xf0,0xf0,0xf0,0xf0,0xf0,0xf0,0x60,0xcf,0x0e,0xf0,0xf0,0xf0,0xf0,0xf0,0xf0,
    0xf0,0x60,0xcf,0x0e,0xf0,0xf0,0xf0,0xf0,0xf0,0xf0,0xf0,0x60,0xcf,0x0e,0xf0,0xf0,0xf0,0xf0,0xf0,0xf0,0xf0,0x60,0xcf,0x0e,
    0xf0,0xf0,0xf0,0xf0,0xf0,0xf0,0xf0,0x60,0xcf,0x0e,0xf0,0xf0,0xf0,0xf0,0xf0,0xf0,0xf0,0x60,0xcf,0x0e,0xf0,0xf0,0xf0,0xf0,
    0xf0,0xf0,0xf0,0x60,0xcf,0x0e,0xf0,0xf0,0xf0,0xf0,0xf0,0xf0,0xf0,0x60,0xcf,0x0e,0xf0,0xf0,0xf0,0xf0,0xf0,0xf0,0xf0,0x60,
    0xcf,0x0e,0xf0,0xf0,0xf0,0xf0,0xf0,0xf0,0xf0,0x60,0xcf,0x0e,0xf0,0xf0,0xf0,0xf0,0xf0,0xf0,0xf0,0x60,0xcf,0x0e,0xf0,0xf0,
    0xf0,0xf0,0xf0,0xf0,0xf0,0x60,0xcf,0x0e,0xf0,0xf0,0xf0,0xf0,0xf0,0xf0,0xf0,0x60,0xcf,0x0e,0xf0,0xf0,0xf0,0xf0,0xf0,0xf0,
    0xf0,0x60,0xcf,0x0e,0xf0,0xf0,0xf0,0xf0,0xf0,0xf0,0xf0,0x60,0xcf,0x0e,0xf0,0xf0,0xf0,0xf0,0xf0,0xf0,0xf0,0x60,0xcf,0x0e,
    0xf0,0xf0,0xf0,0xf0,0xf0,0xf0,0xf0,0x60,0xcf,0x0e,0xf0,0xf0,0xf0,0xf0,0xf0,0xf0,0xf0,0x60,0xcf,0x0e,0xf0,0xf0,0xf0,0xf0,
    0xf0,0xf0,0xf0,0x60,0xcf,0x0e,0xf0,0xf0,0xf0,0xf0,0xf0,0xf0,0xf0,0x60,0xcf,0x0e,0xf0,0xf0,0xf0,0xf0,0xf0,0xf0,0xf0,0x60,
    0xcf,0x0e,0xf0,0xf0,0xf0,0xf0,0xf0,0xf0,0xf0,0x60,0xcf,0x0e,0xf0,0xf0,0xf0,0xf0,0xf0,0xf0,0xf0,0x60,0xcf,0x0e,0xf0,0xf0,
    0xf0,0xf0,0xf0,0xf0,0xf0,0x60,0xcf,0x0e,0xf0,0xf0,0xf0,0xf0,0xf0,0xf0,0xf0,0x60,0xcf,0x0e,0xf0,0xf0,0xf0,0xf0,0xf0,0xf0,
    0xf0,0x60,0xcf,0x0e,0xf0,0xf0,0xf0,0xf0,0xf0,0xf0,0xf0,0x60,0xcf,0x0e,0xf0,0xf0,0xf0,0xf0,0xf0,0xf0,0xf0,0x60,0xcf,0x0e,
    0xf0,0xf0,0xf0,0xf0,0xf0,0xf0,0xf0,0x60,0xcf,0x0e,0xf0,0xf0,0xf0,0xf0,0xf0,0xf0,0xf0,0x60,0xcf,0x0e,0xf0,0xf0,0xf0,0xf0,
    0xf0,0xf0,0xf0,0x60,0xcf,0x0e,0xf0,0xf0,0xf0,0xf0,0xf0,0xf0,0xf0,0x60,0xcf,0x0e,0xf0,0xf0,0xf0,0xf0,0xf0,0xf0,0xf0,0x60,
    0xcf,0x0e,0xf0,0xf0,0xf0,0xf0,0xf0,0xf0,0xf0,0x60,0xcf,0x0e,0xf0,0xf0,0xf0,0xf0,0xf0,0xf0,0xf0,0x60,0xcf,0x0e,0xf0,0xf0,
    0xf0,0xf0,0xf0,0xf0,0xf0,0x60,0xcf,0x0e,0xf0,0xf0,0xf0,0xf0,0xf0,0xf0,0xf0,0x60,0xcf,0x0e,0xf0,0xf0,0xf0,0xf0,0xf0,0xf0,
    0xf0,0x60,0xcf,0x0e,0xf0,0xf0,0xf0,0xf0,0xf0,0xf0,0xf0,0x60,0xcf,0x0e,0xf0,0xf0,0xf0,0xf0,0xf0,0xf0,0xf0,0x60,0xcf,0x0e,
    0xf0,0xf0,0xf0,0xf0,0xf0,0xf0,0xf0,0x60,0xcf,0x0e,0xf0,0xf0,0xf0,0x30,0xf0,0xf0,0xf0,0x40,0x02,0x04,0x07,0x09,0x0a,0x0b,
    0x0c,0x0d,0x1e,0x2f,0x1e,0x0d,0x0c,0x0b,0x0a,0x08,0x07,0x05,0x03,0xf0,0xf0,0xf0,0xf0,0xf0,0xf0,0x80,0x01,0x05,0x08,0x0c,
    0x0e,0xff,0x7f,0x0c,0x0a,0x06,0x03,0xf0,0xf0,0xf0,0xf0,0xf0,0xf0,0x00,0x03,0x08,0x0c,0xff,0xff,0x0f,0x0e,0x0a,0x06,0x01,
    0xf0,0xf0,0xf0,0xf0,0xf0,0x90,0x02,0x07,0x0d,0xff,0xff,0x7f,0x0b,0x05,0x01,0xf0,0xf0,0xf0,0xf0,0xf0,0x40,0x03,0x0a,0xff,
    0xff,0xcf,0x0e,0x09,0x02,0xf0,0xf0,0xf0,0xf0,0xf0,0x00,0x04,0x0c,0xff,0xff,0xff,0x1f,0x0a,0x03,0xf0,0xf0,0xf0,0xf0,0xc0,
    0x03,0x0b,0xff,0xff,0xff,0x5f,0x0a,0x02,0xf0,0xf0,0xf0,0xf0,0x80,0x01,0x08,0xff,0xff,0xff,0x9f,0x07,0xf0,0xf0,0xf0,0xf0,
    0x60,0x04,0x0d,0xff,0xff,0xff,0xbf,0x0d,0x03,0xf0,0xf0,0xf0,0xf0,0x30,0x08,0xff,0xff,0xff,0xff,0x07,0xf0,0xf0,0xf0,0xf0,
    0x00,0x02,0x0c,0xff,0xff,0xff,0xff,0x1f,0x0b,0x01,0xf0,0xf0,0xf0,0xd0,0x03,0x0e,0xff,0xff,0xff,0xff,0x3f,0x0c,0x02,0xf0,
    0xf0,0xf0,0xb0,0x05,0xff,0x9f,0x0d,0x0a,0x08,0x06,0x05,0x03,0x12,0x21,0x12,0x04,0x05,0x06,0x08,0x0a,0x0d,0xff,0x9f,0x0e,
    0x02,0xf0,0xf0,0xf0,0x90,0x06,0xff,0x6f,0x0d,0x08,0x04,0x01,0xf0,0x20,0x01,0x04,0x08,0x0c,0xff,0x6f,0x0e,0x03,0xf0,0xf0,
    0xf0,0x70,0x07,0xff,0x4f,0x0d,0x08,0x02,0xf0,0xa0,0x02,0x07,0x0d,0xff,0x4f,0x0e,0x02,0xf0,0xf0,0xf0,0x50,0x06,0xff,0x3f,
    0x0b,0x05,0xf0,0xf0,0x00,0x04,0x0c,0xff,0x3f,0x0d,0x01,0xf0,0xf0,0xf0,0x30,0x05,0xff,0x2f,0x0c,0x04,0xf0,0xf0,0x40,0x04,
    0x0d,0xff,0x2f,0x0b,0xf0,0xf0,0xf0,0x20,0x04,0xff,0x1f,0x0e,0x05,0xf0,0xf0,0x80,0x08,0xff,0x2f,0x08,0xf0,0xf0,0xf0,0x00,
    0x02,0x0e,0xff,0x0f,0x0b,0x02,0xf0,0xf0,0xa0,0x03,0x0c,0xff,0x1f,0x04,0xf0,0xf0,0xf0,0x0c,0xff,0x0e,0x06,0xf0,0xf0,0xe0,
    0x0a,0xff,0x0f,0x0d,0x01,0xf0,0xf0,0xd0,0x08,0xff,0x0e,0x03,0xf0,0xf0,0xf0,0x00,0x08,0xff,0x0f,0x09,0xf0,0xf0,0xc0,0x03,
    0xff,0x0d,0x02,0xf0,0xf0,0xf0,0x20,0x06,0xff,0x0f,0x03,0xf0,0xf0,0xb0,0x0d,0xef,0x0c,0x01,0xf0,0xf0,0xf0,0x40,0x07,0xff,
    0x0b,0xf0,0xf0,0xa0,0x07,0xef,0x0d,0x01,0xf0,0xf0,0xf0,0x60,0x09,0xff,0x04,0xf0,0xf0,0x80,0x02,0x0e,0xdf,0x0e,0x02,0xf0,
    0xf0,0xf0,0x80,0x0b,0xef,0x0b,0xf0,0xf0,0x80,0x09,0xef,0x04,0xf0,0xf0,0xf0,0x90,0x01,0x0e,0xef,0x03,0xf0,0xf0,0x60,0x02,
    0xef,0x07,0xf0,0xf0,0xf0,0xb0,0x06,0xef,0x09,0xf0,0xf0,0x60,0x0a,0xdf,0x0b,0xf0,0xf0,0xf0,0xd0,0x0c,0xdf,0x0e,0xf0,0xf0,
    0x50,0x02,0xef,0x03,0xf0,0xf0,0xf0,0xd0,0x03,0xef,0x05,0xf0,0xf0,0x40,0x08,0xdf,0x08,0xf0,0xf0,0xf0,0xf0,0x0b,0xdf,0x0a,
    0xf0,0xf0,0x30,0x01,0x0e,0xcf,0x0d,0x01,0xf0,0xf0,0xf0,0xf0,0x04,0xdf,0x0e,0xf0,0xf0,0x30,0x06,0xdf,0x06,0xf0,0xf0,0xf0,
    0xf0,0x10,0x0d,0xdf,0x04,0xf0,0xf0,0x20,0x0b,0xcf,0x0d,0xf0,0xf0,0xf0,0xf0,0x20,0x06,0xdf,0x08,0xf0,0xf0,0x10,0x02,0xdf,
    0x07,0xf0,0xf0,0xf0,0xf0,0x20,0x01,0xdf,0x0b,0xf0,0xf0,0x10,0x07,0xdf,0x01,0xf0,0xf0,0xf0,0xf0,0x30,0x0c,0xcf,0x0e,0xf0,
    0xf0,0x10,0x0b,0xcf,0x0a,0xf0,0xf0,0xf0,0xf0,0x40,0x07,0xdf,0x02,0xf0,0xf0,0x01,0xdf,0x05,0xf0,0xf0,0xf0,0xf0,0x40,0x03,
    0xdf,0x04,0xf0,0xf0,0x05,0xcf,0x0e,0xf0,0xf0,0xf0,0xf0,0x60,0x0e,0xcf,0x07,0xf0,0xf0,0x08,0xcf,0x0a,0xf0,0xf0,0xf0,0xf0,
    0x60,0x0c,0xcf,0x09,0xf0,0xf0,0x0b,0xcf,0x06,0xf0,0xf0,0xf0,0xf0,0x60,0x09,0xcf,0x0a,0xf0,0xf0,0x0e,0xcf,0x02,0xf0,0xf0,
    0xf0,0xf0,0x60,0x07,0xcf,0x0b,0xf0,0xe0,0x02,0xcf,0x0e,0xf0,0xf0,0xf0,0xf0,0x70,0x04,0xcf,0x0d,0xf0,0xe0,0x05,0xcf,0x0b,
    0xf0,0xf0,0xf0,0xf0,0x70,0x03,0xcf,0x0e,0xf0,0xe0,0x07,0xcf,0x09,0xf0,0xf0,0xf0,0xf0,0x70,0x02,0xcf,0x0e,0xf0,0xe0,0x09,
    0xcf,0x06,0xf0,0xf0,0xf0,0xf0,0x70,0x01,0xcf,0x0e,0xf0,0xe0,0x0a,0xcf,0x04,0xf0,0xf0,0xf0,0xf0,0x80,0xdf,0xf0,0xe0,0x0c,
    0xcf,0x03,0xf0,0xf0,0xf0,0xf0,0x80,0xcf,0x0e,0xf0,0xe0,0x0d,0xcf,0x02,0xf0,0xf0,0xf0,0xf0,0x80,0xcf,0x0e,0xf0,0xe0,0x0e,
    0xcf,0x01,0xf0,0xf0,0xf0,0xf0,0x80,0xcf,0x0d,0xf0,0xe0,0x0e,0xcf,0xf0,0xf0,0xf0,0xf0,0x80,0x01,0xcf,0x0c,0xf0,0xe0,0xdf,
    0xf0,0xf0,0xf0,0xf0,0x80,0x02,0xcf,0x0b,0xf0,0xe0,0xd7,0xf0,0xf0,0xf0,0xf0,0x80,0x04,0xcf,0x09,0xf0,0xf0,0xf0,0xf0,0xf0,
    0xf0,0xf0,0x50,0x06,0xcf,0x07,0xf0,0xf0,0xf0,0xf0,0xf0,0xf0,0xf0,0x50,0x08,0xcf,0x04,0xf0,0xf0,0xf0,0xf0,0xf0,0xf0,0xf0,
    0x50,0x0b,0xcf,0x01,0xf0,0xf0,0xf0,0xf0,0xf0,0xf0,0xf0,0x50,0x0e,0xbf,0x0d,0xf0,0xf0,0xf0,0xf0,0xf0,0xf0,0xf0,0x50,0x03,
    0xcf,0x0a,0xf0,0xf0,0xf0,0xf0,0xf0,0xf0,0xf0,0x50,0x07,0xcf,0x06,0xf0,0xf0,0xf0,0xf0,0xf0,0xf0,0xf0,0x50,0x0b,0xcf,0x02,
    0xf0,0xf0,0xf0,0xf0,0xf0,0xf0,0xf0,0x40,0x01,0xcf,0x0c,0xf0,0xf0,0xf0,0xf0,0xf0,0xf0,0xf0,0x50,0x06,0xcf,0x07,0xf0,0xf0,
    0xf0,0xf0,0xf0,0xf0,0xf0,0x50,0x0b,0xcf,0x02,0xf0,0xf0,0xf0,0xf0,0xf0,0xf0,0xf0,0x40,0x02,0xcf,0x0c,0xf0,0xf0,0xf0,0xf0,
    0xf0,0xf0,0xf0,0x50,0x08,0xcf,0x06,0xf0,0xf0,0xf0,0xf0,0xf0,0xf0,0xf0,0x40,0x01,0x0e,0xbf,0x0e,0x01,0xf0,0xf0,0xf0,0xf0,
    0xf0,0xf0,0xf0,0x40,0x06,0xcf,0x09,0xf0,0xf0,0xf0,0xf0,0xf0,0xf0,0xf0,0x50,0x0d,0xcf,0x03,0xf0,0xf0,0xf0,0xf0,0xf0,0xf0,
    0xf0,0x40,0x06,0xcf,0x0b,0xf0,0xf0,0xf0,0xf0,0xf0,0xf0,0xf0,0x50,0x0d,0xcf,0x04,0xf0,0xf0,0xf0,0xf0,0xf0,0xf0,0xf0,0x40,
    0x07,0xcf,0x0c,0xf0,0xf0,0xf0,0xf0,0xf0,0xf0,0xf0,0x40,0x01,0x0e,0xcf,0x04,0xf0,0xf0,0xf0,0xf0,0xf0,0xf0,0xf0,0x40,0x09,
    0xcf,0x0c,0xf0,0xf0,0xf0,0xf0,0xf0,0xf0,0xf0,0x40,0x03,0xdf,0x04,0xf0,0xf0,0xf0,0xf0,0xf0,0xf0,0xf0,0x40,0x0c,0xcf,0x0b,
    0xf0,0xf0,0xf0,0xf0,0xf0,0xf0,0xf0,0x40,0x07,0xdf,0x03,0xf0,0xf0,0xf0,0xf0,0xf0,0xf0,0xf0,0x30,0x02,0x0e,0xcf,0x09,0xf0,
    0xf0,0xf0,0xf0,0xf0,0xf0,0xf0,0x40,0x0b,0xcf,0x0e,0x01,0xf0,0xf0,0xf0,0xf0,0xf0,0xf0,0xf0,0x30,0x06,0xdf,0x06,0xf0,0xf0,
    0xf0,0xf0,0xf0,0xf0,0xf0,0x30,0x02,0x0e,0xcf,0x0c,0xf0,0xf0,0xf0,0xf0,0xf0,0xf0,0xf0,0x40,0x0c,0xdf,0x03,0xf0,0xf0,0xf0,
    0xf0,0xf0,0xf0,0xf0,0x30,0x08,0xdf,0x08,0xf0,0xf0,0xf0,0xf0,0xf0,0xf0,0xf0,0x30,0x04,0xdf,0x0c,0xf0,0xf0,0xf0,0xf0,0xf0,
    0xf0,0xf0,0x30,0x01,0x0d,0xdf,0x03,0xf0,0xf0,0xf0,0xf0,0xf0,0xf0,0xf0,0x30,0x0b,0xdf,0x08,0xf0,0xf0,0xf0,0xf0,0xf0,0xf0,
    0xf0,0x30,0x07,0xdf,0x0c,0xf0,0xf0,0xf0,0xf0,0xf0,0xf0,0xf0,0x30,0x04,0xdf,0x0e,0x02,0xf0,0xf0,0xf0,0xf0,0xf0,0xf0,0xf0,
    0x20,0x02,0x0e,0xdf,0x06,0xf0,0xf0,0xf0,0xf0,0xf0,0xf0,0xf0,0x20,0x01,0x0c,0xdf,0x0a,0xf0,0xf0,0xf0,0xf0,0xf0,0xf0,0xf0,
    0x30,0x0a,0xdf,0x0d,0x01,0xf0,0xf0,0xf0,0xf0,0xf0,0xf0,0xf0,0x20,0x07,0xef,0x03,0xf0,0xf0,0xf0,0xf0,0xf0,0xf0,0xf0,0x20,
    0x04,0xef,0x06,0xf0,0xf0,0xf0,0xf0,0xf0,0xf0,0xf0,0x20,0x02,0x0e,0xdf,0x0a,0xf0,0xf0,0xf0,0xf0,0xf0,0xf0,0xf0,0x20,0x01,
    0x0d,0xdf,0x0c,0x01,0xf0,0xf0,0xf0,0xf0,0xf0,0xf0,0xf0,0x20,0x0b,0xdf,0x0e,0x02,0xf0,0xf0,0xf0,0xf0,0xf0,0xf0,0xf0,0x20,
    0x09,0xef,0x04,0xf0,0xf0,0xf0,0xf0,0xf0,0xf0,0xf0,0x20,0x07,0xef,0x07,0xf0,0xf0,0xf0,0xf0,0xf0,0xf0,0xf0,0x20,0x05,0xef,
    0x09,0xf0,0xf0,0xf0,0xf0,0xf0,0xf0,0xf0,0x20,0x03,0xef,0x0c,0xf0,0xf0,0xf0,0xf0,0xf0,0xf0,0xf0,0x20,0x02,0x0e,0xdf,0x0d,
    0x01,0xf0,0xf0,0xf0,0xf0,0xf0,0xf0,0xf0,0x10,0x01,0x0d,0xef,0x03,0xf0,0xf0,0xf0,0xf0,0xf0,0xf0,0xf0,0x10,0x01,0x0c,0xef,
    0x05,0xf0,0xf0,0xf0,0xf0,0xf0,0xf0,0xf0,0x20,0x0a,0xef,0x07,0xf0,0xf0,0xf0,0xf0,0xf0,0xf0,0xf0,0x20,0x09,0xef,0x09,0xf0,
    0xf0,0xf0,0xf0,0xf0,0xf0,0xf0,0x20,0x07,0xef,0x0b,0xf0,0xf0,0xf0,0xf0,0xf0,0xf0,0xf0,0x20,0x05,0xef,0x0c,0x01,0xf0,0xf0,
    0xf0,0xf0,0xf0,0xf0,0xf0,0x10,0x04,0xef,0x0d,0x02,0xf0,0xf0,0xf0,0xf0,0xf0,0xf0,0xf0,0x10,0x03,0x0e,0xdf,0x0e,0x03,0xf0,
    0xf0,0xf0,0xf0,0xf0,0xf0,0xf0,0x10,0x02,0x0d,0xef,0x04,0xf0,0xf0,0xf0,0xf0,0xf0,0xf0,0xf0,0x10,0x01,0x0c,0xef,0x06,0xf0,
    0xf0,0xf0,0xf0,0xf0,0xf0,0xf0,0x20,0x0b,0xef,0x08,0xf0,0xf0,0xf0,0xf0,0xf0,0xf0,0xf0,0x20,0x09,0xef,0x09,0xf0,0xf0,0xf0,
    0xf0,0xf0,0xf0,0xf0,0x20,0x08,0xef,0x0b,0xf0,0xf0,0xf0,0xf0,0xf0,0xf0,0xf0,0x20,0x06,0xef,0x0c,0x01,0xf0,0xf0,0xf0,0xf0,
    0xf0,0xf0,0xf0,0x10,0x04,0xef,0x0d,0x01,0xf0,0xf0,0xf0,0xf0,0xf0,0xf0,0xf0,0x10,0x03,0x0e,0xdf,0x0e,0x02,0xf0,0xf0,0xf0,
    0xf0,0xf0,0xf0,0xf0,0x10,0x02,0x0e,0xdf,0x0e,0x03,0xf0,0xf0,0xf0,0xf0,0xf0,0xf0,0xf0,0x10,0x01,0x0c,0xef,0x05,0xf0,0xf0,
    0xf0,0xf0,0xf0,0xf0,0xf0,0x20,0x0b,0xef,0x06,0xf0,0xf0,0xf0,0xf0,0xf0,0xf0,0xf0,0x20,0x0a,0xef,0x08,0xf0,0xf0,0xf0,0xf0,
    0xf0,0xf0,0xf0,0x20,0x08,0xef,0x09,0xf0,0xf0,0xf0,0xf0,0xf0,0xf0,0xf0,0x20,0x06,0xef,0x0b,0xf0,0xf0,0xf0,0xf0,0xf0,0xf0,
    0xf0,0x20,0x05,0xef,0x0c,0x01,0xf0,0xf0,0xf0,0xf0,0xf0,0xf0,0xf0,0x10,0x03,0x0e,0xdf,0x0d,0x01,0xf0,0xf0,0xf0,0xf0,0xf0,
    0xf0,0xf0,0x10,0x02,0x0e,0xdf,0x0e,0x02,0xf0,0xf0,0xf0,0xf0,0xf0,0xf0,0xf0,0x10,0x01,0x0d,0xef,0x03,0xf0,0xf0,0xf0,0xf0,
    0xf0,0xf0,0xf0,0x10,0x01,0x0c,0xef,0x05,0xf0,0xf0,0xf0,0xf0,0xf0,0xf0,0xf0,0x20,0x0a,0xef,0x06,0xf0,0xf0,0xf0,0xf0,0xf0,
    0xf0,0xf0,0x20,0x09,0xef,0x08,0xf0,0xf0,0xf0,0xf0,0xf0,0xf0,0xf0,0x20,0x07,0xef,0x0a,0xf0,0xf0,0xf0,0xf0,0xf0,0xf0,0xf0,
    0x20,0x05,0xef,0x0b,0xf0,0xf0,0xf0,0xf0,0xf0,0xf0,0xf0,0x20,0x04,0xef,0x0c,0x01,0xf0,0xf0,0xf0,0xf0,0xf0,0xf0,0xf0,0x10,
    0x02,0x0e,0xdf,0x0d,0x02,0xf0,0xf0,0xf0,0xf0,0xf0,0xf0,0xf0,0x10,0x01,0x0d,0xdf,0x0e,0x02,0xf0,0xf0,0xf0,0xf0,0xf0,0xf0,
    0xf0,0x10,0x01,0x0c,0xef,0x04,0xf0,0xf0,0xf0,0xf0,0xf0,0xf0,0xf0,0x20,0x0b,0xef,0x05,0xf0,0xf0,0xf0,0xf0,0xf0,0xf0,0xf0,
    0x20,0x09,0xef,0x07,0xf0,0xf0,0xf0,0xf0,0xf0,0xf0,0xf0,0x20,0x07,0xef,0x08,0xf0,0xf0,0xf0,0xf0,0xf0,0xf0,0xf0,0x20,0x05,
    0xef,0x0a,0xf0,0xf0,0xf0,0xf0,0xf0,0xf0,0xf0,0x20,0x04,0xef,0x0b,0xf0,0xf0,0xf0,0xf0,0xf0,0xf0,0xf0,0x20,0x03,0x0e,0xdf,
    0x0c,0x01,0xf0,0xf0,0xf0,0xf0,0xf0,0xf0,0xf0,0x10,0x02,0x0d,0xdf,0x0d,0x02,0xf0,0xf0,0xf0,0xf0,0xf0,0xf0,0xf0,0x10,0x01,
    0x0c,0xdf,0x0e,0x03,0xf0,0xf0,0xf0,0xf0,0xf0,0xf0,0xf0,0x20,0x0b,0xef,0x04,0xf0,0xf0,0xf0,0xf0,0xf0,0xf0,0xf0,0x20,0x0a,
    0xef,0x05,0xf0,0xf0,0xf0,0xf0,0xf0,0xf0,0xf0,0x20,0x08,0xef,0x07,0xf0,0xf0,0xf0,0xf0,0xf0,0xf0,0xf0,0x20,0x06,0xef,0x09,
    0xf0,0xf0,0xf0,0xf0,0xf0,0xf0,0xf0,0x20,0x04,0xef,0x0a,0xf0,0xf0,0xf0,0xf0,0xf0,0xf0,0xf0,0x20,0x03,0x0e,0xdf,0x0b,0xf0,
    0xf0,0xf0,0xf0,0xf0,0xf0,0xf0,0x20,0x02,0x0e,0xdf,0x0d,0x01,0xf0,0xf0,0xf0,0xf0,0xf0,0xf0,0xf0,0x10,0x01,0x0d,0xdf,0x0e,
    0x02,0xf0,0xf0,0xf0,0xf0,0xf0,0xf0,0xf0,0x20,0x0b,0xdf,0x0e,0x03,0xf0,0xf0,0xf0,0xf0,0xf0,0xf0,0xf0,0x20,0x0a,0xef,0x04,
    0xf0,0xf0,0xf0,0xf0,0xf0,0xf0,0xf0,0x20,0x08,0xef,0x05,0xf0,0xf0,0xf0,0xf0,0xf0,0xf0,0xf0,0x20,0x06,0xef,0x07,0xf0,0xf0,
    0xf0,0xf0,0xf0,0xf0,0xf0,0x20,0x05,0xef,0x09,0xf0,0xf0,0xf0,0xf0,0xf0,0xf0,0xf0,0x20,0x03,0x0e,0xdf,0x0a,0xf0,0xf0,0xf0,
    0xf0,0xf0,0xf0,0xf0,0x20,0x02,0x0e,0xdf,0x0c,0x01,0xf0,0xf0,0xf0,0xf0,0xf0,0xf0,0xf0,0x10,0x01,0x0d,0xdf,0x0d,0x01,0xf0,
    0xf0,0xf0,0xf0,0xf0,0xf0,0xf0,0x10,0x01,0x0c,0xdf,0x0e,0x02,0xf0,0xf0,0xf0,0xf0,0xf0,0xf0,0xf0,0x20,0x0a,0xdf,0x0e,0x03,
    0xf0,0xf0,0xf0,0xf0,0xf0,0xf0,0xf0,0x20,0x09,0xef,0x05,0xf1,0xf1,0xf1,0xf1,0xf1,0x81,0xf0,0x90,0x07,0xff,0xff,0xff,0xff,
    0xff,0xff,0x9f,0xf0,0x90,0xff,0xff,0xff,0xff,0xff,0xff,0xaf,0xf0,0x90,0xff,0xff,0xff,0xff,0xff,0xff,0xaf,0xf0,0x90,0xff,
    0xff,0xff,0xff,0xff,0xff,0xaf,0xf0,0x90,0xff,0xff,0xff,0xff,0xff,0xff,0xaf,0xf0,0x90,0xff,0xff,0xff,0xff,0xff,0xff,0xaf,
    0xf0,0x90,0xff,0xff,0xff,0xff,0xff,0xff,0xaf,0xf0,0x90,0xff,0xff,0xff,0xff,0xff,0xff,0xaf,0xf0,0x90,0xff,0xff,0xff,0xff,
    0xff,0xff,0xaf,0xf0,0x90,0xff,0xff,0xff,0xff,0xff,0xff,0xaf,0xf0,0x90,0xff,0xff,0xff,0xff,0xff,0xff,0xaf,0xf0,0x90,0xff,
    0xff,0xff,0xff,0xff,0xff,0xaf,0x90,0xf0,0xf0,0xf0,0xf0,0x00,0x11,0xf0,0xf0,0xf0,0xf0,0xf0,0xf0,0xf0,0x80,0x03,0x05,0x07,
    0x09,0x0b,0x0c,0x0d,0x0e,0x6f,0x0e,0x0d,0x0c,0x0b,0x09,0x07,0x05,0x03,0x01,0xf0,0xf0,0xf0,0xf0,0xf0,0xf0,0x70,0x01,0x05,
    0x09,0x0c,0xff,0x8f,0x0d,0x0a,0x06,0x03,0xf0,0xf0,0xf0,0xf0,0xf0,0xf0,0x00,0x03,0x08,0x0c,0xff,0xff,0x0f,0x0e,0x0a,0x05,
    0x01,0xf0,0xf0,0xf0,0xf0,0xf0,0x90,0x02,0x08,0x0d,0xff,0xff,0x7f,0x0a,0x04,0xf0,0xf0,0xf0,0xf0,0xf0,0x50,0x04,0x0b,0xff,
    0xff,0xcf,0x0d,0x07,0x01,0xf0,0xf0,0xf0,0xf0,0xf0,0x00,0x05,0x0c,0xff,0xff,0xff,0x0f,0x0e,0x08,0x01,0xf0,0xf0,0xf0,0xf0,
    0xc0,0x05,0x0d,0xff,0xff,0xff,0x4f,0x0e,0x07,0x01,0xf0,0xf0,0xf0,0xf0,0x80,0x03,0x0b,0xff,0xff,0xff,0x8f,0x0d,0x05,0xf0,
    0xf0,0xf0,0xf0,0x60,0x08,0xff,0xff,0xff,0xcf,0x0a,0x01,0xf0,0xf0,0xf0,0xf0,0x20,0x03,0x0d,0xff,0xff,0xff,0xef,0x0d,0x04,
    0xf0,0xf0,0xf0,0xf0,0x00,0x07,0xff,0xff,0xff,0xff,0x2f,0x07,0xf0,0xf0,0xf0,0xd0,0x01,0x0a,0xff,0xff,0xff,0xff,0x4f,0x09,
    0xf0,0xf0,0xf0,0xb0,0x01,0x0c,0xff,0x8f,0x0e,0x0c,0x09,0x07,0x05,0x03,0x02,0x11,0x20,0x11,0x02,0x03,0x05,0x07,0x09,0x0b,
    0x0e,0xff,0x8f,0x0b,0xf0,0xf0,0xf0,0x90,0x02,0x0d,0xff,0x6f,0x0b,0x07,0x03,0xf0,0x40,0x02,0x05,0x09,0x0d,0xff,0x5f,0x0b,
    0xf0,0xf0,0xf0,0x70,0x02,0x0d,0xff,0x4f,0x0b,0x05,0x01,0xf0,0xb0,0x03,0x09,0x0e,0xff,0x3f,0x0a,0xf0,0xf0,0xf0,0x50,0x02,
    0x0e,0xff,0x2f,0x0e,0x08,0x02,0xf0,0xf0,0x00,0x01,0x06,0x0d,0xff,0x2f,0x08,0xf0,0xf0,0xf0,0x30,0x01,0x0d,0xff,0x2f,0x08,
    0x01,0xf0,0xf0,0x50,0x06,0x0e,0xff,0x1f,0x06,0xf0,0xf0,0xf0,0x20,0x0c,0xff,0x1f,0x0b,0x02,0xf0,0xf0,0x80,0x02,0x0b,0xff,
    0x1f,0x03,0xf0,0xf0,0xf0,0x00,0x09,0xff,0x0f,0x0e,0x04,0xf0,0xf0,0xc0,0x05,0x0e,0xff,0x0d,0x01,0xf0,0xf0,0xe0,0x06,0xff,
    0x0f,0x0c,0x01,0xf0,0xf0,0xe0,0x02,0x0d,0xff,0x09,0xf0,0xf0,0xd0,0x02,0x0e,0xff,0x09,0xf0,0xf0,0xf0,0x10,0x01,0x0c,0xff,
    0x03,0xf0,0xf0,0xc0,0x0c,0xff,0x06,0xf0,0xf0,0xf0,0x30,0x01,0x0b,0xef,0x0c,0xf0,0xf0,0xb0,0x07,0xff,0x06,0xf0,0xf0,0xf0,
    0x50,0x01,0x0d,0xef,0x06,0xf0,0xf0,0x90,0x01,0x0e,0xef,0x07,0xf0,0xf0,0xf0,0x70,0x02,0x0e,0xdf,0x0d,0xf0,0xf0,0x90,0x09,
    0xef,0x08,0xf0,0xf0,0xf0,0x90,0x04,0xef,0x06,0xf0,0xf0,0x70,0x02,0xef,0x0b,0xf0,0xf0,0xf0,0xb0,0x09,0xdf,0x0d,0xf0,0xf0,
    0x70,0x09,0xdf,0x0e,0x02,0xf0,0xf0,0xf0,0xb0,0x01,0x0e,0xdf,0x04,0xf0,0xf0,0x50,0x02,0xef,0x05,0xf0,0xf0,0xf0,0xd0,0x06,
    0xdf,0x0a,0xf0,0xf0,0x50,0x08,0xdf,0x09,0xf0,0xf0,0xf0,0xf0,0x0d,0xdf,0x01,0xf0,0xf0,0x40,0x0e,0xcf,0x0e,0x01,0xf0,0xf0,
    0xf0,0xf0,0x06,0xdf,0x06,0xf0,0xf0,0x30,0x05,0xdf,0x08,0xf0,0xf0,0xf0,0xf0,0x00,0x01,0x0e,0xcf,0x0a,0xf0,0xf0,0x30,0x0a,
    0xcf,0x0e,0x01,0xf0,0xf0,0xf0,0xf0,0x10,0x09,0xcf,0x0e,0xf0,0xf0,0x30,0x0e,0xcf,0x09,0xf0,0xf0,0xf0,0xf0,0x20,0x03,0xdf,
    0x04,0xf0,0xf0,0x10,0x04,0xdf,0x03,0xf0,0xf0,0xf0,0xf0,0x30,0x0d,0xcf,0x07,0xf0,0xf0,0x10,0x08,0xcf,0x0d,0xf0,0xf0,0xf0,
    0xf0,0x40,0x09,0xcf,0x0b,0xf0,0xf0,0x10,0x0c,0xcf,0x08,0xf0,0xf0,0xf0,0xf0,0x40,0x05,0xcf,0x0e,0xf0,0xf0,0x10,0xdf,0x03,
    0xf0,0xf0,0xf0,0xf0,0x40,0x01,0xdf,0x01,0xf0,0xf0,0x03,0xcf,0x0e,0xf0,0xf0,0xf0,0xf0,0x60,0x0d,0xcf,0x04,0xf0,0xf0,0x05,
    0xcf,0x0b,0xf0,0xf0,0xf0,0xf0,0x60,0x0a,0xcf,0x06,0xf0,0xf0,0x08,0xcf,0x09,0xf0,0xf0,0xf0,0xf0,0x60,0x08,0xcf,0x08,0xf0,
    0xf0,0x0a,0xcf,0x06,0xf0,0xf0,0xf0,0xf0,0x60,0x06,0xcf,0x09,0xf0,0xf0,0x0b,0xcf,0x04,0xf0,0xf0,0xf0,0xf0,0x60,0x04,0xcf,
    0x0b,0xf0,0xf0,0x0c,0xcf,0x02,0xf0,0xf0,0xf0,0xf0,0x60,0x03,0xcf,0x0c,0xf0,0xf0,0x0e,0xcf,0x01,0xf0,0xf0,0xf0,0xf0,0x60,
    0x02,0xcf,0x0d,0xf0,0xf0,0x0e,0xcf,0xf0,0xf0,0xf0,0xf0,0x70,0x01,0xcf,0x0d,0xf0,0xf0,0xdf,0xf0,0xf0,0xf0,0xf0,0x70,0x01,
    0xcf,0x0e,0xf0,0xf0,0x0a,0xbb,0x0a,0xf0,0xf0,0xf0,0xf0,0x80,0xcf,0x0e,0xf0,0xf0,0xf0,0xf0,0xf0,0xf0,0xf0,0x50,0x01,0xcf,
    0x0e,0xf0,0xf0,0xf0,0xf0,0xf0,0xf0,0xf0,0x50,0x01,0xcf,0x0d,0xf0,0xf0,0xf0,0xf0,0xf0,0xf0,0xf0,0x50,0x02,0xcf,0x0c,0xf0,
    0xf0,0xf0,0xf0,0xf0,0xf0,0xf0,0x50,0x04,0xcf,0x0b,0xf0,0xf0,0xf0,0xf0,0xf0,0xf0,0xf0,0x50,0x06,0xcf,0x0a,0xf0,0xf0,0xf0,
    0xf0,0xf0,0xf0,0xf0,0x50,0x08,0xcf,0x07,0xf0,0xf0,0xf0,0xf0,0xf0,0xf0,0xf0,0x50,0x0c,0xcf,0x05,0xf0,0xf0,0xf0,0xf0,0xf0,
    0xf0,0xf0,0x50,0xdf,0x02,0xf0,0xf0,0xf0,0xf0,0xf0,0xf0,0xf0,0x40,0x04,0xcf,0x0d,0xf0,0xf0,0xf0,0xf0,0xf0,0xf0,0xf0,0x50,
    0x09,0xcf,0x09,0xf0,0xf0,0xf0,0xf0,0xf0,0xf0,0xf0,0x50,0x0e,0xcf,0x05,0xf0,0xf0,0xf0,0xf0,0xf0,0xf0,0xf0,0x40,0x05,0xdf,
    0x01,0xf0,0xf0,0xf0,0xf0,0xf0,0xf0,0xf0,0x40,0x0b,0xcf,0x0a,0xf0,0xf0,0xf0,0xf0,0xf0,0xf0,0xf0,0x40,0x03,0xdf,0x04,0xf0,
    0xf0,0xf0,0xf0,0xf0,0xf0,0xf0,0x40,0x0b,0xcf,0x0d,0xf0,0xf0,0xf0,0xf0,0xf0,0xf0,0xf0,0x40,0x04,0xdf,0x07,0xf0,0xf0,0xf0,
    0xf0,0xf0,0xf0,0xf0,0x30,0x01,0x0d,0xcf,0x0e,0x01,0xf0,0xf0,0xf0,0xf0,0xf0,0xf0,0xf0,0x30,0x09,0xdf,0x07,0xf0,0xf0,0xf0,
    0xf0,0xf0,0xf0,0xf0,0x30,0x05,0xdf,0x0e,0x01,0xf0,0xf0,0xf0,0xf0,0xf0,0xf0,0xf0,0x20,0x03,0x0e,0xdf,0x05,0xf0,0xf0,0xf0,
    0xf0,0xf0,0xf0,0xf0,0x20,0x02,0x0d,0xdf,0x0a,0xf0,0xf0,0xf0,0xf0,0xf0,0xf0,0xf0,0x20,0x02,0x0d,0xdf,0x0e,0x01,0xf0,0xf0,
    0xf0,0xf0,0xf0,0xf0,0xf0,0x10,0x02,0x0d,0xef,0x05,0xf0,0xf0,0xf0,0xf0,0xf0,0xf0,0xf0,0x10,0x04,0x0e,0xef,0x08,0xf0,0xf0,
    0xf0,0xf0,0xf0,0xf0,0xf0,0x10,0x08,0xff,0x0b,0xf0,0xf0,0xf0,0xf0,0xf0,0xf0,0xf0,0x00,0x02,0x0c,0xff,0x0d,0x01,0xf0,0xf0,
    0xf0,0xf0,0xf0,0xf0,0xe0,0x01,0x08,0xff,0x0f,0x0d,0x01,0xf0,0xf0,0xf0,0xf0,0xf0,0xf0,0xe0,0x06,0x0e,0xff,0x0f,0x0d,0x02,
    0xf0,0xf0,0xf0,0xf0,0xf0,0xf0,0xc0,0x01,0x07,0x0d,0xff,0x1f,0x0d,0x02,0xf0,0xf0,0xf0,0xf0,0xf0,0xf0,0xb0,0x04,0x0a,0xff,
    0x3f,0x0b,0x01,0xf0,0xf0,0xf0,0xf0,0xf0,0xf0,0x80,0x03,0x06,0x0a,0x0e,0xff,0x4f,0x09,0xf0,0xf0,0xf0,0xf0,0xf0,0xf0,0x30,
    0x01,0x03,0x04,0x06,0x09,0x0b,0x0e,0xff,0x6f,0x0e,0x06,0xf0,0xf0,0xf0,0xf0,0xf0,0x00,0x0b,0xec,0x1d,0x0e,0xff,0xdf,0x0b,
    0x02,0xf0,0xf0,0xf0,0xf0,0xf0,0x10,0x0e,0xff,0xff,0xdf,0x0e,0x07,0xf0,0xf0,0xf0,0xf0,0xf0,0x30,0x0e,0xff,0xff,0xcf,0x0a,
    0x02,0xf0,0xf0,0xf0,0xf0,0xf0,0x40,0xff,0xff,0xbf,0x0b,0x03,0xf0,0xf0,0xf0,0xf0,0xf0,0x60,0xff,0xff,0x9f,0x0a,0x03,0xf0,
    0xf0,0xf0,0xf0,0xf0,0x80,0xff,0xff,0x7f,0x08,0x02,0xf0,0xf0,0xf0,0xf0,0xf0,0xa0,0xff,0xff,0x7f,0x0b,0x06,0x01,0xf0,0xf0,
    0xf0,0xf0,0xf0,0x90,0xff,0xff,0xaf,0x0a,0x05,0xf0,0xf0,0xf0,0xf0,0xf0,0x70,0xff,0xff,0xcf,0x0e,0x07,0x01,0xf0,0xf0,0xf0,
    0xf0,0xf0,0x40,0xff,0xff,0xef,0x0e,0x08,0x01,0xf0,0xf0,0xf0,0xf0,0xf0,0x20,0x0e,0xff,0xff,0xff,0x0e,0x08,0x01,0xf0,0xf0,
    0xf0,0xf0,0xf0,0x00,0x0e,0xff,0xff,0xff,0x1f,0x0d,0x04,0xf0,0xf0,0xf0,0xf0,0xf0,0x09,0xda,0x0b,0x1c,0x1d,0x0e,0xff,0xff,
    0x0a,0x01,0xf0,0xf0,0xf0,0xf0,0xf0,0xf0,0x20,0x01,0x02,0x04,0x06,0x08,0x0a,0x0d,0xff,0x9f,0x0e,0x04,0xf0,0xf0,0xf0,0xf0,
    0xf0,0xf0,0x80,0x01,0x04,0x08,0x0b,0xff,0x7f,0x06,0xf0,0xf0,0xf0,0xf0,0xf0,0xf0,0xb0,0x01,0x05,0x0a,0x0e,0xff,0x4f,0x09,
    0xf0,0xf0,0xf0,0xf0,0xf0,0xf0,0xe0,0x05,0x0b,0xff,0x3f,0x0a,0xf0,0xf0,0xf0,0xf0,0xf0,0xf0,0xf0,0x02,0x09,0xff,0x2f,0x0a,
    0xf0,0xf0,0xf0,0xf0,0xf0,0xf0,0xf0,0x00,0x02,0x09,0xff,0x1f,0x0a,0xf0,0xf0,0xf0,0xf0,0xf0,0xf0,0xf0,0x10,0x03,0x0c,0xff,
    0x0f,0x09,0xf0,0xf0,0xf0,0xf0,0xf0,0xf0,0xf0,0x20,0x08,0xff,0x0f,0x05,0xf0,0xf0,0xf0,0xf0,0xf0,0xf0,0xf0,0x20,0x04,0x0e,
    0xef,0x0e,0x03,0xf0,0xf0,0xf0,0xf0,0xf0,0xf0,0xf0,0x20,0x02,0x0d,0xef,0x0d,0x01,0xf0,0xf0,0xf0,0xf0,0xf0,0xf0,0xf0,0x20,
    0x02,0x0d,0xef,0x08,0xf0,0xf0,0xf0,0xf0,0xf0,0xf0,0xf0,0x30,0x02,0x0d,0xef,0x03,0xf0,0xf0,0xf0,0xf0,0xf0,0xf0,0xf0,0x30,
    0x02,0x0e,0xdf,0x0b,0xf0,0xf0,0xf0,0xf0,0xf0,0xf0,0xf0,0x40,0x04,0xef,0x04,0xf0,0xf0,0xf0,0xf0,0xf0,0xf0,0xf0,0x40,0x08,
    0xdf,0x0b,0xf0,0xf0,0xf0,0xf0,0xf0,0xf0,0xf0,0x50,0x0d,0xdf,0x03,0xf0,0xf0,0xf0,0xf0,0xf0,0xf0,0xf0,0x40,0x04,0xdf,0x0a,
    0xf0,0xf0,0xf0,0xf0,0xf0,0xf0,0xf0,0x50,0x0b,0xdf,0x01,0xf0,0xf0,0xf0,0xf0,0xf0,0xf0,0xf0,0x40,0x03,0xdf,0x06,0xf0,0xf0,
    0xf0,0xf0,0xf0,0xf0,0xf0,0x50,0x0b,0xcf,0x0b,0xf0,0xf0,0xf0,0xf0,0xf0,0xf0,0xf0,0x50,0x05,0xdf,0x01,0xf0,0xf0,0xf0,0xf0,
    0xf0,0xf0,0xf0,0x50,0x0e,0xcf,0x05,0xf0,0xf0,0xf0,0xf0,0xf0,0xf0,0xf0,0x50,0x0a,0xcf,0x09,0xf0,0xf0,0xf0,0xf0,0xf0,0xf0,
    0xf0,0x50,0x05,0xcf,0x0c,0xf0,0xf0,0xf0,0xf0,0xf0,0xf0,0xf0,0x50,0x01,0xdf,0x01,0xf0,0xf0,0xf0,0xf0,0xf0,0xf0,0xf0,0x50,
    0x0d,0xcf,0x04,0xf0,0xf0,0xf0,0xf0,0xf0,0xf0,0xf0,0x50,0x0a,0xcf,0x06,0xf0,0xf0,0xf0,0xf0,0xf0,0xf0,0xf0,0x50,0x08,0xcf,
    0x08,0xf0,0xf0,0xf0,0xf0,0xf0,0xf0,0xf0,0x50,0x05,0xcf,0x0a,0xf0,0xf0,0xf0,0xf0,0xf0,0xf0,0xf0,0x50,0x04,0xcf,0x0c,0xf0,
    0xf0,0xf0,0xf0,0xf0,0xf0,0xf0,0x50,0x02,0xcf,0x0d,0xf0,0xf0,0xf0,0xf0,0xf0,0xf0,0xf0,0x50,0x01,0xcf,0x0d,0xf0,0xf0,0xf0,
    0xf0,0xf0,0xf0,0xf0,0x60,0xcf,0x0e,0xf0,0xf0,0xf0,0xf0,0xf0,0xf0,0xf0,0x60,0xdf,0xf0,0x90,0xd9,0xf0,0xf0,0xf0,0xf0,0xe0,
    0x0e,0xcf,0xf0,0x90,0xdf,0xf0,0xf0,0xf0,0xf0,0xe0,0xcf,0x0e,0xf0,0x90,0x0e,0xcf,0xf0,0xf0,0xf0,0xf0,0xe0,0xcf,0x0d,0xf0,
    0x90,0x0e,0xcf,0x01,0xf0,0xf0,0xf0,0xf0,0xd0,0xcf,0x0d,0xf0,0x90,0x0d,0xcf,0x02,0xf0,0xf0,0xf0,0xf0,0xc0,0x02,0xcf,0x0c,
    0xf0,0x90,0x0c,0xcf,0x04,0xf0,0xf0,0xf0,0xf0,0xc0,0x03,0xcf,0x0b,0xf0,0x90,0x0a,0xcf,0x06,0xf0,0xf0,0xf0,0xf0,0xc0,0x04,
    0xcf,0x0a,0xf0,0x90,0x08,0xcf,0x09,0xf0,0xf0,0xf0,0xf0,0xc0,0x06,0xcf,0x08,0xf0,0x90,0x06,0xcf,0x0b,0xf0,0xf0,0xf0,0xf0,
    0xc0,0x08,0xcf,0x06,0xf0,0x90,0x04,0xdf,0xf0,0xf0,0xf0,0xf0,0xc0,0x0b,0xcf,0x04,0xf0,0x90,0x01,0xdf,0x04,0xf0,0xf0,0xf0,
    0xf0,0xb0,0x0d,0xcf,0x02,0xf0,0xa0,0x0e,0xcf,0x08,0xf0,0xf0,0xf0,0xf0,0xa0,0x01,0xcf,0x0e,0xf0,0xb0,0x0a,0xcf,0x0d,0xf0,
    0xf0,0xf0,0xf0,0xa0,0x05,0xcf,0x0a,0xf0,0xb0,0x06,0xdf,0x03,0xf0,0xf0,0xf0,0xf0,0x90,0x09,0xcf,0x07,0xf0,0xb0,0x03,0xdf,
    0x09,0xf0,0xf0,0xf0,0xf0,0x90,0x0e,0xcf,0x03,0xf0,0xc0,0x0d,0xcf,0x0e,0x01,0xf0,0xf0,0xf0,0xf0,0x70,0x04,0xcf,0x0e,0xf0,
    0xd0,0x08,0xdf,0x08,0xf0,0xf0,0xf0,0xf0,0x70,0x0a,0xcf,0x0a,0xf0,0xd0,0x03,0xdf,0x0e,0x01,0xf0,0xf0,0xf0,0xf0,0x50,0x01,
    0xdf,0x05,0xf0,0xe0,0x0c,0xdf,0x09,0xf0,0xf0,0xf0,0xf0,0x50,0x07,0xcf,0x0e,0xf0,0xf0,0x06,0xef,0x03,0xf0,0xf0,0xf0,0xf0,
    0x30,0x01,0x0e,0xcf,0x09,0xf0,0xf0,0x01,0x0e,0xdf,0x0d,0x01,0xf0,0xf0,0xf0,0xf0,0x20,0x08,0xdf,0x04,0xf0,0xf0,0x00,0x08,
    0xef,0x09,0xf0,0xf0,0xf0,0xf0,0x10,0x02,0xdf,0x0c,0xf0,0xf0,0x10,0x01,0x0e,0xef,0x05,0xf0,0xf0,0xf0,0xf0,0x00,0x0b,0xdf,
    0x05,0xf0,0xf0,0x20,0x06,0xef,0x0e,0x03,0xf0,0xf0,0xf0,0xe0,0x07,0xdf,0x0c,0xf0,0xf0,0x40,0x0c,0xef,0x0e,0x02,0xf0,0xf0,
    0xf0,0xc0,0x04,0xef,0x05,0xf0,0xf0,0x40,0x04,0xff,0x0e,0x02,0xf0,0xf0,0xf0,0xa0,0x02,0x0e,0xdf,0x0c,0xf0,0xf0,0x60,0x09,
    0xff,0x0d,0x02,0xf0,0xf0,0xf0,0x80,0x02,0x0d,0xef,0x03,0xf0,0xf0,0x60,0x01,0x0d,0xff,0x0e,0x04,0xf0,0xf0,0xf0,0x60,0x02,
    0x0d,0xef,0x08,0xf0,0xf0,0x80,0x03,0xff,0x1f,0x07,0xf0,0xf0,0xf0,0x40,0x03,0x0e,0xef,0x0d,0x01,0xf0,0xf0,0x90,0x07,0xff,
    0x1f,0x0b,0x01,0xf0,0xf0,0xf0,0x10,0x06,0x0e,0xff,0x04,0xf0,0xf0,0xb0,0x0a,0xff,0x1f,0x0e,0x06,0xf0,0xf0,0xe0,0x01,0x0a,
    0xff,0x0f,0x07,0xf0,0xf0,0xd0,0x0b,0xff,0x2f,0x0c,0x04,0xf0,0xf0,0xb0,0x06,0x0e,0xff,0x0f,0x0a,0xf0,0xf0,0xe0,0x01,0x0c,
    0xff,0x3f,0x0a,0x03,0xf0,0xf0,0x70,0x05,0x0d,0xff,0x1f,0x0c,0x01,0xf0,0xf0,0xf0,0x01,0x0c,0xff,0x4f,0x0b,0x05,0xf0,0xf0,
    0x20,0x01,0x06,0x0d,0xff,0x2f,0x0c,0x01,0xf0,0xf0,0xf0,0x10,0x01,0x0b,0xff,0x5f,0x0e,0x09,0x04,0xf0,0xc0,0x01,0x05,0x0a,
    0xff,0x4f,0x0c,0x01,0xf0,0xf0,0xf0,0x40,0x0a,0xff,0x7f,0x0e,0x0a,0x06,0x03,0xf0,0x40,0x01,0x04,0x07,0x0b,0xff,0x6f,0x0c,
    0x01,0xf0,0xf0,0xf0,0x60,0x08,0xff,0xbf,0x0c,0x0a,0x08,0x06,0x04,0x03,0x12,0x31,0x02,0x03,0x04,0x05,0x07,0x08,0x0b,0x0d,
    0xff,0x9f,0x0b,0x01,0xf0,0xf0,0xf0,0x80,0x04,0x0e,0xff,0xff,0xff,0xff,0x6f,0x09,0xf0,0xf0,0xf0,0xb0,0x01,0x0a,0xff,0xff,
    0xff,0xff,0x4f,0x06,0xf0,0xf0,0xf0,0xe0,0x06,0x0e,0xff,0xff,0xff,0xff,0x0f,0x0c,0x03,0xf0,0xf0,0xf0,0xf0,0x00,0x01,0x09,
    0xff,0xff,0xff,0xdf,0x0e,0x07,0xf0,0xf0,0xf0,0xf0,0x40,0x03,0x0b,0xff,0xff,0xff,0xaf,0x0b,0x02,0xf0,0xf0,0xf0,0xf0,0x70,
    0x04,0x0b,0xff,0xff,0xff,0x6f,0x0c,0x04,0xf0,0xf0,0xf0,0xf0,0xb0,0x03,0x0a,0xff,0xff,0xff,0x2f,0x0c,0x04,0xf0,0xf0,0xf0,
    0xf0,0xf0,0x02,0x08,0x0d,0xff,0xff,0xcf,0x0e,0x09,0x03,0xf0,0xf0,0xf0,0xf0,0xf0,0x40,0x04,0x09,0x0e,0xff,0xff,0x7f,0x0b,
    0x06,0x01,0xf0,0xf0,0xf0,0xf0,0xf0,0x90,0x03,0x07,0x0c,0xff,0xff,0x0f,0x0e,0x0a,0x05,0x01,0xf0,0xf0,0xf0,0xf0,0xf0,0xf0,
    0x01,0x04,0x07,0x0a,0x0d,0xff,0x7f,0x0c,0x09,0x06,0x03,0xf0,0xf0,0xf0,0xf0,0xf0,0xf0,0x80,0x01,0x04,0x05,0x07,0x09,0x0b,
    0x0c,0x1d,0x1e,0x1f,0x1e,0x0d,0x0c,0x0b,0x0a,0x08,0x06,0x05,0x03,0xf0,0xf0,0xf0,0x60,0xf0,0xf0,0xf0,0xf0,0xf0,0x50,0x04,
    0x08,0x9f,0x09,0x18,0x07,0xf0,0xf0,0xf0,0xf0,0xf0,0xf0,0xf0,0x30,0x02,0x0e,0xdf,0x0e,0xf0,0xf0,0xf0,0xf0,0xf0,0xf0,0xf0,
    0x30,0x0b,0xef,0x0e,0xf0,0xf0,0xf0,0xf0,0xf0,0xf0,0xf0,0x20,0x06,0xff,0x0e,0xf0,0xf0,0xf0,0xf0,0xf0,0xf0,0xf0,0x10,0x02,
    0x0e,0xff,0x0e,0xf0,0xf0,0xf0,0xf0,0xf0,0xf0,0xf0,0x10,0x0b,0xff,0x0f,0x0e,0xf0,0xf0,0xf0,0xf0,0xf0,0xf0,0xf0,0x00,0x06,
    0xff,0x1f,0x0e,0xf0,0xf0,0xf0,0xf0,0xf0,0xf0,0xf0,0x02,0x0e,0xff,0x1f,0x0e,0xf0,0xf0,0xf0,0xf0,0xf0,0xf0,0xf0,0x0b,0xff,
    0x2f,0x0e,0xf0,0xf0,0xf0,0xf0,0xf0,0xf0,0xe0,0x06,0xff,0x3f,0x0e,0xf0,0xf0,0xf0,0xf0,0xf0,0xf0,0xd0,0x01,0x0e,0xff,0x3f,
    0x0e,0xf0,0xf0,0xf0,0xf0,0xf0,0xf0,0xd0,0x0a,0xff,0x4f,0x0e,0xf0,0xf0,0xf0,0xf0,0xf0,0xf0,0xc0,0x05,0xff,0x5f,0x0e,0xf0,
    0xf0,0xf0,0xf0,0xf0,0xf0,0xb0,0x01,0x0e,0xff,0x5f,0x0e,0xf0,0xf0,0xf0,0xf0,0xf0,0xf0,0xb0,0x0a,0xff,0x6f,0x0e,0xf0,0xf0,
    0xf0,0xf0,0xf0,0xf0,0xa0,0x05,0xff,0x7f,0x0e,0xf0,0xf0,0xf0,0xf0,0xf0,0xf0,0x90,0x01,0x0e,0xff,0x7f,0x0e,0xf0,0xf0,0xf0,
    0xf0,0xf0,0xf0,0x90,0x0a,0xff,0x8f,0x0e,0xf0,0xf0,0xf0,0xf0,0xf0,0xf0,0x80,0x05,0xbf,0x0d,0xcf,0x0e,0xf0,0xf0,0xf0,0xf0,
    0xf0,0xf0,0x70,0x01,0x0e,0xbf,0x05,0xcf,0x0e,0xf0,0xf0,0xf0,0xf0,0xf0,0xf0,0x70,0x0a,0xbf,0x0b,0x00,0xcf,0x0e,0xf0,0xf0,
    0xf0,0xf0,0xf0,0xf0,0x60,0x05,0xcf,0x03,0x00,0xcf,0x0e,0xf0,0xf0,0xf0,0xf0,0xf0,0xf0,0x50,0x01,0x0e,0xbf,0x09,0x10,0xcf,
    0x0e,0xf0,0xf0,0xf0,0xf0,0xf0,0xf0,0x50,0x0a,0xbf,0x0e,0x01,0x10,0xcf,0x0e,0xf0,0xf0,0xf0,0xf0,0xf0,0xf0,0x40,0x05,0xcf,
    0x07,0x20,0xcf,0x0e,0xf0,0xf0,0xf0,0xf0,0xf0,0xf0,0x30,0x01,0x0e,0xbf,0x0d,0x30,0xcf,0x0e,0xf0,0xf0,0xf0,0xf0,0xf0,0xf0,
    0x30,0x0a,0xcf,0x05,0x30,0xcf,0x0e,0xf0,0xf0,0xf0,0xf0,0xf0,0xf0,0x20,0x04,0xcf,0x0b,0x40,0xcf,0x0e,0xf0,0xf0,0xf0,0xf0,
    0xf0,0xf0,0x10,0x01,0x0d,0xcf,0x02,0x40,0xcf,0x0e,0xf0,0xf0,0xf0,0xf0,0xf0,0xf0,0x10,0x09,0xcf,0x08,0x50,0xcf,0x0e,0xf0,
    0xf0,0xf0,0xf0,0xf0,0xf0,0x00,0x04,0xcf,0x0d,0x01,0x50,0xcf,0x0e,0xf0,0xf0,0xf0,0xf0,0xf0,0xf0,0x01,0x0d,0xcf,0x04,0x60,
    0xcf,0x0e,0xf0,0xf0,0xf0,0xf0,0xf0,0xf0,0x09,0xcf,0x09,0x70,0xcf,0x0e,0xf0,0xf0,0xf0,0xf0,0xf0,0xe0,0x04,0xcf,0x0d,0x01,
    0x70,0xcf,0x0e,0xf0,0xf0,0xf0,0xf0,0xf0,0xd0,0x01,0x0d,0xcf,0x04,0x80,0xcf,0x0e,0xf0,0xf0,0xf0,0xf0,0xf0,0xd0,0x09,0xcf,
    0x09,0x90,0xcf,0x0e,0xf0,0xf0,0xf0,0xf0,0xf0,0xc0,0x04,0xcf,0x0d,0x01,0x90,0xcf,0x0e,0xf0,0xf0,0xf0,0xf0,0xf0,0xb0,0x01,
    0x0d,0xcf,0x04,0xa0,0xcf,0x0e,0xf0,0xf0,0xf0,0xf0,0xf0,0xb0,0x09,0xcf,0x0a,0xb0,0xcf,0x0e,0xf0,0xf0,0xf0,0xf0,0xf0,0xa0,
    0x04,0xcf,0x0e,0x01,0xb0,0xcf,0x0e,0xf0,0xf0,0xf0,0xf0,0xf0,0x90,0x01,0x0d,0xcf,0x05,0xc0,0xcf,0x0e,0xf0,0xf0,0xf0,0xf0,
    0xf0,0x90,0x09,0xcf,0x0a,0xd0,0xcf,0x0e,0xf0,0xf0,0xf0,0xf0,0xf0,0x80,0x04,0xcf,0x0e,0x01,0xd0,0xcf,0x0e,0xf0,0xf0,0xf0,
    0xf0,0xf0,0x70,0x01,0x0d,0xcf,0x05,0xe0,0xcf,0x0e,0xf0,0xf0,0xf0,0xf0,0xf0,0x70,0x09,0xcf,0x0a,0xf0,0xcf,0x0e,0xf0,0xf0,
    0xf0,0xf0,0xf0,0x60,0x04,0xcf,0x0e,0x01,0xf0,0xcf,0x0e,0xf0,0xf0,0xf0,0xf0,0xf0,0x50,0x01,0x0d,0xcf,0x06,0xf0,0x00,0xcf,
    0x0e,0xf0,0xf0,0xf0,0xf0,0xf0,0x50,0x08,0xcf,0x0b,0xf0,0x10,0xcf,0x0e,0xf0,0xf0,0xf0,0xf0,0xf0,0x40,0x03,0xcf,0x0e,0x02,
    0xf0,0x10,0xcf,0x0e,0xf0,0xf0,0xf0,0xf0,0xf0,0x40,0x0d,0xcf,0x06,0xf0,0x20,0xcf,0x0e,0xf0,0xf0,0xf0,0xf0,0xf0,0x30,0x08,
    0xcf,0x0b,0xf0,0x30,0xcf,0x0e,0xf0,0xf0,0xf0,0xf0,0xf0,0x20,0x03,0xcf,0x0e,0x02,0xf0,0x30,0xcf,0x0e,0xf0,0xf0,0xf0,0xf0,
    0xf0,0x20,0x0d,0xcf,0x06,0xf0,0x40,0xcf,0x0e,0xf0,0xf0,0xf0,0xf0,0xf0,0x10,0x08,0xcf,0x0b,0xf0,0x50,0xcf,0x0e,0xf0,0xf0,
    0xf0,0xf0,0xf0,0x00,0x03,0xcf,0x0e,0x02,0xf0,0x50,0xcf,0x0e,0xf0,0xf0,0xf0,0xf0,0xf0,0x00,0x0c,0xcf,0x07,0xf0,0x60,0xcf,
    0x0e,0xf0,0xf0,0xf0,0xf0,0xf0,0x08,0xcf,0x0c,0xf0,0x70,0xcf,0x0e,0xf0,0xf0,0xf0,0xf0,0xe0,0x03,0xdf,0x02,0xf0,0x70,0xcf,
    0x0e,0xf0,0xf0,0xf0,0xf0,0xe0,0x0c,0xcf,0x07,0xf0,0x80,0xcf,0x0e,0xf0,0xf0,0xf0,0xf0,0xd0,0x08,0xcf,0x0c,0xf0,0x90,0xcf,
    0x0e,0xf0,0xf0,0xf0,0xf0,0xc0,0x03,0xdf,0x03,0xf0,0x90,0xcf,0x0e,0xf0,0xf0,0xf0,0xf0,0xc0,0x0c,0xcf,0x07,0xf0,0xa0,0xcf,
    0x0e,0xf0,0xf0,0xf0,0xf0,0xb0,0x07,0xcf,0x0c,0xf0,0xb0,0xcf,0x0e,0xf0,0xf0,0xf0,0xf0,0xa0,0x03,0xdf,0x03,0xf0,0xb0,0xcf,
    0x0e,0xf0,0xf0,0xf0,0xf0,0xa0,0x0c,0xcf,0x08,0xf0,0xc0,0xcf,0x0e,0xf0,0xf0,0xf0,0xf0,0x90,0x07,0xcf,0x0d,0xf0,0xd0,0xcf,
    0x0e,0xf0,0xf0,0xf0,0xf0,0x80,0x03,0xdf,0x03,0xf0,0xd0,0xcf,0x0e,0xf0,0xf0,0xf0,0xf0,0x80,0x0c,0xcf,0x08,0xf0,0xe0,0xcf,
    0x0e,0xf0,0xf0,0xf0,0xf0,0x70,0x07,0xcf,0x0d,0x01,0xf0,0xe0,0xcf,0x0e,0xf0,0xf0,0xf0,0xf0,0x60,0x02,0xdf,0x04,0xf0,0xf0,
    0xcf,0x0e,0xf0,0xf0,0xf0,0xf0,0x60,0x0c,0xcf,0x09,0xf0,0xf0,0x00,0xcf,0x0e,0xf0,0xf0,0xf0,0xf0,0x50,0x07,0xcf,0x0d,0x01,
    0xf0,0xf0,0x00,0xcf,0x0e,0xf0,0xf0,0xf0,0xf0,0x40,0x02,0xdf,0x04,0xf0,0xf0,0x10,0xcf,0x0e,0xf0,0xf0,0xf0,0xf0,0x40,0x0c,
    0xcf,0x09,0xf0,0xf0,0x20,0xcf,0x0e,0xf0,0xf0,0xf0,0xf0,0x30,0x07,0xcf,0x0d,0x01,0xf0,0xf0,0x20,0xcf,0x0e,0xf0,0xf0,0xf0,
    0xf0,0x20,0x02,0x0e,0xcf,0x04,0xf0,0xf0,0x30,0xcf,0x0e,0xf0,0xf0,0xf0,0xf0,0x20,0x0c,0xcf,0x09,0xf0,0xf0,0x40,0xcf,0x0e,
    0xf0,0xf0,0xf0,0xf0,0x10,0x07,0xcf,0x0d,0x01,0xf0,0xf0,0x40,0xcf,0x0e,0xf0,0xf0,0xf0,0xf0,0x00,0x02,0x0e,0xcf,0x05,0xf0,
    0xf0,0x50,0xcf,0x0e,0xf0,0xf0,0xf0,0xf0,0x00,0x0b,0xcf,0x0a,0xf0,0xf0,0x60,0xcf,0x0e,0xf0,0xf0,0xf0,0xf0,0x06,0xcf,0x0e,
    0x01,0xf0,0xf0,0x60,0xcf,0x0e,0xf0,0xf0,0xf0,0xe0,0x02,0x0e,0xcf,0x05,0xf0,0xf0,0x70,0xcf,0x0e,0xf0,0xf0,0xf0,0xe0,0x0b,
    0xcf,0x0a,0xf0,0xf0,0x80,0xcf,0x0e,0xf0,0xf0,0xf0,0xd0,0x06,0xcf,0x0e,0x01,0xf0,0xf0,0x80,0xcf,0x0e,0xf0,0xf0,0xf0,0xc0,
    0x02,0x0e,0xcf,0x05,0xf0,0xf0,0x90,0xcf,0x0e,0xf0,0xf0,0xf0,0xc0,0x0b,0xcf,0x0a,0xf0,0xf0,0xa0,0xcf,0x0e,0xf0,0xf0,0xf0,
    0xb0,0x06,0xcf,0x0e,0x01,0xf0,0xf0,0xa0,0xcf,0x0e,0xf0,0xf0,0xf0,0xa0,0x02,0x0e,0xcf,0x06,0xf0,0xf0,0xb0,0xcf,0x0e,0xf0,
    0xf0,0xf0,0xa0,0x0b,0xcf,0x0b,0xf0,0xf0,0xc0,0xcf,0x0e,0xf0,0xf0,0xf0,0x90,0x06,0xcf,0x0e,0x02,0xf0,0xf0,0xc0,0xcf,0x0e,
    0xf0,0xf0,0xf0,0x80,0x02,0x0e,0xcf,0x06,0xf0,0xf0,0xd0,0xcf,0x0e,0xf0,0xf0,0xf0,0x80,0x0b,0xcf,0x0b,0xf0,0xf0,0xe0,0xcf,
    0x0e,0xf0,0xf0,0xf0,0x70,0x06,0xcf,0x0e,0x02,0xf0,0xf0,0xe0,0xcf,0x0e,0xf0,0xf0,0xf0,0x60,0x02,0x0e,0xcf,0x06,0xf0,0xf0,
    0xf0,0xcf,0x0e,0xf0,0xf0,0xf0,0x60,0x0b,0xcf,0x0b,0xf0,0xf0,0xf0,0x00,0xcf,0x0e,0xf0,0xf0,0xf0,0x50,0x06,0xcf,0x0e,0x02,
    0xf0,0xf0,0xf0,0x00,0xcf,0x0e,0xf0,0xf0,0xf0,0x40,0x01,0x0e,0xcf,0x07,0xf0,0xf0,0xf0,0x10,0xcf,0x0e,0xf0,0xf0,0xf0,0x40,
    0x0a,0xcf,0x0c,0xf0,0xf0,0xf0,0x20,0xcf,0x0e,0xf0,0xf0,0xf0,0x30,0x05,0xdf,0x02,0xf0,0xf0,0xf0,0x20,0xcf,0x0e,0xf0,0xf0,
    0xf0,0x20,0x01,0x0e,0xcf,0x07,0xf0,0xf0,0xf0,0x30,0xcf,0x0e,0xf0,0xf0,0xf0,0x20,0x0a,0xcf,0x0c,0xf0,0xf0,0xf0,0x40,0xcf,
    0x0e,0xf0,0xf0,0xf0,0x10,0x05,0xdf,0x03,0xf0,0xf0,0xf0,0x40,0xcf,0x0e,0xf0,0xf0,0xf0,0x00,0x01,0x0e,0xcf,0x08,0xf0,0xf0,
    0xf0,0x50,0xcf,0x0e,0xf0,0xf0,0xf0,0x00,0x0a,0xcf,0x0c,0xf0,0xf0,0xf0,0x60,0xcf,0x0e,0xf0,0xf0,0xf0,0x05,0xdf,0x03,0xf0,
    0xf0,0xf0,0x60,0xcf,0x0e,0xf0,0xf0,0xe0,0x01,0x0e,0xcf,0x08,0xf0,0xf0,0xf0,0x70,0xcf,0x0e,0xf0,0xf0,0xe0,0x0a,0xcf,0x0d,
    0xf0,0xf0,0xf0,0x80,0xcf,0x0e,0xf0,0xf0,0xd0,0x05,0xdf,0x03,0xf0,0xf0,0xf0,0x80,0xcf,0x0e,0xf0,0xf0,0xc0,0x01,0x0e,0xcf,
    0x08,0xf0,0xf0,0xf0,0x90,0xcf,0x0e,0xf0,0xf0,0xc0,0x0a,0xcf,0x0d,0x01,0xf0,0xf0,0xf0,0x90,0xcf,0x0e,0xf0,0xf0,0xb0,0x05,
    0xdf,0x04,0xf0,0xf0,0xf0,0xa0,0xcf,0x0e,0xf0,0xf0,0xa0,0x01,0x0e,0xcf,0x09,0xf0,0xf0,0xf0,0xb0,0xcf,0x0e,0xf0,0xf0,0xa0,
    0x0a,0xcf,0x0d,0x01,0xf0,0xf0,0xf0,0xb0,0xcf,0x0e,0xf0,0xf0,0x90,0x04,0xdf,0x04,0xf0,0xf0,0xf0,0xc0,0xcf,0x0e,0xf0,0xf0,
    0x80,0x01,0x0d,0xcf,0x09,0xf0,0xf0,0xf0,0xd0,0xcf,0x0e,0xf0,0xf0,0x80,0x09,0xcf,0x0e,0x02,0xf1,0xf1,0xf1,0xd1,0xdf,0xf1,
    0x91,0xd0,0x04,0xff,0xff,0xff,0xff,0xff,0xff,0xff,0x5f,0x08,0xb0,0x01,0x0d,0xff,0xff,0xff,0xff,0xff,0xff,0xff,0x5f,0x08,
    0xb0,0x09,0xff,0xff,0xff,0xff,0xff,0xff,0xff,0x6f,0x08,0xa0,0x04,0xff,0xff,0xff,0xff,0xff,0xff,0xff,0x7f,0x08,0xa0,0x08,
    0xff,0xff,0xff,0xff,0xff,0xff,0xff,0x7f,0x08,0xa0,0x08,0xff,0xff,0xff,0xff,0xff,0xff,0xff,0x7f,0x08,0xa0,0x08,0xff,0xff,
    0xff,0xff,0xff,0xff,0xff,0x7f,0x08,0xa0,0x08,0xff,0xff,0xff,0xff,0xff,0xff,0xff,0x7f,0x08,0xa0,0x08,0xff,0xff,0xff,0xff,
    0xff,0xff,0xff,0x7f,0x08,0xa0,0x08,0xff,0xff,0xff,0xff,0xff,0xff,0xff,0x7f,0x08,0xa0,0x08,0xff,0xff,0xff,0xff,0xff,0xff,
    0xff,0x7f,0x08,0xa0,0x08,0xff,0xff,0xff,0xff,0xff,0xff,0xff,0x7f,0x08,0xf0,0xf0,0xf0,0xf0,0xf0,0xb0,0xcf,0x0e,0xf0,0xf0,
    0xf0,0xf0,0xf0,0xf0,0xf0,0x60,0xcf,0x0e,0xf0,0xf0,0xf0,0xf0,0xf0,0xf0,0xf0,0x60,0xcf,0x0e,0xf0,0xf0,0xf0,0xf0,0xf0,0xf0,
    0xf0,0x60,0xcf,0x0e,0xf0,0xf0,0xf0,0xf0,0xf0,0xf0,0xf0,0x60,0xcf,0x0e,0xf0,0xf0,0xf0,0xf0,0xf0,0xf0,0xf0,0x60,0xcf,0x0e,
    0xf0,0xf0,0xf0,0xf0,0xf0,0xf0,0xf0,0x60,0xcf,0x0e,0xf0,0xf0,0xf0,0xf0,0xf0,0xf0,0xf0,0x60,0xcf,0x0e,0xf0,0xf0,0xf0,0xf0,
    0xf0,0xf0,0xf0,0x60,0xcf,0x0e,0xf0,0xf0,0xf0,0xf0,0xf0,0xf0,0xf0,0x60,0xcf,0x0e,0xf0,0xf0,0xf0,0xf0,0xf0,0xf0,0xf0,0x60,
    0xcf,0x0e,0xf0,0xf0,0xf0,0xf0,0xf0,0xf0,0xf0,0x60,0xcf,0x0e,0xf0,0xf0,0xf0,0xf0,0xf0,0xf0,0xf0,0x60,0xcf,0x0e,0xf0,0xf0,
    0xf0,0xf0,0xf0,0xf0,0xf0,0x60,0xcf,0x0e,0xf0,0xf0,0xf0,0xf0,0xf0,0xf0,0xf0,0x60,0xcf,0x0e,0xf0,0xf0,0xf0,0xf0,0xf0,0xf0,
    0xf0,0x60,0xcf,0x0e,0xf0,0xf0,0xf0,0xf0,0xf0,0xf0,0xf0,0x60,0xcf,0x0e,0xf0,0xf0,0xf0,0xf0,0xf0,0xf0,0xf0,0x60,0xcf,0x0e,
    0xf0,0xf0,0xf0,0xf0,0xf0,0xf0,0xf0,0x60,0xcf,0x0e,0xf0,0xf0,0xf0,0xf0,0xf0,0xf0,0xf0,0x60,0xcf,0x0e,0xf0,0xf0,0xf0,0xf0,
    0xf0,0xf0,0xf0,0x60,0xcf,0x0e,0xf0,0xf0,0xf0,0xf0,0xf0,0xf0,0xf0,0x60,0xcf,0x0e,0xf0,0xf0,0xf0,0xf0,0xf0,0xf0,0xf0,0x60,
    0xcf,0x0e,0xf0,0xf0,0xf0,0xf0,0xf0,0xf0,0xf0,0x60,0xcf,0x0e,0xf0,0xf0,0xf0,0xf0,0xf0,0xf0,0xf0,0x60,0xcf,0x0e,0xf0,0xf0,
    0xf0,0xf0,0xf0,0xf0,0xf0,0x60,0xcf,0x0e,0xf0,0xf0,0xf0,0xf0,0xf0,0xf0,0xf0,0x60,0xcf,0x0e,0xf0,0xf0,0xf0,0xf0,0xf0,0xf0,
    0xf0,0x60,0xcf,0x0e,0xf0,0xf0,0xf0,0xf0,0xf0,0xf0,0xf0,0x60,0xcf,0x0e,0xf0,0xf0,0xf0,0xf0,0xf0,0xf0,0xf0,0x60,0xcf,0x0e,
    0xf0,0xf0,0xf0,0xf0,0xf0,0xf0,0xf0,0x60,0xcf,0x0e,0xf0,0xf0,0xf0,0xf0,0xf0,0xf0,0xf0,0x60,0xcf,0x0e,0xf0,0xf0,0xf0,0xf0,
    0xf0,0xf0,0xf0,0x60,0xcf,0x0e,0xf0,0xf0,0xf0,0xf0,0xf0,0xf0,0xf0,0x60,0xcf,0x0e,0xf0,0xf0,0xf0,0xf0,0xf0,0xf0,0xf0,0x60,
    0xcf,0x0e,0xf0,0xf0,0xf0,0xf0,0xf0,0xf0,0xf0,0x60,0xcf,0x0e,0xf0,0xf0,0xf0,0xf0,0xf0,0xf0,0xf0,0x60,0xcf,0x0e,0xf0,0xf0,
    0xf0,0xf0,0xf0,0xf0,0xf0,0x60,0xcf,0x0e,0xf0,0xf0,0xf0,0xf0,0xf0,0xf0,0xf0,0x60,0xcf,0x0e,0xf0,0xf0,0xf0,0xf0,0xf0,0xf0,
    0xf0,0x60,0xcf,0x0e,0xf0,0xf0,0xf0,0xf0,0xf0,0xf0,0xf0,0x60,0xcf,0x0e,0xf0,0xf0,0xf0,0xf0,0xf0,0xf0,0xf0,0x60,0xcf,0x0e,
    0xf0,0xf0,0xf0,0xf0,0xf0,0xf0,0xf0,0x60,0xcf,0x0e,0xf0,0xe0,0xf0,0xf0,0x10,0x0b,0xff,0xff,0xff,0xff,0xff,0x3f,0x09,0xf0,
    0xf0,0xe0,0x0c,0xff,0xff,0xff,0xff,0xff,0x3f,0x09,0xf0,0xf0,0xe0,0x0e,0xff,0xff,0xff,0xff,0xff,0x3f,0x09,0xf0,0xf0,0xe0,
    0xff,0xff,0xff,0xff,0xff,0x4f,0x09,0xf0,0xf0,0xd0,0x02,0xff,0xff,0xff,0xff,0xff,0x4f,0x09,0xf0,0xf0,0xd0,0x03,0xff,0xff,
    0xff,0xff,0xff,0x4f,0x09,0xf0,0xf0,0xd0,0x05,0xff,0xff,0xff,0xff,0xff,0x4f,0x09,0xf0,0xf0,0xd0,0x06,0xff,0xff,0xff,0xff,
    0xff,0x4f,0x09,0xf0,0xf0,0xd0,0x08,0xff,0xff,0xff,0xff,0xff,0x4f,0x09,0xf0,0xf0,0xd0,0x09,0xff,0xff,0xff,0xff,0xff,0x4f,
    0x09,0xf0,0xf0,0xd0,0x0b,0xff,0xff,0xff,0xff,0xff,0x4f,0x09,0xf0,0xf0,0xd0,0x0c,0xff,0xff,0xff,0xff,0xff,0x4f,0x09,0xf0,
    0xf0,0xd0,0x0e,0xff,0xff,0xff,0xff,0xff,0x4f,0x09,0xf0,0xf0,0xd0,0xcf,0x04,0xf0,0xf0,0xf0,0xf0,0xf0,0xf0,0xf0,0x50,0x02,
    0xcf,0x02,0xf0,0xf0,0xf0,0xf0,0xf0,0xf0,0xf0,0x50,0x03,0xcf,0x01,0xf0,0xf0,0xf0,0xf0,0xf0,0xf0,0xf0,0x50,0x05,0xbf,0x0e,
    0xf0,0xf0,0xf0,0xf0,0xf0,0xf0,0xf0,0x60,0x06,0xbf,0x0c,0xf0,0xf0,0xf0,0xf0,0xf0,0xf0,0xf0,0x60,0x08,0xbf,0x0b,0xf0,0xf0,
    0xf0,0xf0,0xf0,0xf0,0xf0,0x60,0x09,0xbf,0x09,0xf0,0xf0,0xf0,0xf0,0xf0,0xf0,0xf0,0x60,0x0b,0xbf,0x08,0xf0,0xf0,0xf0,0xf0,
    0xf0,0xf0,0xf0,0x60,0x0c,0xbf,0x06,0xf0,0xf0,0xf0,0xf0,0xf0,0xf0,0xf0,0x60,0x0e,0xbf,0x05,0xf0,0xf0,0xf0,0xf0,0xf0,0xf0,
    0xf0,0x60,0xcf,0x03,0xf0,0xf0,0xf0,0xf0,0xf0,0xf0,0xf0,0x50,0x02,0xcf,0x01,0xf0,0xf0,0xf0,0xf0,0xf0,0xf0,0xf0,0x50,0x03,
    0xcf,0xf0,0xf0,0xf0,0xf0,0xf0,0xf0,0xf0,0x60,0x05,0xbf,0x0d,0xf0,0xf0,0xf0,0xf0,0xf0,0xf0,0xf0,0x60,0x06,0xbf,0x0c,0xf0,
    0xf0,0xf0,0xf0,0xf0,0xf0,0xf0,0x60,0x08,0xbf,0x0a,0xf0,0xf0,0xf0,0xf0,0xf0,0xf0,0xf0,0x60,0x09,0xbf,0x09,0xf0,0xf0,0xf0,
    0xf0,0xf0,0xf0,0xf0,0x60,0x0b,0xbf,0x07,0xf0,0xf0,0xf0,0xf0,0xf0,0xf0,0xf0,0x60,0x0c,0xbf,0x06,0xf0,0xf0,0xf0,0xf0,0xf0,
    0xf0,0xf0,0x60,0x0e,0xbf,0x04,0xf0,0xf0,0xf0,0xf0,0xf0,0xf0,0xf0,0x60,0xcf,0x02,0xf0,0xf0,0xf0,0xf0,0xf0,0xf0,0xf0,0x50,
    0x02,0xcf,0x01,0xf0,0xf0,0xf0,0xf0,0xf0,0xf0,0xf0,0x50,0x03,0xbf,0x0e,0xf0,0xf0,0xf0,0xf0,0xf0,0xf0,0xf0,0x60,0x05,0xbf,
    0x0d,0xf0,0xf0,0xf0,0xf0,0xf0,0xf0,0xf0,0x60,0x06,0xbf,0x0b,0xf0,0xf0,0xf0,0xf0,0xf0,0xf0,0xf0,0x60,0x08,0xbf,0x0a,0xf0,
    0xf0,0xf0,0xf0,0xf0,0xf0,0xf0,0x60,0x09,0xbf,0x08,0xf0,0xf0,0xf0,0xf0,0xf0,0xf0,0xf0,0x60,0x0b,0xbf,0x07,0xf0,0xf0,0xf0,
    0xf0,0xf0,0xf0,0xf0,0x60,0x0c,0xbf,0x05,0xf0,0xf0,0xf0,0xf0,0xf0,0xf0,0xf0,0x60,0x0e,0xbf,0x03,0xf0,0xf0,0xf0,0xf0,0xf0,
    0xf0,0xf0,0x60,0xcf,0x02,0xf0,0xf0,0xf0,0xf0,0xf0,0xf0,0xf0,0x50,0x02,0xcf,0xf0,0xf0,0xf0,0xf0,0xf0,0xf0,0xf0,0x60,0x03,
    0xbf,0x0e,0xf0,0xf0,0xf0,0xf0,0xf0,0xf0,0xf0,0x60,0x05,0xbf,0x0c,0xf0,0xf0,0xf0,0xf0,0xf0,0xf0,0xf0,0x60,0x06,0xbf,0x0b,
    0xf0,0xf0,0xf0,0xf0,0xf0,0xf0,0xf0,0x60,0x08,0xbf,0x09,0xf0,0xf0,0xf0,0xf0,0xf0,0xf0,0xf0,0x60,0x09,0xbf,0x08,0xf0,0xf0,
    0xf0,0xf0,0xf0,0xf0,0xf0,0x60,0x0b,0xbf,0x06,0xf0,0xf0,0xf0,0xf0,0xf0,0xf0,0xf0,0x60,0x0c,0xbf,0x04,0xf0,0xf0,0xf0,0xf0,
    0xf0,0xf0,0xf0,0x60,0x0e,0xbf,0x03,0xf0,0xf0,0xf0,0xf0,0xf0,0xf0,0xf0,0x60,0xcf,0x01,0xf0,0xf0,0xf0,0xf0,0xf0,0xf0,0xf0,
    0x50,0x02,0xcf,0xf0,0xf0,0xf0,0xf0,0xf0,0xf0,0xf0,0x60,0x03,0xbf,0x0d,0xf0,0xf0,0xf0,0xf0,0xf0,0xf0,0xf0,0x60,0x05,0xbf,
    0x0c,0xf0,0xf0,0xf0,0xf0,0xf0,0xf0,0xf0,0x60,0x06,0xbf,0x0a,0xf0,0xf0,0xf0,0xf0,0xf0,0xf0,0xf0,0x60,0x08,0xbf,0x09,0xf0,
    0xf0,0xf0,0xf0,0xf0,0xf0,0xf0,0x60,0x09,0xbf,0x07,0xf0,0xf0,0xf0,0xf0,0xf0,0xf0,0xf0,0x60,0x0b,0xbf,0x05,0xf0,0xf0,0xf0,
    0xf0,0xf0,0xf0,0xf0,0x60,0x0c,0xbf,0x04,0xf0,0x20,0x01,0x04,0x05,0x07,0x09,0x0b,0x0c,0x1d,0x0e,0x1f,0x1e,0x0d,0x1c,0x0a,
    0x08,0x06,0x04,0x02,0xf0,0xf0,0xf0,0xf0,0xd0,0x0e,0xbf,0x02,0xe0,0x03,0x06,0x09,0x0d,0xff,0x5f,0x0e,0x0b,0x08,0x04,0x01,
    0xf0,0xf0,0xf0,0xf0,0x80,0xcf,0x01,0xb0,0x04,0x08,0x0d,0xff,0xef,0x0c,0x06,0x01,0xf0,0xf0,0xf0,0xf0,0x40,0x02,0xbf,0x0e,
    0x90,0x03,0x08,0x0e,0xff,0xff,0x4f,0x0b,0x06,0x01,0xf0,0xf0,0xf0,0xf0,0x10,0x03,0xbf,0x0d,0x70,0x06,0x0c,0xff,0xff,0x9f,
    0x0e,0x07,0x01,0xf0,0xf0,0xf0,0xf0,0x05,0xbf,0x0b,0x40,0x01,0x07,0x0e,0xff,0xff,0xdf,0x0e,0x08,0x02,0xf0,0xf0,0xf0,0xd0,
    0x06,0xbf,0x0a,0x20,0x01,0x08,0x0e,0xff,0xff,0xff,0x1f,0x0e,0x07,0xf0,0xf0,0xf0,0xc0,0x08,0xbf,0x08,0x00,0x01,0x08,0x0e,
    0xff,0xff,0xff,0x5f,0x0d,0x04,0xf0,0xf0,0xf0,0xa0,0x09,0xbf,0x06,0x04,0x0d,0xff,0xff,0xff,0x9f,0x0a,0x01,0xf0,0xf0,0xf0,
    0x80,0x0b,0xbf,0x0d,0xff,0xff,0xff,0xcf,0x0d,0x03,0xf0,0xf0,0xf0,0x70,0x0c,0xff,0xff,0xff,0xff,0xaf,0x0e,0x05,0xf0,0xf0,
    0xf0,0x60,0x0e,0xff,0xff,0xff,0xff,0xcf,0x08,0xf0,0xf0,0xf0,0x50,0xff,0xff,0xff,0xff,0xef,0x09,0xf0,0xf0,0xf0,0x30,0x02,
    0xff,0xef,0x0e,0x0b,0x09,0x07,0x06,0x04,0x03,0x02,0x11,0x20,0x01,0x12,0x03,0x05,0x07,0x09,0x0b,0x0e,0xff,0xaf,0x09,0xf0,
    0xf0,0xf0,0x20,0x03,0xff,0xaf,0x0d,0x09,0x05,0x02,0xf0,0x50,0x03,0x07,0x0b,0xff,0x8f,0x0a,0xf0,0xf0,0xf0,0x10,0x05,0xff,
    0x7f,0x0d,0x08,0x03,0xf0,0xc0,0x01,0x06,0x0c,0xff,0x6f,0x09,0xf0,0xf0,0xf0,0x00,0x06,0xff,0x5f,0x0c,0x05,0xf0,0xf0,0x20,
    0x02,0x09,0xff,0x5f,0x06,0xf0,0xf0,0xf0,0x08,0xff,0x3f,0x0c,0x05,0xf0,0xf0,0x60,0x02,0x09,0xff,0x4f,0x04,0xf0,0xf0,0xe0,
    0x09,0xff,0x1f,0x0e,0x06,0xf0,0xf0,0xa0,0x03,0x0c,0xff,0x2f,0x0e,0x02,0xf0,0xf0,0xd0,0x0b,0xff,0x0f,0x09,0x01,0xf0,0xf0,
    0xd0,0x07,0xff,0x2f,0x0b,0xf0,0xf0,0xd0,0x0c,0xef,0x0d,0x03,0xf0,0xf0,0xf0,0x00,0x03,0x0d,0xff,0x1f,0x06,0xf0,0xf0,0xc0,
    0x0e,0xdf,0x0a,0x01,0xf0,0xf0,0xf0,0x20,0x01,0x0c,0xff,0x0f,0x0e,0x02,0xf0,0xf0,0xb0,0x02,0x07,0x0b,0x9f,0x0e,0x05,0xf0,
    0xf0,0xf0,0x60,0x0a,0xff,0x0f,0x0b,0xf0,0xf0,0xe0,0x01,0x05,0x09,0x0d,0x4f,0x0d,0x03,0xf0,0xf0,0xf0,0x80,0x0b,0xff,0x0f,
    0x05,0xf0,0xf0,0xf0,0x10,0x03,0x07,0x0b,0x0f,0x0c,0x01,0xf0,0xf0,0xf0,0xa0,0x0b,0xff,0x0c,0xf0,0xf0,0xf0,0x40,0x01,0xf0,
    0xf0,0xf0,0xc0,0x01,0x0c,0xff,0x05,0xf0,0xf0,0xf0,0xf0,0xf0,0xf0,0xf0,0x20,0x02,0x0e,0xef,0x0d,0xf0,0xf0,0xf0,0xf0,0xf0,
    0xf0,0xf0,0x30,0x05,0xff,0x06,0xf0,0xf0,0xf0,0xf0,0xf0,0xf0,0xf0,0x30,0x09,0xef,0x0c,0xf0,0xf0,0xf0,0xf0,0xf0,0xf0,0xf0,
    0x30,0x01,0x0e,0xef,0x03,0xf0,0xf0,0xf0,0xf0,0xf0,0xf0,0xf0,0x30,0x05,0xef,0x09,0xf0,0xf0,0xf0,0xf0,0xf0,0xf0,0xf0,0x40,
    0x0b,0xdf,0x0e,0x01,0xf0,0xf0,0xf0,0xf0,0xf0,0xf0,0xf0,0x30,0x03,0xef,0x06,0xf0,0xf0,0xf0,0xf0,0xf0,0xf0,0xf0,0x40,0x0b,
    0xdf,0x0b,0xf0,0xf0,0xf0,0xf0,0xf0,0xf0,0xf0,0x40,0x03,0xef,0x01,0xf0,0xf0,0xf0,0xf0,0xf0,0xf0,0xf0,0x40,0x0c,0xdf,0x05,
    0xf0,0xf0,0xf0,0xf0,0xf0,0xf0,0xf0,0x40,0x06,0xdf,0x09,0xf0,0xf0,0xf0,0xf0,0xf0,0xf0,0xf0,0x40,0x01,0x0e,0xcf,0x0e,0xf0,
    0xf0,0xf0,0xf0,0xf0,0xf0,0xf0,0x50,0x0a,0xdf,0x02,0xf0,0xf0,0xf0,0xf0,0xf0,0xf0,0xf0,0x40,0x05,0xdf,0x05,0xf0,0xf0,0xf0,
    0xf0,0xf0,0xf0,0xf0,0x40,0x01,0xdf,0x08,0xf0,0xf0,0xf0,0xf0,0xf0,0xf0,0xf0,0x50,0x0b,0xcf,0x0b,0xf0,0xf0,0xf0,0xf0,0xf0,
    0xf0,0xf0,0x50,0x07,0xcf,0x0e,0xf0,0xf0,0xf0,0xf0,0xf0,0xf0,0xf0,0x50,0x04,0xdf,0x01,0xf0,0xf0,0xf0,0xf0,0xf0,0xf0,0xf0,
    0x40,0x01,0xdf,0x03,0xf0,0xf0,0xf0,0xf0,0xf0,0xf0,0xf0,0x50,0x0d,0xcf,0x05,0xf0,0xf0,0xf0,0xf0,0xf0,0xf0,0xf0,0x50,0x0a,
    0xcf,0x07,0xf0,0xf0,0xf0,0xf0,0xf0,0xf0,0xf0,0x50,0x08,0xcf,0x08,0xf0,0xf0,0xf0,0xf0,0xf0,0xf0,0xf0,0x50,0x07,0xcf,0x0a,
    0xf0,0xf0,0xf0,0xf0,0xf0,0xf0,0xf0,0x50,0x05,0xcf,0x0b,0xf0,0xf0,0xf0,0xf0,0xf0,0xf0,0xf0,0x50,0x03,0xcf,0x0c,0xf0,0xf0,
    0xf0,0xf0,0xf0,0xf0,0xf0,0x50,0x02,0xcf,0x0c,0xf0,0xf0,0xf0,0xf0,0xf0,0xf0,0xf0,0x50,0x02,0xcf,0x0d,0xf0,0xf0,0xf0,0xf0,
    0xf0,0xf0,0xf0,0x50,0x01,0xcf,0x0d,0xf0,0xf0,0xf0,0xf0,0xf0,0xf0,0xf0,0x50,0x01,0xcf,0x0e,0xf0,0xf0,0xf0,0xf0,0xf0,0xf0,
    0xf0,0x60,0xcf,0x0e,0xf0,0xf0,0xf0,0xf0,0xf0,0xf0,0xf0,0x60,0xcf,0x0e,0xf0,0xf0,0xf0,0xf0,0xf0,0xf0,0xf0,0x50,0x01,0xcf,
    0x0d,0xf0,0xf0,0xf0,0xf0,0xf0,0xf0,0xf0,0x50,0x01,0xcf,0x0d,0xf0,0xf0,0xf0,0xf0,0xf0,0xf0,0xf0,0x50,0x02,0xcf,0x0c,0xf0,
    0xf0,0xf0,0xf0,0xf0,0xf0,0xf0,0x50,0x02,0xcf,0x0c,0xf0,0xf0,0xf0,0xf0,0xf0,0xf0,0xf0,0x50,0x03,0xcf,0x0b,0xf0,0xf0,0xf0,
    0xf0,0xf0,0xf0,0xf0,0x50,0x05,0xcf,0x0a,0xf0,0xf0,0xf0,0xf0,0xf0,0xf0,0xf0,0x50,0x06,0xcf,0x08,0xf0,0xd0,0xc4,0x02,0xf0,
    0xf0,0xf0,0xf0,0x90,0x08,0xcf,0x07,0xf0,0xd0,0x0d,0xbf,0x0a,0xf0,0xf0,0xf0,0xf0,0x90,0x09,0xcf,0x05,0xf0,0xd0,0x0b,0xbf,
    0x0c,0xf0,0xf0,0xf0,0xf0,0x90,0x0b,0xcf,0x04,0xf0,0xd0,0x09,0xcf,0xf0,0xf0,0xf0,0xf0,0x90,0x0e,0xcf,0x02,0xf0,0xd0,0x07,
    0xcf,0x02,0xf0,0xf0,0xf0,0xf0,0x70,0x01,0xcf,0x0e,0xf0,0xe0,0x05,0xcf,0x05,0xf0,0xf0,0xf0,0xf0,0x70,0x04,0xcf,0x0b,0xf0,
    0xe0,0x03,0xcf,0x08,0xf0,0xf0,0xf0,0xf0,0x70,0x07,0xcf,0x09,0xf0,0xf0,0xcf,0x0c,0xf0,0xf0,0xf0,0xf0,0x70,0x0a,0xcf,0x06,
    0xf0,0xf0,0x0c,0xcf,0x01,0xf0,0xf0,0xf0,0xf0,0x60,0x0e,0xcf,0x04,0xf0,0xf0,0x09,0xcf,0x04,0xf0,0xf0,0xf0,0xf0,0x50,0x03,
    0xdf,0xf0,0xf0,0x00,0x06,0xcf,0x08,0xf0,0xf0,0xf0,0xf0,0x50,0x07,0xcf,0x0b,0xf0,0xf0,0x00,0x02,0xcf,0x0d,0xf0,0xf0,0xf0,
    0xf0,0x50,0x0c,0xcf,0x07,0xf0,0xf0,0x10,0x0d,0xcf,0x03,0xf0,0xf0,0xf0,0xf0,0x30,0x02,0xdf,0x04,0xf0,0xf0,0x10,0x09,0xcf,
    0x09,0xf0,0xf0,0xf0,0xf0,0x30,0x07,0xcf,0x0e,0xf0,0xf0,0x20,0x04,0xcf,0x0e,0x01,0xf0,0xf0,0xf0,0xf0,0x20,0x0c,0xcf,0x0a,
    0xf0,0xf0,0x30,0x0e,0xcf,0x06,0xf0,0xf0,0xf0,0xf0,0x10,0x04,0xdf,0x05,0xf0,0xf0,0x30,0x0a,0xcf,0x0c,0xf0,0xf0,0xf0,0xf0,
    0x10,0x0a,0xcf,0x0e,0x01,0xf0,0xf0,0x30,0x04,0xdf,0x05,0xf0,0xf0,0xf0,0xf0,0x02,0xdf,0x0a,0xf0,0xf0,0x50,0x0d,0xcf,0x0d,
    0xf0,0xf0,0xf0,0xf0,0x09,0xdf,0x04,0xf0,0xf0,0x50,0x06,0xdf,0x06,0xf0,0xf0,0xf0,0xd0,0x03,0xdf,0x0d,0xf0,0xf0,0x60,0x01,
    0x0e,0xcf,0x0e,0x01,0xf0,0xf0,0xf0,0xc0,0x0b,0xdf,0x06,0xf0,0xf0,0x70,0x08,0xdf,0x0b,0xf0,0xf0,0xf0,0xb0,0x05,0xdf,0x0e,
    0x01,0xf0,0xf0,0x70,0x01,0x0e,0xdf,0x06,0xf0,0xf0,0xf0,0x90,0x02,0x0e,0xdf,0x08,0xf0,0xf0,0x90,0x07,0xef,0x03,0xf0,0xf0,
    0xf0,0x80,0x0c,0xdf,0x0e,0x01,0xf0,0xf0,0x90,0x01,0x0d,0xdf,0x0d,0x02,0xf0,0xf0,0xf0,0x60,0x08,0xef,0x07,0xf0,0xf0,0xb0,
    0x06,0xef,0x0d,0x01,0xf0,0xf0,0xf0,0x40,0x07,0xef,0x0d,0x01,0xf0,0xf0,0xc0,0x0b,0xef,0x0c,0x01,0xf0,0xf0,0xf0,0x20,0x06,
    0xff,0x05,0xf0,0xf0,0xd0,0x02,0x0e,0xef,0x0d,0x02,0xf0,0xf0,0xf0,0x00,0x06,0xff,0x0b,0xf0,0xf0,0xf0,0x05,0xff,0x0e,0x05,
    0xf0,0xf0,0xe0,0x08,0xff,0x0e,0x02,0xf0,0xf0,0xf0,0x00,0x0a,0xff,0x0f,0x08,0xf0,0xf0,0xb0,0x01,0x0b,0xff,0x0f,0x05,0xf0,
    0xf0,0xf0,0x10,0x01,0x0c,0xff,0x0f,0x0d,0x05,0xf0,0xf0,0x80,0x06,0x0e,0xff,0x0f,0x0a,0xf0,0xf0,0xf0,0x30,0x01,0x0d,0xff,
    0x1f,0x0b,0x03,0xf0,0xf0,0x40,0x03,0x0b,0xff,0x1f,0x0d,0x01,0xf0,0xf0,0xf0,0x40,0x03,0x0e,0xff,0x2f,0x0b,0x05,0xf0,0xf0,
    0x00,0x03,0x0a,0xff,0x2f,0x0e,0x02,0xf0,0xf0,0xf0,0x60,0x04,0x0e,0xff,0x3f,0x0d,0x07,0x02,0xf0,0xa0,0x01,0x06,0x0c,0xff,
    0x3f,0x0e,0x03,0xf0,0xf0,0xf0,0x80,0x03,0x0e,0xff,0x5f,0x0d,0x09,0x05,0x01,0xf0,0x30,0x03,0x07,0x0b,0xff,0x6f,0x04,0xf0,
    0xf0,0xf0,0xa0,0x03,0x0d,0xff,0x8f,0x0e,0x0c,0x09,0x07,0x05,0x04,0x13,0x02,0x11,0x12,0x03,0x04,0x06,0x08,0x0a,0x0c,0xff,
    0x9f,0x05,0xf0,0xf0,0xf0,0xc0,0x02,0x0c,0xff,0xff,0xff,0xff,0x2f,0x0e,0x03,0xf0,0xf0,0xf0,0xf0,0x09,0xff,0xff,0xff,0xff,
    0x0f,0x0d,0x02,0xf0,0xf0,0xf0,0xf0,0x10,0x05,0x0e,0xff,0xff,0xff,0xdf,0x0b,0x01,0xf0,0xf0,0xf0,0xf0,0x30,0x02,0x0b,0xff,
    0xff,0xff,0xaf,0x0e,0x06,0xf0,0xf0,0xf0,0xf0,0x70,0x05,0x0e,0xff,0xff,0xff,0x7f,0x0b,0x02,0xf0,0xf0,0xf0,0xf0,0x90,0x01,
    0x08,0x0e,0xff,0xff,0xff,0x3f,0x0d,0x06,0xf0,0xf0,0xf0,0xf0,0xd0,0x01,0x08,0x0e,0xff,0xff,0xff,0x0d,0x06,0xf0,0xf0,0xf0,
    0xf0,0xf0,0x10,0x01,0x07,0x0d,0xff,0xff,0xbf,0x0d,0x07,0xf0,0xf0,0xf0,0xf0,0xf0,0x60,0x04,0x09,0x0e,0xff,0xff,0x6f,0x0b,
    0x05,0xf0,0xf0,0xf0,0xf0,0xf0,0xa0,0x01,0x04,0x09,0x0d,0xff,0xff,0x0e,0x0b,0x06,0x01,0xf0,0xf0,0xf0,0xf0,0xf0,0xf0,0x00,
    0x02,0x06,0x09,0x0c,0x0e,0xff,0x6f,0x0e,0x0b,0x07,0x04,0xf0,0xf0,0xf0,0xf0,0xf0,0xf0,0x90,0x02,0x05,0x07,0x08,0x0a,0x0c,
    0x1d,0x1e,0x2f,0x1e,0x0d,0x0c,0x0b,0x09,0x08,0x06,0x04,0x01,0xf0,0xf0,0xf0,0x00,0xf0,0xf0,0xf0,0xf0,0xf0,0x10,0x02,0x03,
    0x05,0x07,0x08,0x09,0x0a,0x0b,0x0c,0x0d,0x2e,0x2f,0x08,0xf0,0xf0,0xf0,0xf0,0xf0,0xf0,0xd0,0x02,0x05,0x07,0x0a,0x0c,0xff,
    0x0f,0x08,0xf0,0xf0,0xf0,0xf0,0xf0,0xf0,0x90,0x03,0x07,0x0a,0x0e,0xff,0x5f,0x08,0xf0,0xf0,0xf0,0xf0,0xf0,0xf0,0x50,0x02,
    0x06,0x0a,0x0e,0xff,0x9f,0x08,0xf0,0xf0,0xf0,0xf0,0xf0,0xf0,0x20,0x01,0x06,0x0b,0xff,0xdf,0x08,0xf0,0xf0,0xf0,0xf0,0xf0,
    0xf0,0x00,0x05,0x0b,0xff,0xff,0x0f,0x08,0xf0,0xf0,0xf0,0xf0,0xf0,0xd0,0x01,0x07,0x0d,0xff,0xff,0x2f,0x08,0xf0,0xf0,0xf0,
    0xf0,0xf0,0xb0,0x02,0x09,0xff,0xff,0x5f,0x08,0xf0,0xf0,0xf0,0xf0,0xf0,0x90,0x02,0x09,0xff,0xff,0x7f,0x08,0xf0,0xf0,0xf0,
    0xf0,0xf0,0x70,0x01,0x08,0xff,0xff,0x9f,0x08,0xf0,0xf0,0xf0,0xf0,0xf0,0x60,0x07,0x0e,0xff,0xff,0xaf,0x08,0xf0,0xf0,0xf0,
    0xf0,0xf0,0x40,0x03,0x0c,0xff,0xff,0xcf,0x08,0xf0,0xf0,0xf0,0xf0,0xf0,0x20,0x01,0x08,0xff,0xff,0x0f,0x0d,0x0b,0x0a,0x08,
    0x06,0x05,0x04,0x03,0x22,0x21,0xf0,0xf0,0xf0,0xf0,0xf0,0x20,0x03,0x0d,0xff,0xbf,0x0e,0x0b,0x08,0x05,0x03,0x01,0xf0,0xf0,
    0xf0,0xf0,0xf0,0xf0,0x07,0xff,0x9f,0x0e,0x0b,0x07,0x03,0xf0,0xf0,0xf0,0xf0,0xf0,0xf0,0x30,0x01,0x0a,0xff,0x7f,0x0e,0x09,
    0x04,0xf0,0xf0,0xf0,0xf0,0xf0,0xf0,0x60,0x02,0x0c,0xff,0x6f,0x0a,0x04,0xf0,0xf0,0xf0,0xf0,0xf0,0xf0,0x80,0x04,0x0e,0xff,
    0x4f,0x0d,0x07,0x01,0xf0,0xf0,0xf0,0xf0,0xf0,0xf0,0x90,0x05,0xff,0x4f,0x0c,0x05,0xf0,0xf0,0xf0,0xf0,0xf0,0xf0,0xb0,0x06,
    0xff,0x3f,0x0d,0x05,0xf0,0xf0,0xf0,0xf0,0xf0,0xf0,0xc0,0x06,0xff,0x2f,0x0e,0x06,0xf0,0xf0,0xf0,0xf0,0xf0,0xf0,0xd0,0x06,
    0xff,0x2f,0x08,0x01,0xf0,0xf0,0xf0,0xf0,0xf0,0xf0,0xd0,0x05,0xff,0x1f,0x0c,0x03,0xf0,0xf0,0xf0,0xf0,0xf0,0xf0,0xe0,0x04,
    0xff,0x1f,0x08,0xf0,0xf0,0xf0,0xf0,0xf0,0xf0,0xf0,0x03,0x0e,0xff,0x0e,0x04,0xf0,0xf0,0xf0,0xf0,0xf0,0xf0,0xf0,0x01,0x0d,
    0xff,0x0b,0x01,0xf0,0xf0,0xf0,0xf0,0xf0,0xf0,0xf0,0x00,0x0c,0xff,0x09,0xf0,0xf0,0xf0,0xf0,0xf0,0xf0,0xf0,0x10,0x09,0xff,
    0x07,0xf0,0xf0,0xf0,0xf0,0xf0,0xf0,0xf0,0x10,0x05,0xff,0x06,0xf0,0xf0,0xf0,0xf0,0xf0,0xf0,0xf0,0x10,0x02,0x0e,0xef,0x05,
    0xf0,0xf0,0xf0,0xf0,0xf0,0xf0,0xf0,0x20,0x0b,0xef,0x05,0xf0,0xf0,0xf0,0xf0,0xf0,0xf0,0xf0,0x20,0x07,0xef,0x07,0xf0,0xf0,
    0xf0,0xf0,0xf0,0xf0,0xf0,0x20,0x02,0x0e,0xdf,0x08,0xf0,0xf0,0xf0,0xf0,0xf0,0xf0,0xf0,0x30,0x0b,0xdf,0x0a,0xf0,0xf0,0xf0,
    0xf0,0xf0,0xf0,0xf0,0x30,0x05,0xdf,0x0c,0x01,0xf0,0xf0,0xf0,0xf0,0xf0,0xf0,0xf0,0x20,0x01,0x0d,0xcf,0x0e,0x02,0xf0,0xf0,
    0xf0,0xf0,0xf0,0xf0,0xf0,0x30,0x08,0xdf,0x05,0xf0,0xf0,0xf0,0xf0,0xf0,0xf0,0xf0,0x30,0x02,0xdf,0x09,0xf0,0xf0,0xf0,0xf0,
    0xf0,0xf0,0xf0,0x40,0x09,0xcf,0x0d,0x01,0xf0,0xf0,0xf0,0xf0,0xf0,0xf0,0xf0,0x30,0x02,0xdf,0x04,0xf0,0xf0,0xf0,0xf0,0xf0,
    0xf0,0xf0,0x40,0x0a,0xcf,0x0a,0xf0,0xf0,0xf0,0xf0,0xf0,0xf0,0xf0,0x40,0x02,0xcf,0x0e,0x01,0xf0,0xf0,0xf0,0xf0,0xf0,0xf0,
    0xf0,0x40,0x09,0xcf,0x07,0xf0,0xf0,0xf0,0xf0,0xf0,0xf0,0xf0,0x40,0x02,0xcf,0x0d,0xf0,0xf0,0xf0,0xf0,0xf0,0xf0,0xf0,0x50,
    0x08,0xcf,0x06,0xf0,0xf0,0xf0,0xf0,0xf0,0xf0,0xf0,0x50,0x0e,0xbf,0x0d,0xf0,0xf0,0xf0,0xf0,0xf0,0xf0,0xf0,0x50,0x05,0xcf,
    0x05,0xf0,0xf0,0xf0,0xf0,0xf0,0xf0,0xf0,0x50,0x0c,0xbf,0x0d,0xf0,0xf0,0xf0,0xf0,0xf0,0xf0,0xf0,0x50,0x03,0xcf,0x07,0xf0,
    0xf0,0xf0,0xf0,0xf0,0xf0,0xf0,0x50,0x08,0xbf,0x0e,0x01,0xf0,0xf0,0xf0,0xf0,0xf0,0xf0,0xf0,0x50,0x0d,0xbf,0x09,0xf0,0xf0,
    0xf0,0xf0,0xf0,0xf0,0xf0,0x50,0x04,0xcf,0x03,0xf0,0xf0,0xf0,0xf0,0xf0,0xf0,0xf0,0x50,0x09,0xbf,0x0c,0xf0,0xf0,0xf0,0xf0,
    0xf0,0xf0,0xf0,0x60,0x0e,0xbf,0x06,0xf0,0xf0,0xf0,0xf0,0xf0,0xf0,0xf0,0x50,0x03,0xcf,0x01,0xf0,0xf0,0xf0,0xf0,0xf0,0xf0,
    0xf0,0x50,0x08,0xbf,0x0b,0xf0,0xf0,0xf0,0xf0,0xf0,0xf0,0xf0,0x60,0x0d,0xbf,0x06,0xf0,0xf0,0xf0,0xf0,0xf0,0xf0,0xf0,0x50,
    0x02,0xcf,0x02,0xf0,0xf0,0xf0,0xf0,0xf0,0xf0,0xf0,0x50,0x06,0xbf,0x0c,0xf0,0xf0,0xf0,0xf0,0xf0,0xf0,0xf0,0x60,0x0a,0xbf,
    0x08,0xf0,0xf0,0x50,0x11,0xf0,0xf0,0xf0,0xf0,0xe0,0x0e,0xbf,0x04,0xf0,0xa0,0x01,0x03,0x05,0x07,0x09,0x0b,0x1d,0x0e,0x5f,
    0x0e,0x0d,0x0c,0x0a,0x08,0x06,0x04,0x01,0xf0,0xf0,0xf0,0xf0,0x30,0x02,0xcf,0xf0,0x70,0x02,0x06,0x09,0x0c,0xff,0x6f,0x0d,
    0x0a,0x06,0x02,0xf0,0xf0,0xf0,0xf0,0x06,0xbf,0x0b,0xf0,0x40,0x03,0x08,0x0c,0xff,0xef,0x0c,0x08,0x02,0xf0,0xf0,0xf0,0xc0,
    0x09,0xbf,0x08,0xf0,0x10,0x02,0x08,0x0d,0xff,0xff,0x4f,0x0c,0x06,0xf0,0xf0,0xf0,0xa0,0x0c,0xbf,0x05,0xf0,0x04,0x0a,0xff,
    0xff,0x9f,0x0e,0x07,0xf0,0xf0,0xf0,0x70,0x01,0xcf,0x01,0xd0,0x04,0x0c,0xff,0xff,0xdf,0x0d,0x05,0xf0,0xf0,0xf0,0x50,0x04,
    0xbf,0x0d,0xc0,0x04,0x0c,0xff,0xff,0xff,0x1f,0x0c,0x04,0xf0,0xf0,0xf0,0x30,0x07,0xbf,0x0a,0xa0,0x02,0x0a,0xff,0xff,0xff,
    0x5f,0x08,0xf0,0xf0,0xf0,0x20,0x09,0xbf,0x08,0x90,0x06,0x0e,0xff,0xff,0xff,0x7f,0x0c,0x03,0xf0,0xf0,0xf0,0x00,0x0c,0xbf,
    0x06,0x70,0x02,0x0b,0xff,0xff,0xff,0xbf,0x07,0xf0,0xf0,0xf0,0xcf,0x03,0x60,0x04,0x0e,0xff,0xff,0xff,0xdf,0x09,0xf0,0xf0,
    0xd0,0x02,0xcf,0x01,0x50,0x06,0xff,0xff,0xff,0xff,0x0f,0x0a,0xf0,0xf0,0xc0,0x04,0xbf,0x0e,0x50,0x09,0xff,0x6f,0x0d,0x0a,
    0x08,0x06,0x04,0x03,0x11,0x10,0x01,0x12,0x03,0x05,0x07,0x09,0x0c,0x0e,0xff,0x8f,0x0b,0x01,0xf0,0xf0,0xa0,0x06,0xbf,0x0c,
    0x40,0x0a,0xff,0x3f,0x0d,0x09,0x05,0x01,0xf0,0x20,0x03,0x08,0x0c,0xff,0x6f,0x0c,0x01,0xf0,0xf0,0x90,0x09,0xbf,0x0a,0x30,
    0x0b,0xff,0x1f,0x0e,0x08,0x03,0xf0,0x90,0x02,0x08,0x0e,0xff,0x4f,0x0a,0xf0,0xf0,0x90,0x0b,0xbf,0x09,0x20,0x0b,0xff,0x0f,
    0x0b,0x05,0xf0,0xf0,0x05,0x0c,0xff,0x3f,0x09,0xf0,0xf0,0x80,0x0d,0xbf,0x07,0x10,0x0a,0xff,0x0b,0x04,0xf0,0xf0,0x30,0x06,
    0x0e,0xff,0x2f,0x07,0xf0,0xf0,0x70,0x0e,0xbf,0x06,0x00,0x08,0xef,0x0d,0x04,0xf0,0xf0,0x60,0x01,0x09,0xff,0x2f,0x03,0xf0,
    0xf0,0x50,0x01,0xcf,0x15,0xdf,0x0e,0x07,0xf0,0xf0,0xa0,0x05,0x0e,0xff,0x0f,0x0d,0x01,0xf0,0xf0,0x40,0x02,0xcf,0x06,0x0e,
    0xcf,0x0a,0x01,0xf0,0xf0,0xc0,0x02,0x0c,0xff,0x0f,0x0a,0xf0,0xf0,0x40,0x04,0xff,0xaf,0x06,0xf0,0xf0,0xf0,0x00,0x0a,0xff,
    0x0f,0x05,0xf0,0xf0,0x30,0x05,0xff,0x8f,0x0d,0x03,0xf0,0xf0,0xf0,0x20,0x0a,0xff,0x0e,0x01,0xf0,0xf0,0x20,0x07,0xff,0x7f,
    0x0a,0x01,0xf0,0xf0,0xf0,0x40,0x09,0xff,0x08,0xf0,0xf0,0x20,0x08,0xff,0x6f,0x09,0xf0,0xf0,0xf0,0x70,0x0b,0xff,0x02,0xf0,
    0xf0,0x10,0x09,0xff,0x5f,0x09,0xf0,0xf0,0xf0,0x80,0x01,0x0d,0xef,0x0a,0xf0,0xf0,0x10,0x0a,0xff,0x4f,0x08,0xf0,0xf0,0xf0,
    0xa0,0x02,0x0e,0xef,0x03,0xf0,0xf0,0x00,0x0b,0xff,0x3f,0x09,0xf0,0xf0,0xf0,0xc0,0x06,0xef,0x0a,0xf0,0xf0,0x00,0x0c,0xff,
    0x2f,0x0b,0xf0,0xf0,0xf0,0xe0,0x0b,0xef,0x02,0xf0,0xf0,0x0c,0xff,0x1f,0x0d,0x01,0xf0,0xf0,0xf0,0xe0,0x02,0x0e,0xdf,0x09,
    0xf0,0xf0,0x0d,0xff,0x0f,0x0e,0x03,0xf0,0xf0,0xf0,0xf0,0x00,0x08,0xef,0x01,0xf0,0xe0,0x0e,0xff,0x0f,0x06,0xf0,0xf0,0xf0,
    0xf0,0x10,0x01,0x0e,0xdf,0x06,0xf0,0xe0,0x0e,0xff,0x0b,0xf0,0xf0,0xf0,0xf0,0x30,0x06,0xdf,0x0c,0xf0,0xe0,0x0e,0xef,0x0e,
    0x02,0xf0,0xf0,0xf0,0xf0,0x40,0x0d,0xdf,0x02,0xf0,0xd0,0x0e,0xef,0x08,0xf0,0xf0,0xf0,0xf0,0x50,0x07,0xdf,0x07,0xf0,0xd0,
    0xef,0x0e,0x01,0xf0,0xf0,0xf0,0xf0,0x50,0x01,0x0e,0xcf,0x0c,0xf0,0xd0,0xef,0x07,0xf0,0xf0,0xf0,0xf0,0x70,0x09,0xdf,0x02,
    0xf0,0xc0,0xef,0x01,0xf0,0xf0,0xf0,0xf0,0x70,0x04,0xdf,0x06,0xf0,0xc0,0xdf,0x0a,0xf0,0xf0,0xf0,0xf0,0x90,0x0e,0xcf,0x0a,
    0xf0,0xc0,0xdf,0x04,0xf0,0xf0,0xf0,0xf0,0x90,0x09,0xcf,0x0e,0xf0,0xc0,0xdf,0xf0,0xf0,0xf0,0xf0,0xa0,0x04,0xdf,0x02,0xf0,
    0xb0,0xdf,0xf0,0xf0,0xf0,0xf0,0xa0,0x01,0xdf,0x05,0xf0,0xb0,0xdf,0xf0,0xf0,0xf0,0xf0,0xb0,0x0c,0xcf,0x08,0xf0,0xb0,0xdf,
    0xf0,0xf0,0xf0,0xf0,0xb0,0x08,0xcf,0x0b,0xf0,0xb0,0xdf,0xf0,0xf0,0xf0,0xf0,0xb0,0x04,0xcf,0x0e,0xf0,0xb0,0xcf,0x0e,0xf0,
    0xf0,0xf0,0xf0,0xb0,0x02,0xdf,0x02,0xf0,0xa0,0xcf,0x0e,0xf0,0xf0,0xf0,0xf0,0xc0,0x0e,0xcf,0x04,0xf0,0xa0,0xcf,0x0e,0xf0,
    0xf0,0xf0,0xf0,0xc0,0x0c,0xcf,0x05,0xf0,0xa0,0xcf,0x0e,0xf0,0xf0,0xf0,0xf0,0xc0,0x09,0xcf,0x07,0xf0,0xa0,0xcf,0x0e,0xf0,
    0xf0,0xf0,0xf0,0xc0,0x07,0xcf,0x09,0xf0,0xa0,0xcf,0x0e,0xf0,0xf0,0xf0,0xf0,0xc0,0x06,0xcf,0x0a,0xf0,0xa0,0xcf,0x0e,0xf0,
    0xf0,0xf0,0xf0,0xc0,0x04,0xcf,0x0b,0xf0,0xa0,0xcf,0x0e,0xf0,0xf0,0xf0,0xf0,0xc0,0x03,0xcf,0x0c,0xf0,0xa0,0x0e,0xcf,0xf0,
    0xf0,0xf0,0xf0,0xc0,0x02,0xcf,0x0d,0xf0,0xa0,0x0e,0xcf,0xf0,0xf0,0xf0,0xf0,0xc0,0x01,0xcf,0x0d,0xf0,0xa0,0x0d,0xcf,0x01,
    0xf0,0xf0,0xf0,0xf0,0xb0,0x01,0xcf,0x0e,0xf0,0xa0,0x0d,0xcf,0x01,0xf0,0xf0,0xf0,0xf0,0xc0,0xcf,0x0e,0xf0,0xa0,0x0c,0xcf,
    0x02,0xf0,0xf0,0xf0,0xf0,0xc0,0xcf,0x0e,0xf0,0xa0,0x0c,0xcf,0x03,0xf0,0xf0,0xf0,0xf0,0xb0,0x01,0xcf,0x0d,0xf0,0xa0,0x0a,
    0xcf,0x04,0xf0,0xf0,0xf0,0xf0,0xb0,0x01,0xcf,0x0d,0xf0,0xa0,0x08,0xcf,0x06,0xf0,0xf0,0xf0,0xf0,0xb0,0x02,0xcf,0x0c,0xf0,
    0xa0,0x07,0xcf,0x07,0xf0,0xf0,0xf0,0xf0,0xb0,0x02,0xcf,0x0c,0xf0,0xa0,0x05,0xcf,0x09,0xf0,0xf0,0xf0,0xf0,0xb0,0x03,0xcf,
    0x0b,0xf0,0xa0,0x03,0xcf,0x0b,0xf0,0xf0,0xf0,0xf0,0xb0,0x05,0xcf,0x0a,0xf0,0xa0,0x01,0xcf,0x0d,0xf0,0xf0,0xf0,0xf0,0xb0,
    0x06,0xcf,0x08,0xf0,0xb0,0x0e,0xcf,0x01,0xf0,0xf0,0xf0,0xf0,0xa0,0x08,0xcf,0x07,0xf0,0xb0,0x0b,0xcf,0x04,0xf0,0xf0,0xf0,
    0xf0,0xa0,0x0a,0xcf,0x05,0xf0,0xb0,0x08,0xcf,0x07,0xf0,0xf0,0xf0,0xf0,0xa0,0x0c,0xcf,0x03,0xf0,0xb0,0x05,0xcf,0x0a,0xf0,
    0xf0,0xf0,0xf0,0xa0,0xdf,0x01,0xf0,0xb0,0x02,0xcf,0x0e,0xf0,0xf0,0xf0,0xf0,0x90,0x03,0xcf,0x0e,0xf0,0xd0,0x0e,0xcf,0x03,
    0xf0,0xf0,0xf0,0xf0,0x80,0x05,0xcf,0x0b,0xf0,0xd0,0x0a,0xcf,0x07,0xf0,0xf0,0xf0,0xf0,0x80,0x09,0xcf,0x08,0xf0,0xd0,0x06,
    0xcf,0x0c,0xf0,0xf0,0xf0,0xf0,0x80,0x0d,0xcf,0x05,0xf0,0xd0,0x01,0xdf,0x01,0xf0,0xf0,0xf0,0xf0,0x60,0x02,0xdf,0x02,0xf0,
    0xe0,0x0c,0xcf,0x06,0xf0,0xf0,0xf0,0xf0,0x60,0x06,0xcf,0x0e,0xf0,0xf0,0x07,0xcf,0x0c,0xf0,0xf0,0xf0,0xf0,0x60,0x0a,0xcf,
    0x0a,0xf0,0xf0,0x03,0xdf,0x03,0xf0,0xf0,0xf0,0xf0,0x40,0x01,0xdf,0x06,0xf0,0xf0,0x00,0x0c,0xcf,0x09,0xf0,0xf0,0xf0,0xf0,
    0x40,0x06,0xdf,0x01,0xf0,0xf0,0x00,0x07,0xcf,0x0e,0x01,0xf0,0xf0,0xf0,0xf0,0x30,0x0b,0xcf,0x0c,0xf0,0xf0,0x10,0x01,0xdf,
    0x08,0xf0,0xf0,0xf0,0xf0,0x20,0x02,0xdf,0x08,0xf0,0xf0,0x20,0x0a,0xcf,0x0e,0x01,0xf0,0xf0,0xf0,0xf0,0x10,0x08,0xdf,0x02,
    0xf0,0xf0,0x20,0x04,0xdf,0x07,0xf0,0xf0,0xf0,0xf0,0x00,0x01,0x0e,0xcf,0x0c,0xf0,0xf0,0x40,0x0d,0xcf,0x0e,0x01,0xf0,0xf0,
    0xf0,0xf0,0x07,0xdf,0x06,0xf0,0xf0,0x40,0x05,0xdf,0x09,0xf0,0xf0,0xf0,0xe0,0x01,0x0e,0xdf,0x01,0xf0,0xf0,0x50,0x0d,0xdf,
    0x04,0xf0,0xf0,0xf0,0xd0,0x08,0xdf,0x0a,0xf0,0xf0,0x60,0x05,0xdf,0x0d,0xf0,0xf0,0xf0,0xc0,0x02,0xef,0x03,0xf0,0xf0,0x70,
    0x0d,0xdf,0x08,0xf0,0xf0,0xf0,0xb0,0x0a,0xdf,0x0b,0xf0,0xf0,0x80,0x05,0xef,0x05,0xf0,0xf0,0xf0,0x90,0x05,0xef,0x03,0xf0,
    0xf0,0x90,0x0b,0xdf,0x0e,0x02,0xf0,0xf0,0xf0,0x70,0x01,0x0e,0xdf,0x0b,0xf0,0xf0,0xa0,0x02,0xef,0x0c,0x01,0xf0,0xf0,0xf0,
    0x60,0x0b,0xef,0x04,0xf0,0xf0,0xb0,0x07,0xef,0x0b,0xf0,0xf0,0xf0,0x50,0x08,0xef,0x0a,0xf0,0xf0,0xd0,0x0d,0xef,0x0b,0xf0,
    0xf0,0xf0,0x30,0x05,0xef,0x0e,0x02,0xf0,0xf0,0xd0,0x03,0xff,0x0a,0xf0,0xf0,0xf0,0x10,0x04,0xff,0x07,0xf0,0xf0,0xf0,0x07,
    0xff,0x0b,0x01,0xf0,0xf0,0xe0,0x04,0x0e,0xef,0x0c,0xf0,0xf0,0xf0,0x10,0x0a,0xff,0x0d,0x02,0xf0,0xf0,0xc0,0x05,0xff,0x0f,
    0x03,0xf0,0xf0,0xf0,0x10,0x01,0x0d,0xff,0x0e,0x05,0xf0,0xf0,0xa0,0x06,0xff,0x0f,0x06,0xf0,0xf0,0xf0,0x30,0x03,0x0e,0xff,
    0x0f,0x0a,0x01,0xf0,0xf0,0x60,0x01,0x0a,0xff,0x0f,0x0a,0xf0,0xf0,0xf0,0x50,0x04,0xff,0x1f,0x0e,0x05,0xf0,0xf0,0x40,0x04,
    0x0d,0xff,0x0f,0x0d,0x01,0xf0,0xf0,0xf0,0x60,0x05,0xff,0x2f,0x0c,0x04,0xf0,0xf0,0x00,0x02,0x0a,0xff,0x1f,0x0e,0x02,0xf0,
    0xf0,0xf0,0x80,0x06,0xff,0x3f,0x0b,0x04,0xf0,0xc0,0x01,0x08,0x0e,0xff,0x1f,0x0e,0x03,0xf0,0xf0,0xf0,0xa0,0x07,0xff,0x4f,
    0x0d,0x08,0x02,0xf0,0x70,0x03,0x09,0xff,0x4f,0x04,0xf0,0xf0,0xf0,0xc0,0x06,0xff,0x6f,0x0c,0x08,0x04,0x01,0xf0,0x00,0x04,
    0x08,0x0d,0xff,0x5f,0x05,0xf0,0xf0,0xf0,0xe0,0x04,0x0e,0xff,0x8f,0x0c,0x0a,0x08,0x05,0x04,0x03,0x02,0x11,0x02,0x13,0x05,
    0x07,0x09,0x0c,0x0e,0xff,0x6f,0x0e,0x04,0xf0,0xf0,0xf0,0xf0,0x00,0x02,0x0d,0xff,0xff,0xff,0xef,0x0e,0x03,0xf0,0xf0,0xf0,
    0xf0,0x20,0x01,0x0b,0xff,0xff,0xff,0xcf,0x0c,0x02,0xf0,0xf0,0xf0,0xf0,0x50,0x06,0x0e,0xff,0xff,0xff,0x9f,0x0a,0x01,0xf0,
    0xf0,0xf0,0xf0,0x70,0x02,0x0c,0xff,0xff,0xff,0x6f,0x0e,0x05,0xf0,0xf0,0xf0,0xf0,0xb0,0x07,0x0e,0xff,0xff,0xff,0x3f,0x0b,
    0x02,0xf0,0xf0,0xf0,0xf0,0xd0,0x01,0x09,0xff,0xff,0xff,0x0f,0x0d,0x05,0xf0,0xf0,0xf0,0xf0,0xf0,0x10,0x02,0x0a,0xff,0xff,
    0xcf,0x0e,0x07,0xf0,0xf0,0xf0,0xf0,0xf0,0x50,0x03,0x0a,0xff,0xff,0x8f,0x0e,0x08,0x01,0xf0,0xf0,0xf0,0xf0,0xf0,0x80,0x02,
    0x07,0x0d,0xff,0xff,0x3f,0x0c,0x06,0x01,0xf0,0xf0,0xf0,0xf0,0xf0,0xd0,0x03,0x08,0x0d,0xff,0xdf,0x0d,0x08,0x03,0xf0,0xf0,
    0xf0,0xf0,0xf0,0xf0,0x30,0x02,0x06,0x09,0x0d,0xff,0x5f,0x0d,0x0a,0x06,0x02,0xf0,0xf0,0xf0,0xf0,0xf0,0xf0,0xa0,0x01,0x03,
    0x06,0x07,0x09,0x0b,0x0c,0x0d,0x1e,0x2f,0x1e,0x0d,0x0c,0x0a,0x08,0x06,0x04,0x01,0xf0,0xf0,0xf0,0x30,0x80,0xf1,0xf1,0xf1,
    0xf1,0xf1,0xf1,0xf1,0xf0,0x40,0xff,0xff,0xff,0xff,0xff,0xff,0xff,0xf0,0x40,0xff,0xff,0xff,0xff,0xff,0xff,0xff,0xf0,0x40,
    0xff,0xff,0xff,0xff,0xff,0xff,0xff,0xf0,0x40,0xff,0xff,0xff,0xff,0xff,0xff,0xff,0xf0,0x40,0xff,0xff,0xff,0xff,0xff,0xff,
    0xff,0xf0,0x40,0xff,0xff,0xff,0xff,0xff,0xff,0xff,0xf0,0x40,0xff,0xff,0xff,0xff,0xff,0xff,0xff,0xf0,0x40,0xff,0xff,0xff,
    0xff,0xff,0xff,0xff,0xf0,0x40,0xff,0xff,0xff,0xff,0xff,0xff,0xef,0x0c,0xf0,0x40,0xff,0xff,0xff,0xff,0xff,0xff,0xef,0x05,
    0xf0,0x40,0xff,0xff,0xff,0xff,0xff,0xff,0xdf,0x0d,0xf0,0x50,0xff,0xff,0xff,0xff,0xff,0xff,0xdf,0x07,0xf0,0xf0,0xf0,0xf0,
    0xf0,0xf0,0xf0,0x50,0x03,0xbf,0x0e,0x01,0xf0,0xf0,0xf0,0xf0,0xf0,0xf0,0xf0,0x50,0x0a,0xbf,0x08,0xf0,0xf0,0xf0,0xf0,0xf0,
    0xf0,0xf0,0x50,0x02,0xcf,0x02,0xf0,0xf0,0xf0,0xf0,0xf0,0xf0,0xf0,0x50,0x09,0xbf,0x0a,0xf0,0xf0,0xf0,0xf0,0xf0,0xf0,0xf0,
    0x50,0x01,0x0e,0xbf,0x03,0xf0,0xf0,0xf0,0xf0,0xf0,0xf0,0xf0,0x50,0x07,0xbf,0x0b,0xf0,0xf0,0xf0,0xf0,0xf0,0xf0,0xf0,0x60,
    0x0e,0xbf,0x05,0xf0,0xf0,0xf0,0xf0,0xf0,0xf0,0xf0,0x50,0x06,0xbf,0x0d,0xf0,0xf0,0xf0,0xf0,0xf0,0xf0,0xf0,0x60,0x0d,0xbf,
    0x06,0xf0,0xf0,0xf0,0xf0,0xf0,0xf0,0xf0,0x50,0x05,0xbf,0x0e,0x01,0xf0,0xf0,0xf0,0xf0,0xf0,0xf0,0xf0,0x50,0x0c,0xbf,0x08,
    0xf0,0xf0,0xf0,0xf0,0xf0,0xf0,0xf0,0x50,0x04,0xcf,0x01,0xf0,0xf0,0xf0,0xf0,0xf0,0xf0,0xf0,0x50,0x0a,0xbf,0x09,0xf0,0xf0,
    0xf0,0xf0,0xf0,0xf0,0xf0,0x50,0x02,0xcf,0x03,0xf0,0xf0,0xf0,0xf0,0xf0,0xf0,0xf0,0x50,0x09,0xbf,0x0b,0xf0,0xf0,0xf0,0xf0,
    0xf0,0xf0,0xf0,0x50,0x01,0xcf,0x04,0xf0,0xf0,0xf0,0xf0,0xf0,0xf0,0xf0,0x50,0x08,0xbf,0x0c,0xf0,0xf0,0xf0,0xf0,0xf0,0xf0,
    0xf0,0x50,0x01,0x0e,0xbf,0x06,0xf0,0xf0,0xf0,0xf0,0xf0,0xf0,0xf0,0x50,0x06,0xbf,0x0e,0xf0,0xf0,0xf0,0xf0,0xf0,0xf0,0xf0,
    0x60,0x0d,0xbf,0x07,0xf0,0xf0,0xf0,0xf0,0xf0,0xf0,0xf0,0x50,0x05,0xbf,0x0e,0x01,0xf0,0xf0,0xf0,0xf0,0xf0,0xf0,0xf0,0x50,
    0x0c,0xbf,0x09,0xf0,0xf0,0xf0,0xf0,0xf0,0xf0,0xf0,0x50,0x04,0xcf,0x02,0xf0,0xf0,0xf0,0xf0,0xf0,0xf0,0xf0,0x50,0x0b,0xbf,
    0x0a,0xf0,0xf0,0xf0,0xf0,0xf0,0xf0,0xf0,0x50,0x03,0xcf,0x04,0xf0,0xf0,0xf0,0xf0,0xf0,0xf0,0xf0,0x50,0x09,0xbf,0x0c,0xf0,
    0xf0,0xf0,0xf0,0xf0,0xf0,0xf0,0x50,0x02,0xcf,0x05,0xf0,0xf0,0xf0,0xf0,0xf0,0xf0,0xf0,0x50,0x08,0xbf,0x0d,0xf0,0xf0,0xf0,
    0xf0,0xf0,0xf0,0xf0,0x50,0x01,0x0e,0xbf,0x07,0xf0,0xf0,0xf0,0xf0,0xf0,0xf0,0xf0,0x50,0x07,0xbf,0x0e,0x01,0xf0,0xf0,0xf0,
    0xf0,0xf0,0xf0,0xf0,0x50,0x0d,0xbf,0x08,0xf0,0xf0,0xf0,0xf0,0xf0,0xf0,0xf0,0x50,0x05,0xcf,0x02,0xf0,0xf0,0xf0,0xf0,0xf0,
    0xf0,0xf0,0x50,0x0c,0xbf,0x0a,0xf0,0xf0,0xf0,0xf0,0xf0,0xf0,0xf0,0x50,0x04,0xcf,0x03,0xf0,0xf0,0xf0,0xf0,0xf0,0xf0,0xf0,
    0x50,0x0b,0xbf,0x0b,0xf0,0xf0,0xf0,0xf0,0xf0,0xf0,0xf0,0x50,0x03,0xcf,0x05,0xf0,0xf0,0xf0,0xf0,0xf0,0xf0,0xf0,0x50,0x0a,
    0xbf,0x0d,0xf0,0xf0,0xf0,0xf0,0xf0,0xf0,0xf0,0x50,0x02,0xcf,0x06,0xf0,0xf0,0xf0,0xf0,0xf0,0xf0,0xf0,0x50,0x08,0xbf,0x0e,
    0x01,0xf0,0xf0,0xf0,0xf0,0xf0,0xf0,0xf0,0x40,0x01,0x0e,0xbf,0x08,0xf0,0xf0,0xf0,0xf0,0xf0,0xf0,0xf0,0x50,0x07,0xcf,0x01,
    0xf0,0xf0,0xf0,0xf0,0xf0,0xf0,0xf0,0x50,0x0d,0xbf,0x09,0xf0,0xf0,0xf0,0xf0,0xf0,0xf0,0xf0,0x50,0x06,0xcf,0x03,0xf0,0xf0,
    0xf0,0xf0,0xf0,0xf0,0xf0,0x50,0x0c,0xbf,0x0b,0xf0,0xf0,0xf0,0xf0,0xf0,0xf0,0xf0,0x50,0x04,0xcf,0x04,0xf0,0xf0,0xf0,0xf0,
    0xf0,0xf0,0xf0,0x50,0x0b,0xbf,0x0c,0xf0,0xf0,0xf0,0xf0,0xf0,0xf0,0xf0,0x50,0x03,0xcf,0x06,0xf0,0xf0,0xf0,0xf0,0xf0,0xf0,
    0xf0,0x50,0x0a,0xbf,0x0e,0xf0,0xf0,0xf0,0xf0,0xf0,0xf0,0xf0,0x50,0x02,0xcf,0x07,0xf0,0xf0,0xf0,0xf0,0xf0,0xf0,0xf0,0x50,
    0x09,0xbf,0x0e,0x01,0xf0,0xf0,0xf0,0xf0,0xf0,0xf0,0xf0,0x40,0x01,0x0e,0xbf,0x09,0xf0,0xf0,0xf0,0xf0,0xf0,0xf0,0xf0,0x50,
    0x07,0xcf,0x02,0xf0,0xf0,0xf0,0xf0,0xf0,0xf0,0xf0,0x50,0x0e,0xbf,0x0a,0xf0,0xf0,0xf0,0xf0,0xf0,0xf0,0xf0,0x50,0x06,0xcf,
    0x04,0xf0,0xf0,0xf0,0xf0,0xf0,0xf0,0xf0,0x50,0x0d,0xbf,0x0c,0xf0,0xf0,0xf0,0xf0,0xf0,0xf0,0xf0,0x50,0x05,0xcf,0x05,0xf0,
    0xf0,0xf0,0xf0,0xf0,0xf0,0xf0,0x50,0x0c,0xbf,0x0d,0xf0,0xf0,0xf0,0xf0,0xf0,0xf0,0xf0,0x50,0x03,0xcf,0x07,0xf0,0xf0,0xf0,
    0xf0,0xf0,0xf0,0xf0,0x50,0x0a,0xbf,0x0e,0x01,0xf0,0xf0,0xf0,0xf0,0xf0,0xf0,0xf0,0x40,0x02,0xcf,0x08,0xf0,0xf0,0xf0,0xf0,
    0xf0,0xf0,0xf0,0x50,0x09,0xcf,0x02,0xf0,0xf0,0xf0,0xf0,0xf0,0xf0,0xf0,0x40,0x01,0xcf,0x0a,0xf0,0xf0,0xf0,0xf0,0xf0,0xf0,
    0xf0,0x50,0x08,0xcf,0x03,0xf0,0xf0,0xf0,0xf0,0xf0,0xf0,0xf0,0x40,0x01,0x0e,0xbf,0x0b,0xf0,0xf0,0xf0,0xf0,0xf0,0xf0,0xf0,
    0x50,0x06,0xcf,0x05,0xf0,0xf0,0xf0,0xf0,0xf0,0xf0,0xf0,0x50,0x0d,0xbf,0x0d,0xf0,0xf0,0xf0,0xf0,0xf0,0xf0,0xf0,0x50,0x05,
    0xcf,0x06,0xf0,0xf0,0xf0,0xf0,0xf0,0xf0,0xf0,0x50,0x0c,0xbf,0x0e,0x01,0xf0,0xf0,0xf0,0xf0,0xf0,0xf0,0xf0,0x40,0x04,0xcf,
    0x08,0xf0,0xf0,0xf0,0xf0,0xf0,0xf0,0xf0,0x50,0x0b,0xcf,0x02,0xf0,0xf0,0xf0,0xf0,0xf0,0xf0,0xf0,0x40,0x02,0xcf,0x09,0xf0,
    0xf0,0xf0,0xf0,0xf0,0xf0,0xf0,0x50,0x09,0xcf,0x03,0xf0,0xf0,0xf0,0xf0,0xf0,0xf0,0xf0,0x40,0x01,0xcf,0x0b,0xf0,0xf0,0xf0,
    0xf0,0xf0,0xf0,0xf0,0x50,0x08,0xcf,0x04,0xf0,0xf0,0xf0,0xf0,0xf0,0xf0,0xf0,0x40,0x01,0x0e,0xbf,0x0c,0xf0,0xf0,0xf0,0xf0,
    0xf0,0xf0,0xf0,0x50,0x07,0xcf,0x06,0xf0,0xf0,0xf0,0xf0,0xf0,0xf0,0xf0,0x50,0x0d,0xbf,0x0e,0xf0,0xf0,0xf0,0xf0,0xf0,0xf0,
    0xf0,0x50,0x05,0xcf,0x07,0xf0,0xf0,0xf0,0xf0,0xf0,0xf0,0xf0,0x50,0x0c,0xbf,0x0e,0x01,0xf0,0xf0,0xf0,0xf0,0xf0,0xf0,0xf0,
    0x40,0x04,0xcf,0x09,0xf0,0xf0,0xf0,0xf0,0xf0,0xf0,0xf0,0x50,0x0b,0xcf,0x02,0xf0,0xf0,0xf0,0xf0,0xf0,0xf0,0xf0,0x40,0x03,
    0xcf,0x0b,0xf0,0xf0,0xf0,0xf0,0xf0,0xf0,0xf0,0x50,0x0a,0xcf,0x04,0xf0,0xf0,0xf0,0xf0,0xf0,0xf0,0xf0,0x40,0x02,0xcf,0x0c,
    0xf0,0xf0,0xf0,0xf0,0xf0,0xf0,0xf0,0x50,0x08,0xcf,0x05,0xf0,0xf0,0xf0,0xf0,0xf0,0xf0,0xf0,0x40,0x01,0x0e,0xbf,0x0d,0xf0,
    0xf0,0xf0,0xf0,0xf0,0xf0,0xf0,0x50,0x07,0xcf,0x07,0xf0,0xf0,0xf0,0xf0,0xf0,0xf0,0xf0,0x50,0x0d,0xbf,0x0e,0x01,0xf0,0xf0,
    0xf0,0xf0,0xf0,0xf0,0xf0,0x40,0x06,0xcf,0x08,0xf0,0xf0,0xf0,0xf0,0xf0,0xf0,0xf0,0x50,0x0c,0xcf,0x02,0xf0,0xf0,0xf0,0xf0,
    0xf0,0xf0,0xf0,0x40,0x04,0xcf,0x0a,0xf0,0xf0,0xf0,0xf0,0xf0,0xf0,0xf0,0x50,0x0b,0xcf,0x03,0xf0,0xf0,0xf0,0xf0,0xf0,0xf0,
    0xf0,0x40,0x03,0xcf,0x0c,0xf0,0xf0,0xf0,0xf0,0xf0,0xf0,0xf0,0x50,0x0a,0xcf,0x05,0xf0,0xf0,0xf0,0xf0,0xf0,0xf0,0xf0,0x40,
    0x02,0xcf,0x0d,0xf0,0xf0,0xf0,0xf0,0xf0,0xf0,0xf0,0x50,0x08,0xcf,0x06,0xf0,0xf0,0xf0,0xf0,0xf0,0xf0,0xf0,0x40,0x01,0x0e,
    0xbf,0x0e,0x01,0xf0,0xf0,0xf0,0xf0,0xf0,0xf0,0xf0,0x40,0x07,0xcf,0x08,0xf0,0xf0,0xf0,0xf0,0xf0,0xf0,0xf0,0x50,0x0e,0xcf,
    0x02,0xf0,0xf0,0xf0,0xf0,0xf0,0xf0,0xf0,0x40,0x06,0xcf,0x0a,0xf0,0xf0,0xf0,0xf0,0xf0,0xf0,0xf0,0x50,0x0d,0xcf,0x03,0xf0,
    0xf0,0xf0,0xf0,0xf0,0xf0,0xf0,0x40,0x05,0xcf,0x0b,0xf0,0xf0,0xf0,0xf0,0xf0,0xf0,0xf0,0x50,0x0b,0xcf,0x04,0xf0,0xf0,0xf0,
    0xf0,0xf0,0xf0,0xf0,0x40,0x03,0xcf,0x0d,0xf0,0xf0,0xf0,0xf0,0xf0,0xf0,0xf0,0x50,0x0a,0xcf,0x06,0xf0,0xf0,0xf0,0xf0,0xf0,
    0xf0,0xf0,0x40,0x02,0xcf,0x0e,0xf0,0xf0,0xf0,0xf0,0xf0,0xf0,0xf0,0x50,0x09,0xcf,0x07,0xf0,0xf0,0xf0,0xf0,0xf0,0xf0,0xf0,
    0x40,0x01,0x0e,0xcf,0x01,0xf0,0xf0,0xf0,0xf0,0xf0,0xf0,0xf0,0x40,0x07,0xcf,0x09,0xf0,0xf0,0xf0,0xf0,0xf0,0xf0,0xf0,0x40,
    0x01,0x0e,0xcf,0x02,0xf0,0xf0,0xf0,0xf0,0xf0,0xf0,0xf0,0x40,0x06,0xcf,0x0b,0xf0,0xf0,0xf0,0xf0,0xf0,0xf0,0xf0,0x50,0x0d,
    0xcf,0x04,0xf0,0xf0,0xf0,0xf0,0xf0,0xf0,0xf0,0x40,0x05,0xcf,0x0c,0xf0,0xf0,0xf0,0xf0,0xf0,0xf0,0xf0,0x50,0x0c,0xcf,0x05,
    0xf0,0xf0,0xf0,0xf0,0xf0,0xf0,0xf0,0x40,0x04,0xcf,0x0d,0xf0,0xf0,0xf0,0xf0,0xf0,0xf0,0xf0,0x50,0x0a,0xcf,0x07,0xf0,0xf0,
    0xf0,0xf0,0xf0,0xf0,0xf0,0x40,0x02,0xcf,0x0e,0x01,0xf0,0xf0,0xf0,0xf0,0xf0,0xf0,0xf0,0x40,0x09,0xcf,0x09,0xf0,0xf0,0xf0,
    0xf0,0xf0,0xf0,0xf0,0x40,0x01,0xdf,0x02,0xf0,0xf0,0xf0,0xf0,0xf0,0xf0,0xf0,0x40,0x08,0xcf,0x0a,0xf0,0xf0,0xf0,0xf0,0xf0,
    0xf0,0xf0,0x40,0x01,0x0e,0xcf,0x03,0xf0,0xf0,0xf0,0xf0,0xf0,0xf0,0xf0,0x40,0x06,0xcf,0x0c,0xf0,0xf0,0xf0,0xf0,0xf0,0xf0,
    0xf0,0x50,0x0d,0xcf,0x05,0xf0,0xf0,0xf0,0xf0,0xf0,0xf0,0xf0,0x40,0x05,0xcf,0x0d,0xf0,0xf0,0xf0,0xf0,0xf0,0xf0,0xf0,0x50,
    0x0c,0xcf,0x07,0xf0,0xf0,0xf0,0xf0,0xf0,0xf0,0xf0,0x40,0x04,0xcf,0x0e,0x01,0xf0,0xf0,0xf0,0xf0,0xf0,0xf0,0xf0,0x40,0x0b,
    0xcf,0x08,0xf0,0xf0,0xf0,0xf0,0xf0,0xf0,0xf0,0x40,0x03,0xdf,0x02,0xf0,0xf0,0xf0,0xf0,0xf0,0xf0,0xf0,0x40,0x09,0xcf,0x0a,
    0xf0,0xf0,0xf0,0xf0,0xf0,0xf0,0xf0,0x40,0x02,0xdf,0x03,0xf0,0xf0,0xf0,0xf0,0xf0,0xf0,0xf0,0x40,0x08,0xcf,0x0b,0xf0,0xf0,
    0xf0,0xf0,0xf0,0xf0,0xf0,0x40,0x01,0x0e,0xcf,0x04,0xf0,0xf0,0xf0,0xf0,0xf0,0xf0,0xf0,0x40,0x07,0xcf,0x0d,0xf0,0xf0,0xf0,
    0xf0,0xf0,0xf0,0xf0,0x50,0x0d,0xcf,0x06,0xf0,0xf0,0xf0,0xf0,0xf0,0xf0,0xf0,0x40,0x05,0xcf,0x0e,0x01,0xf0,0xf0,0xf0,0xf0,
    0xf0,0xf0,0xf0,0x40,0x0c,0xcf,0x08,0xf0,0xf0,0xf0,0xf0,0xf0,0xf0,0xf0,0x40,0x04,0xdf,0x01,0xf0,0xf0,0xf0,0xf0,0xf0,0xf0,
    0xf0,0x40,0x0b,0xcf,0x09,0xf0,0xf0,0xf0,0xf0,0xf0,0xf0,0xf0,0x40,0x03,0xdf,0x02,0xf0,0xf0,0xf0,0xf0,0xf0,0xf0,0xf0,0x40,
    0x0a,0xcf,0x0b,0xf0,0xf0,0xf0,0xf0,0xf0,0xf0,0xf0,0x40,0x02,0xdf,0x04,0xf0,0xf0,0xf0,0xf0,0xf0,0xf0,0xf0,0x40,0x08,0xcf,
    0x0c,0xf0,0xf0,0xf0,0xf0,0xf0,0xf0,0xf0,0x40,0x01,0x0e,0xcf,0x06,0xf0,0xf0,0xf0,0xf0,0xf0,0xf0,0xf0,0x40,0x07,0xcf,0x0e,
    0xf0,0xf0,0xf0,0xf0,0xf0,0xf0,0xf0,0x50,0x0e,0xcf,0x07,0xf0,0xf0,0xf0,0xf0,0xf0,0xf0,0xf0,0x40,0x06,0xcf,0x0e,0x01,0xf0,
    0xf0,0xf0,0xf0,0xf0,0xf0,0xf0,0x40,0x0d,0xcf,0x09,0xf0,0xf0,0xf0,0xf0,0xf0,0xf0,0xf0,0x40,0x04,0xdf,0x02,0xf0,0xf0,0xf0,
    0xf0,0xf0,0xf0,0xf0,0x40,0x0b,0xcf,0x0a,0xf0,0xf0,0xf0,0xf0,0xf0,0xf0,0xf0,0x40,0x03,0xdf,0x03,0xf0,0xf0,0xf0,0xf0,0xf0,
    0xf0,0xf0,0x40,0x0a,0xcf,0x0c,0xf0,0xf0,0xf0,0xf0,0xf0,0xf0,0xf0,0x40,0x02,0xdf,0x05,0xf0,0xf0,0xf0,0xf0,0xf0,0xf0,0xf0,
    0x40,0x09,0xcf,0x0d,0xf0,0xf0,0xf0,0xf0,0xf0,0xf0,0xf0,0x40,0x01,0x0e,0xcf,0x07,0xf0,0xf0,0xf0,0xf0,0xf0,0xf0,0xf0,0x40,
    0x07,0xcf,0x0e,0x01,0xf0,0xf0,0xf0,0xf0,0xf0,0xf0,0xf0,0x40,0x0e,0xcf,0x08,0xf0,0xf0,0xf0,0xf0,0xf0,0xf0,0xf0,0x40,0x06,
    0xdf,0x02,0xf0,0xf0,0xf0,0xf0,0xf0,0xf0,0xf0,0x40,0x0d,0xcf,0x0a,0xf0,0xf0,0xf0,0xf0,0xf0,0xf0,0xf0,0x40,0x01,0xd8,0x02,
    0xf0,0xf0,0xf0,0xf0,0xf0,0x30,0xf0,0xf0,0xf0,0xf0,0x00,0x11,0xf0,0xf0,0xf0,0xf0,0xf0,0xf0,0xf0,0x70,0x02,0x04,0x06,0x08,
    0x0a,0x0c,0x0d,0x0e,0x6f,0x0e,0x0d,0x0c,0x0b,0x0a,0x08,0x06,0x04,0x01,0xf0,0xf0,0xf0,0xf0,0xf0,0xf0,0x70,0x01,0x04,0x08,
    0x0b,0x0e,0xff,0x7f,0x0d,0x0a,0x07,0x03,0xf0,0xf0,0xf0,0xf0,0xf0,0xf0,0x00,0x02,0x07,0x0b,0xff,0xff,0x0f,0x0e,0x0a,0x05,
    0x01,0xf0,0xf0,0xf0,0xf0,0xf0,0x90,0x01,0x06,0x0c,0xff,0xff,0x7f,0x0a,0x05,0xf0,0xf0,0xf0,0xf0,0xf0,0x50,0x03,0x0a,0xff,
    0xff,0xcf,0x0e,0x08,0x02,0xf0,0xf0,0xf0,0xf0,0xf0,0x00,0x04,0x0b,0xff,0xff,0xff,0x1f,0x09,0x02,0xf0,0xf0,0xf0,0xf0,0xc0,
    0x03,0x0b,0xff,0xff,0xff,0x5f,0x09,0x02,0xf0,0xf0,0xf0,0xf0,0x80,0x01,0x09,0xff,0xff,0xff,0x8f,0x0e,0x07,0xf0,0xf0,0xf0,
    0xf0,0x60,0x05,0x0e,0xff,0xff,0xff,0xbf,0x0d,0x03,0xf0,0xf0,0xf0,0xf0,0x20,0x01,0x0a,0xff,0xff,0xff,0xff,0x07,0xf0,0xf0,
    0xf0,0xf0,0x00,0x03,0x0d,0xff,0xff,0xff,0xff,0x1f,0x0b,0x01,0xf0,0xf0,0xf0,0xd0,0x05,0x0e,0xff,0xff,0xff,0xff,0x3f,0x0d,
    0x03,0xf0,0xf0,0xf0,0xb0,0x06,0xff,0x9f,0x0e,0x0b,0x08,0x06,0x04,0x03,0x02,0x11,0x10,0x11,0x02,0x04,0x05,0x08,0x0a,0x0d,
    0xff,0x9f,0x0e,0x04,0xf0,0xf0,0xf0,0x90,0x07,0xff,0x6f,0x0e,0x0a,0x06,0x02,0xf0,0x20,0x01,0x05,0x09,0x0d,0xff,0x7f,0x05,
    0xf0,0xf0,0xf0,0x70,0x07,0xff,0x5f,0x0a,0x04,0xf0,0xa0,0x04,0x09,0x0e,0xff,0x5f,0x04,0xf0,0xf0,0xf0,0x50,0x06,0xff,0x3f,
    0x0e,0x08,0x01,0xf0,0xe0,0x01,0x07,0x0e,0xff,0x3f,0x0e,0x04,0xf0,0xf0,0xf0,0x30,0x04,0xff,0x3f,0x08,0x01,0xf0,0xf0,0x30,
    0x07,0x0e,0xff,0x2f,0x0e,0x02,0xf0,0xf0,0xf0,0x10,0x02,0x0e,0xff,0x1f,0x0b,0x02,0xf0,0xf0,0x60,0x02,0x0a,0xff,0x2f,0x0d,
    0x01,0xf0,0xf0,0xf0,0x00,0x0c,0xff,0x0f,0x0e,0x05,0xf0,0xf0,0xa0,0x04,0x0d,0xff,0x1f,0x0a,0xf0,0xf0,0xf0,0x08,0xff,0x0f,
    0x0d,0x03,0xf0,0xf0,0xc0,0x01,0x0b,0xff,0x1f,0x06,0xf0,0xf0,0xd0,0x03,0xff,0x0f,0x0b,0x01,0xf0,0xf0,0xf0,0x09,0xff,0x0f,
    0x0e,0x02,0xf0,0xf0,0xc0,0x0c,0xff,0x0a,0xf0,0xf0,0xf0,0x20,0x06,0xff,0x0f,0x0b,0xf0,0xf0,0xb0,0x06,0xff,0x0a,0xf0,0xf0,
    0xf0,0x40,0x06,0xff,0x0f,0x05,0xf0,0xf0,0x90,0x01,0x0e,0xef,0x0b,0xf0,0xf0,0xf0,0x60,0x07,0xff,0x0d,0xf0,0xf0,0x90,0x07,
    0xef,0x0d,0x01,0xf0,0xf0,0xf0,0x70,0x08,0xff,0x06,0xf0,0xf0,0x80,0x0d,0xef,0x03,0xf0,0xf0,0xf0,0x90,0x0b,0xef,0x0d,0xf0,
    0xf0,0x70,0x06,0xef,0x07,0xf0,0xf0,0xf0,0xa0,0x01,0x0e,0xef,0x05,0xf0,0xf0,0x60,0x0c,0xdf,0x0c,0xf0,0xf0,0xf0,0xc0,0x04,
    0xef,0x0b,0xf0,0xf0,0x50,0x02,0xef,0x03,0xf0,0xf0,0xf0,0xd0,0x09,0xef,0x02,0xf0,0xf0,0x40,0x08,0xdf,0x09,0xf0,0xf0,0xf0,
    0xe0,0x01,0x0e,0xdf,0x07,0xf0,0xf0,0x40,0x0c,0xdf,0x02,0xf0,0xf0,0xf0,0xf0,0x07,0xdf,0x0c,0xf0,0xf0,0x30,0x02,0xdf,0x0a,
    0xf0,0xf0,0xf0,0xf0,0x00,0x01,0x0e,0xdf,0x02,0xf0,0xf0,0x20,0x06,0xdf,0x04,0xf0,0xf0,0xf0,0xf0,0x10,0x08,0xdf,0x06,0xf0,
    0xf0,0x20,0x09,0xcf,0x0e,0xf0,0xf0,0xf0,0xf0,0x20,0x02,0xdf,0x09,0xf0,0xf0,0x20,0x0c,0xcf,0x09,0xf0,0xf0,0xf0,0xf0,0x30,
    0x0b,0xcf,0x0d,0xf0,0xf0,0x10,0x01,0xdf,0x04,0xf0,0xf0,0xf0,0xf0,0x30,0x06,0xdf,0x01,0xf0,0xf0,0x00,0x03,0xdf,0x01,0xf0,
    0xf0,0xf0,0xf0,0x30,0x02,0xdf,0x03,0xf0,0xf0,0x00,0x05,0xcf,0x0c,0xf0,0xf0,0xf0,0xf0,0x50,0x0d,0xcf,0x06,0xf0,0xf0,0x00,
    0x07,0xcf,0x09,0xf0,0xf0,0xf0,0xf0,0x50,0x0a,0xcf,0x08,0xf0,0xf0,0x00,0x09,0xcf,0x07,0xf0,0xf0,0xf0,0xf0,0x50,0x07,0xcf,
    0x0a,0xf0,0xf0,0x00,0x0a,0xcf,0x05,0xf0,0xf0,0xf0,0xf0,0x50,0x05,0xcf,0x0b,0xf0,0xf0,0x00,0x0c,0xcf,0x03,0xf0,0xf0,0xf0,
    0xf0,0x50,0x03,0xcf,0x0c,0xf0,0xf0,0x00,0x0d,0xcf,0x02,0xf0,0xf0,0xf0,0xf0,0x50,0x02,0xcf,0x0d,0xf0,0xf0,0x00,0x0d,0xcf,
    0x01,0xf0,0xf0,0xf0,0xf0,0x60,0xcf,0x0e,0xf0,0xf0,0x00,0x0e,0xcf,0xf0,0xf0,0xf0,0xf0,0x70,0xcf,0x0e,0xf0,0xf0,0x00,0x0e,
    0xcf,0xf0,0xf0,0xf0,0xf0,0x70,0x0e,0xcf,0xf0,0xf0,0x00,0x0e,0xcf,0xf0,0xf0,0xf0,0xf0,0x70,0xdf,0xf0,0xf0,0x00,0x0e,0xcf,
    0x01,0xf0,0xf0,0xf0,0xf0,0x60,0xcf,0x0e,0xf0,0xf0,0x00,0x0d,0xcf,0x01,0xf0,0xf0,0xf0,0xf0,0x50,0x01,0xcf,0x0e,0xf0,0xf0,
    0x00,0x0c,0xcf,0x03,0xf0,0xf0,0xf0,0xf0,0x50,0x02,0xcf,0x0d,0xf0,0xf0,0x00,0x0b,0xcf,0x04,0xf0,0xf0,0xf0,0xf0,0x50,0x04,
    0xcf,0x0b,0xf0,0xf0,0x00,0x09,0xcf,0x06,0xf0,0xf0,0xf0,0xf0,0x50,0x06,0xcf,0x0a,0xf0,0xf0,0x00,0x07,0xcf,0x09,0xf0,0xf0,
    0xf0,0xf0,0x50,0x08,0xcf,0x07,0xf0,0xf0,0x00,0x04,0xcf,0x0c,0xf0,0xf0,0xf0,0xf0,0x50,0x0b,0xcf,0x05,0xf0,0xf0,0x00,0x02,
    0xdf,0xf0,0xf0,0xf0,0xf0,0x50,0x0e,0xcf,0x02,0xf0,0xf0,0x10,0x0d,0xcf,0x04,0xf0,0xf0,0xf0,0xf0,0x30,0x03,0xcf,0x0e,0xf0,
    0xf0,0x20,0x0a,0xcf,0x08,0xf0,0xf0,0xf0,0xf0,0x30,0x08,0xcf,0x0a,0xf0,0xf0,0x20,0x06,0xcf,0x0d,0xf0,0xf0,0xf0,0xf0,0x30,
    0x0d,0xcf,0x06,0xf0,0xf0,0x20,0x01,0xdf,0x04,0xf0,0xf0,0xf0,0xf0,0x10,0x04,0xdf,0x01,0xf0,0xf0,0x30,0x0b,0xcf,0x0a,0xf0,
    0xf0,0xf0,0xf0,0x10,0x0a,0xcf,0x0b,0xf0,0xf0,0x40,0x06,0xdf,0x02,0xf0,0xf0,0xf0,0xf0,0x02,0xdf,0x06,0xf0,0xf0,0x40,0x01,
    0x0e,0xcf,0x09,0xf0,0xf0,0xf0,0xf0,0x09,0xcf,0x0e,0xf0,0xf0,0x60,0x08,0xdf,0x03,0xf0,0xf0,0xf0,0xd0,0x03,0xdf,0x08,0xf0,
    0xf0,0x60,0x02,0xdf,0x0c,0xf0,0xf0,0xf0,0xd0,0x0c,0xcf,0x0e,0x01,0xf0,0xf0,0x70,0x09,0xdf,0x08,0xf0,0xf0,0xf0,0xb0,0x08,
    0xdf,0x08,0xf0,0xf0,0x80,0x02,0x0e,0xdf,0x04,0xf0,0xf0,0xf0,0x90,0x04,0xdf,0x0e,0x01,0xf0,0xf0,0x90,0x07,0xdf,0x0e,0x01,
    0xf0,0xf0,0xf0,0x70,0x02,0x0e,0xdf,0x06,0xf0,0xf0,0xb0,0x0d,0xdf,0x0c,0x01,0xf0,0xf0,0xf0,0x50,0x01,0x0d,0xdf,0x0c,0xf0,
    0xf0,0xc0,0x03,0xef,0x0c,0x01,0xf0,0xf0,0xf0,0x30,0x01,0x0c,0xdf,0x0e,0x02,0xf0,0xf0,0xd0,0x08,0xef,0x0c,0x01,0xf0,0xf0,
    0xf0,0x10,0x01,0x0c,0xef,0x06,0xf0,0xf0,0xf0,0x0b,0xef,0x0d,0x02,0xf0,0xf0,0xf0,0x03,0x0d,0xef,0x0a,0xf0,0xf0,0xf0,0x00,
    0x01,0x0d,0xef,0x0e,0x05,0xf0,0xf0,0xd0,0x06,0xff,0x0c,0x01,0xf0,0xf0,0xf0,0x10,0x03,0x0e,0xff,0x09,0x01,0xf0,0xf0,0x90,
    0x01,0x09,0xff,0x0d,0x01,0xf0,0xf0,0xf0,0x30,0x04,0xff,0x0f,0x0e,0x06,0xf0,0xf0,0x70,0x06,0x0e,0xff,0x0e,0x02,0xf0,0xf0,
    0xf0,0x50,0x04,0xff,0x1f,0x0c,0x03,0xf0,0xf0,0x30,0x04,0x0c,0xff,0x0f,0x0e,0x03,0xf0,0xf0,0xf0,0x70,0x04,0x0e,0xff,0x1f,
    0x0b,0x04,0xf0,0xf0,0x05,0x0c,0xff,0x1f,0x0d,0x03,0xf0,0xf0,0xf0,0x90,0x03,0x0e,0xff,0x2f,0x0d,0x08,0x03,0xf0,0x90,0x03,
    0x08,0x0e,0xff,0x2f,0x0d,0x02,0xf0,0xf0,0xf0,0xb0,0x02,0x0c,0xff,0x4f,0x0d,0x09,0x05,0x02,0xf0,0x10,0x02,0x06,0x0a,0x0e,
    0xff,0x4f,0x0b,0x01,0xf0,0xf0,0xf0,0xd0,0x01,0x0a,0xff,0x7f,0x0e,0x0c,0x0a,0x08,0x06,0x05,0x14,0x13,0x14,0x05,0x06,0x08,
    0x0a,0x0c,0x0e,0xff,0x7f,0x08,0xf0,0xf0,0xf0,0xf0,0x10,0x06,0x0e,0xff,0xff,0xff,0xdf,0x0d,0x04,0xf0,0xf0,0xf0,0xf0,0x30,
    0x02,0x0b,0xff,0xff,0xff,0xbf,0x09,0x01,0xf0,0xf0,0xf0,0xf0,0x60,0x05,0x0d,0xff,0xff,0xff,0x7f,0x0c,0x04,0xf0,0xf0,0xf0,
    0xf0,0x90,0x01,0x07,0x0e,0xff,0xff,0xff,0x3f,0x0d,0x06,0xf0,0xf0,0xf0,0xf0,0xd0,0x01,0x08,0x0e,0xff,0xff,0xff,0x0d,0x07,
    0xf0,0xf0,0xf0,0xf0,0xf0,0x10,0x01,0x06,0xff,0xff,0xdf,0x06,0xf0,0xf0,0xf0,0xf0,0xf0,0x30,0x05,0x0b,0xff,0xff,0xdf,0x0e,
    0x09,0x03,0xf0,0xf0,0xf0,0xf0,0xe0,0x01,0x08,0x0e,0xff,0xff,0xff,0x2f,0x0c,0x05,0xf0,0xf0,0xf0,0xf0,0xa0,0x01,0x08,0x0e,
    0xff,0xff,0xff,0x6f,0x0d,0x05,0xf0,0xf0,0xf0,0xf0,0x60,0x01,0x08,0x0e,0xff,0xff,0xff,0xaf,0x0c,0x04,0xf0,0xf0,0xf0,0xf0,
    0x30,0x04,0x0d,0xff,0xff,0xff,0xef,0x0a,0x02,0xf0,0xf0,0xf0,0xf0,0x02,0x0a,0xff,0xff,0xff,0xff,0x2f,0x07,0xf0,0xf0,0xf0,
    0xd0,0x05,0x0e,0xff,0x7f,0x0d,0x0b,0x08,0x06,0x04,0x03,0x02,0x11,0x20,0x11,0x03,0x04,0x05,0x07,0x09,0x0c,0x0e,0xff,0x7f,
    0x0b,0x02,0xf0,0xf0,0xf0,0xa0,0x08,0xff,0x5f,0x0c,0x08,0x05,0x01,0xf0,0x40,0x03,0x06,0x0a,0x0e,0xff,0x4f,0x0e,0x05,0xf0,
    0xf0,0xf0,0x70,0x02,0x0c,0xff,0x3f,0x0c,0x06,0x02,0xf0,0xc0,0x04,0x09,0x0e,0xff,0x3f,0x08,0xf0,0xf0,0xf0,0x50,0x03,0x0e,
    0xff,0x1f,0x0e,0x09,0x03,0xf0,0xf0,0x20,0x05,0x0c,0xff,0x2f,0x0b,0x01,0xf0,0xf0,0xf0,0x20,0x03,0x0e,0xff,0x0f,0x0e,0x07,
    0x01,0xf0,0xf0,0x60,0x03,0x0b,0xff,0x1f,0x0c,0x01,0xf0,0xf0,0xf0,0x00,0x04,0x0e,0xff,0x0f,0x0a,0x02,0xf0,0xf0,0xa0,0x04,
    0x0d,0xff,0x0f,0x0d,0x02,0xf0,0xf0,0xe0,0x04,0xff,0x0f,0x0c,0x03,0xf0,0xf0,0xe0,0x06,0x0e,0xff,0x0d,0x01,0xf0,0xf0,0xc0,
    0x03,0x0e,0xff,0x07,0xf0,0xf0,0xf0,0x10,0x01,0x0b,0xff,0x0d,0x01,0xf0,0xf0,0xa0,0x02,0x0d,0xef,0x0e,0x04,0xf0,0xf0,0xf0,
    0x40,0x08,0xff,0x0b,0xf0,0xf0,0x90,0x01,0x0c,0xef,0x0c,0x02,0xf0,0xf0,0xf0,0x60,0x04,0x0e,0xef,0x0a,0xf0,0xf0,0x80,0x09,
    0xef,0x0b,0x01,0xf0,0xf0,0xf0,0x80,0x02,0x0e,0xef,0x06,0xf0,0xf0,0x60,0x05,0xef,0x0b,0x01,0xf0,0xf0,0xf0,0xa0,0x02,0x0e,
    0xef,0x03,0xf0,0xf0,0x40,0x01,0x0e,0xdf,0x0c,0x01,0xf0,0xf0,0xf0,0xc0,0x02,0x0e,0xdf,0x0d,0xf0,0xf0,0x40,0x0a,0xdf,0x0d,
    0x01,0xf0,0xf0,0xf0,0xe0,0x03,0x0e,0xdf,0x08,0xf0,0xf0,0x20,0x04,0xef,0x03,0xf0,0xf0,0xf0,0xf0,0x00,0x06,0xef,0x03,0xf0,
    0xf0,0x10,0x0c,0xdf,0x06,0xf0,0xf0,0xf0,0xf0,0x20,0x09,0xdf,0x0b,0xf0,0xf0,0x00,0x05,0xdf,0x0a,0xf0,0xf0,0xf0,0xf0,0x30,
    0x01,0x0d,0xdf,0x04,0xf0,0xf0,0x0d,0xcf,0x0e,0x01,0xf0,0xf0,0xf0,0xf0,0x40,0x03,0xdf,0x0c,0xf0,0xe0,0x05,0xdf,0x06,0xf0,
    0xf0,0xf0,0xf0,0x60,0x09,0xdf,0x04,0xf0,0xd0,0x0b,0xcf,0x0d,0xf0,0xf0,0xf0,0xf0,0x70,0x01,0x0e,0xcf,0x0b,0xf0,0xc0,0x02,
    0xdf,0x05,0xf0,0xf0,0xf0,0xf0,0x80,0x07,0xdf,0x02,0xf0,0xb0,0x08,0xcf,0x0d,0xf0,0xf0,0xf0,0xf0,0x90,0x01,0x0e,0xcf,0x07,
    0xf0,0xb0,0x0d,0xcf,0x07,0xf0,0xf0,0xf0,0xf0,0xa0,0x09,0xcf,0x0c,0xf0,0xa0,0x03,0xdf,0x02,0xf0,0xf0,0xf0,0xf0,0xa0,0x03,
    0xdf,0x02,0xf0,0x90,0x07,0xcf,0x0b,0xf0,0xf0,0xf0,0xf0,0xc0,0x0d,0xcf,0x06,0xf0,0x90,0x0b,0xcf,0x07,0xf0,0xf0,0xf0,0xf0,
    0xc0,0x08,0xcf,0x0a,0xf0,0x90,0xdf,0x02,0xf0,0xf0,0xf0,0xf0,0xc0,0x04,0xcf,0x0e,0xf0,0x80,0x02,0xcf,0x0e,0xf0,0xf0,0xf0,
    0xf0,0xe0,0xdf,0x02,0xf0,0x70,0x05,0xcf,0x0b,0xf0,0xf0,0xf0,0xf0,0xe0,0x0c,0xcf,0x04,0xf0,0x70,0x07,0xcf,0x08,0xf0,0xf0,
    0xf0,0xf0,0xe0,0x09,0xcf,0x07,0xf0,0x70,0x0a,0xcf,0x06,0xf0,0xf0,0xf0,0xf0,0xe0,0x06,0xcf,0x09,0xf0,0x70,0x0b,0xcf,0x04,
    0xf0,0xf0,0xf0,0xf0,0xe0,0x04,0xcf,0x0a,0xf0,0x70,0x0c,0xcf,0x02,0xf0,0xf0,0xf0,0xf0,0xe0,0x03,0xcf,0x0c,0xf0,0x70,0x0d,
    0xcf,0x01,0xf0,0xf0,0xf0,0xf0,0xe0,0x02,0xcf,0x0d,0xf0,0x70,0x0e,0xcf,0xf0,0xf0,0xf0,0xf0,0xf0,0x01,0xcf,0x0d,0xf0,0x70,
    0xdf,0xf0,0xf0,0xf0,0xf0,0xf0,0x00,0xcf,0x0e,0xf0,0x70,0xcf,0x0e,0xf0,0xf0,0xf0,0xf0,0xf0,0x00,0xcf,0x0e,0xf0,0x70,0xdf,
    0xf0,0xf0,0xf0,0xf0,0xf0,0x01,0xcf,0x0e,0xf0,0x70,0x0e,0xcf,0xf0,0xf0,0xf0,0xf0,0xf0,0x01,0xcf,0x0d,0xf0,0x70,0x0e,0xcf,
    0x01,0xf0,0xf0,0xf0,0xf0,0xe0,0x02,0xcf,0x0d,0xf0,0x70,0x0d,0xcf,0x02,0xf0,0xf0,0xf0,0xf0,0xe0,0x03,0xcf,0x0c,0xf0,0x70,
    0x0b,0xcf,0x04,0xf0,0xf0,0xf0,0xf0,0xe0,0x04,0xcf,0x0b,0xf0,0x70,0x0a,0xcf,0x06,0xf0,0xf0,0xf0,0xf0,0xe0,0x06,0xcf,0x09,
    0xf0,0x70,0x09,0xcf,0x08,0xf0,0xf0,0xf0,0xf0,0xe0,0x09,0xcf,0x08,0xf0,0x70,0x06,0xcf,0x0a,0xf0,0xf0,0xf0,0xf0,0xe0,0x0b,
    0xcf,0x06,0xf0,0x70,0x04,0xcf,0x0e,0xf0,0xf0,0xf0,0xf0,0xe0,0x0e,0xcf,0x03,0xf0,0x70,0x01,0xdf,0x02,0xf0,0xf0,0xf0,0xf0,
    0xc0,0x03,0xdf,0x01,0xf0,0x80,0x0e,0xcf,0x06,0xf0,0xf0,0xf0,0xf0,0xc0,0x07,0xcf,0x0d,0xf0,0x90,0x0a,0xcf,0x0b,0xf0,0xf0,
    0xf0,0xf0,0xc0,0x0c,0xcf,0x09,0xf0,0x90,0x07,0xdf,0x01,0xf0,0xf0,0xf0,0xf0,0xa0,0x02,0xdf,0x06,0xf0,0x90,0x03,0xdf,0x06,
    0xf0,0xf0,0xf0,0xf0,0xa0,0x08,0xdf,0x02,0xf0,0xa0,0x0d,0xcf,0x0c,0xf0,0xf0,0xf0,0xf0,0xa0,0x0d,0xcf,0x0d,0xf0,0xb0,0x09,
    0xdf,0x04,0xf0,0xf0,0xf0,0xf0,0x80,0x06,0xdf,0x08,0xf0,0xb0,0x04,0xdf,0x0c,0xf0,0xf0,0xf0,0xf0,0x80,0x0d,0xdf,0x03,0xf0,
    0xc0,0x0d,0xdf,0x05,0xf0,0xf0,0xf0,0xf0,0x60,0x07,0xdf,0x0c,0xf0,0xd0,0x07,0xdf,0x0d,0x01,0xf0,0xf0,0xf0,0xf0,0x40,0x01,
    0x0e,0xdf,0x06,0xf0,0xd0,0x01,0xef,0x09,0xf0,0xf0,0xf0,0xf0,0x40,0x0b,0xdf,0x0e,0x01,0xf0,0xe0,0x09,0xef,0x05,0xf0,0xf0,
    0xf0,0xf0,0x20,0x08,0xef,0x08,0xf0,0xf0,0x02,0xef,0x0e,0x02,0xf0,0xf0,0xf0,0xf0,0x00,0x04,0xef,0x0e,0x01,0xf0,0xf0,0x00,
    0x09,0xef,0x0d,0x01,0xf0,0xf0,0xf0,0xe0,0x02,0x0e,0xef,0x08,0xf0,0xf0,0x10,0x01,0x0e,0xef,0x0c,0x01,0xf0,0xf0,0xf0,0xc0,
    0x02,0x0d,0xef,0x0d,0x01,0xf0,0xf0,0x20,0x06,0xff,0x0c,0x01,0xf0,0xf0,0xf0,0xa0,0x02,0x0e,0xff,0x05,0xf0,0xf0,0x40,0x0b,
    0xff,0x0c,0x02,0xf0,0xf0,0xf0,0x80,0x03,0x0e,0xff,0x0a,0xf0,0xf0,0x50,0x02,0x0e,0xff,0x0e,0x04,0xf0,0xf0,0xf0,0x60,0x06,
    0x0e,0xff,0x0d,0x01,0xf0,0xf0,0x60,0x05,0xff,0x1f,0x08,0xf0,0xf0,0xf0,0x30,0x01,0x0a,0xff,0x1f,0x04,0xf0,0xf0,0x80,0x08,
    0xff,0x1f,0x0c,0x03,0xf0,0xf0,0xf0,0x00,0x04,0x0d,0xff,0x1f,0x07,0xf0,0xf0,0xa0,0x0a,0xff,0x2f,0x09,0x02,0xf0,0xf0,0xc0,
    0x03,0x0b,0xff,0x2f,0x09,0xf0,0xf0,0xb0,0x01,0x0c,0xff,0x3f,0x09,0x02,0xf0,0xf0,0x80,0x02,0x0a,0xff,0x3f,0x0b,0xf0,0xf0,
    0xd0,0x01,0x0c,0xff,0x4f,0x0b,0x05,0xf0,0xf0,0x40,0x05,0x0b,0xff,0x4f,0x0c,0x01,0xf0,0xf0,0xe0,0x01,0x0c,0xff,0x5f,0x0e,
    0x09,0x04,0xf0,0xe0,0x04,0x09,0x0e,0xff,0x5f,0x0c,0x01,0xf0,0xf0,0xf0,0x00,0x01,0x0b,0xff,0x7f,0x0e,0x0b,0x07,0x04,0x01,
    0xf0,0x40,0x01,0x04,0x07,0x0b,0x0e,0xff,0x7f,0x0b,0x01,0xf0,0xf0,0xf0,0x30,0x0a,0xff,0xbf,0x0d,0x0b,0x09,0x07,0x05,0x04,
    0x03,0x12,0x21,0x12,0x03,0x04,0x05,0x07,0x09,0x0b,0x0d,0xff,0xbf,0x09,0xf0,0xf0,0xf0,0x60,0x07,0xff,0xff,0xff,0xff,0xaf,
    0x06,0xf0,0xf0,0xf0,0x80,0x03,0x0d,0xff,0xff,0xff,0xff,0x6f,0x0d,0x03,0xf0,0xf0,0xf0,0xa0,0x01,0x09,0xff,0xff,0xff,0xff,
    0x4f,0x09,0x01,0xf0,0xf0,0xf0,0xd0,0x04,0x0d,0xff,0xff,0xff,0xff,0x0f,0x0c,0x04,0xf0,0xf0,0xf0,0xf0,0x10,0x07,0x0e,0xff,
    0xff,0xff,0xcf,0x0e,0x06,0xf0,0xf0,0xf0,0xf0,0x40,0x01,0x08,0x0e,0xff,0xff,0xff,0x8f,0x0e,0x07,0x01,0xf0,0xf0,0xf0,0xf0,
    0x70,0x01,0x07,0x0d,0xff,0xff,0xff,0x4f,0x0d,0x06,0x01,0xf0,0xf0,0xf0,0xf0,0xc0,0x04,0x0a,0xff,0xff,0xff,0x0f,0x0a,0x04,
    0xf0,0xf0,0xf0,0xf0,0xf0,0x10,0x01,0x06,0x0b,0xff,0xff,0xaf,0x0b,0x06,0x01,0xf0,0xf0,0xf0,0xf0,0xf0,0x60,0x01,0x05,0x09,
    0x0d,0xff,0xff,0x2f,0x0d,0x09,0x05,0x01,0xf0,0xf0,0xf0,0xf0,0xf0,0xd0,0x02,0x05,0x08,0x0b,0x0e,0xff,0x8f,0x0e,0x0b,0x08,
    0x05,0x02,0xf0,0xf0,0xf0,0xf0,0xf0,0xf0,0x60,0x01,0x04,0x06,0x07,0x09,0x0a,0x0c,0x0d,0x2e,0x2f,0x2e,0x0d,0x0c,0x0a,0x09,
    0x07,0x06,0x04,0x01,0xf0,0xf0,0xf0,0x50,0xf0,0xf0,0xf0,0xe0,0x11,0xf0,0xf0,0xf0,0xf0,0xf0,0xf0,0xf0,0x80,0x02,0x05,0x07,
    0x09,0x0b,0x0c,0x0e,0x6f,0x0e,0x0d,0x0c,0x0b,0x09,0x07,0x05,0x02,0xf0,0xf0,0xf0,0xf0,0xf0,0xf0,0xa0,0x04,0x07,0x0b,0x0e,
    0xff,0x6f,0x0c,0x08,0x05,0x01,0xf0,0xf0,0xf0,0xf0,0xf0,0xf0,0x20,0x04,0x09,0x0e,0xff,0xef,0x0c,0x07,0x02,0xf0,0xf0,0xf0,
    0xf0,0xf0,0xc0,0x02,0x08,0x0e,0xff,0xff,0x4f,0x0c,0x06,0x01,0xf0,0xf0,0xf0,0xf0,0xf0,0x70,0x03,0x0a,0xff,0xff,0x9f,0x0e,
    0x08,0x02,0xf0,0xf0,0xf0,0xf0,0xf0,0x30,0x01,0x09,0xff,0xff,0xef,0x09,0x01,0xf0,0xf0,0xf0,0xf0,0xf0,0x01,0x07,0x0e,0xff,
    0xff,0xff,0x0f,0x0e,0x07,0xf0,0xf0,0xf0,0xf0,0xd0,0x04,0x0d,0xff,0xff,0xff,0x4f,0x0d,0x04,0xf0,0xf0,0xf0,0xf0,0xa0,0x08,
    0xff,0xff,0xff,0x8f,0x09,0x01,0xf0,0xf0,0xf0,0xf0,0x60,0x02,0x0c,0xff,0xff,0xff,0xaf,0x0d,0x03,0xf0,0xf0,0xf0,0xf0,0x40,
    0x05,0x0e,0xff,0xff,0xff,0xcf,0x0e,0x05,0xf0,0xf0,0xf0,0xf0,0x20,0x06,0xff,0xff,0xff,0xff,0x0f,0x08,0xf0,0xf0,0xf0,0xf0,
    0x00,0x08,0xff,0x7f,0x0e,0x0c,0x09,0x06,0x04,0x03,0x02,0x01,0x10,0x01,0x02,0x03,0x04,0x06,0x09,0x0b,0x0e,0xff,0x8f,0x09,
    0xf0,0xf0,0xf0,0xe0,0x09,0xff,0x5f,0x0d,0x08,0x04,0xf0,0x10,0x03,0x07,0x0b,0xff,0x6f,0x0a,0xf0,0xf0,0xf0,0xc0,0x09,0xff,
    0x4f,0x09,0x03,0xf0,0x70,0x01,0x07,0x0d,0xff,0x4f,0x0a,0xf0,0xf0,0xf0,0xa0,0x08,0xff,0x2f,0x0e,0x08,0x01,0xf0,0xc0,0x04,
    0x0b,0xff,0x3f,0x09,0xf0,0xf0,0xf0,0x80,0x06,0xff,0x2f,0x0a,0x02,0xf0,0xf0,0x00,0x05,0x0d,0xff,0x2f,0x07,0xf0,0xf0,0xf0,
    0x60,0x05,0xff,0x1f,0x0d,0x04,0xf0,0xf0,0x40,0x07,0xff,0x2f,0x05,0xf0,0xf0,0xf0,0x40,0x02,0x0e,0xff,0x0f,0x0a,0x01,0xf0,
    0xf0,0x60,0x03,0x0c,0xff,0x0f,0x0e,0x02,0xf0,0xf0,0xf0,0x30,0x0c,0xff,0x0f,0x07,0xf0,0xf0,0xa0,0x09,0xff,0x0f,0x0c,0xf0,
    0xf0,0xf0,0x20,0x08,0xff,0x0e,0x04,0xf0,0xf0,0xc0,0x06,0xff,0x0f,0x07,0xf0,0xf0,0xf0,0x00,0x04,0xff,0x0e,0x04,0xf0,0xf0,
    0xe0,0x05,0xff,0x0f,0x02,0xf0,0xf0,0xf0,0x0d,0xef,0x0e,0x03,0xf0,0xf0,0xf0,0x00,0x04,0xff,0x0c,0xf0,0xf0,0xe0,0x07,0xff,
    0x04,0xf0,0xf0,0xf0,0x20,0x05,0xff,0x07,0xf0,0xf0,0xc0,0x02,0x0e,0xef,0x06,0xf0,0xf0,0xf0,0x40,0x07,0xef,0x0e,0x01,0xf0,
    0xf0,0xb0,0x0a,0xef,0x09,0xf0,0xf0,0xf0,0x60,0x09,0xef,0x09,0xf0,0xf0,0xa0,0x04,0xef,0x0c,0xf0,0xf0,0xf0,0x80,0x0c,0xef,
    0x02,0xf0,0xf0,0x90,0x0b,0xef,0x03,0xf0,0xf0,0xf0,0x80,0x02,0x0e,0xdf,0x09,0xf0,0xf0,0x80,0x03,0xef,0x08,0xf0,0xf0,0xf0,
    0xa0,0x06,0xef,0x03,0xf0,0xf0,0x70,0x0a,0xdf,0x0c,0xf0,0xf0,0xf0,0xc0,0x0b,0xdf,0x09,0xf0,0xf0,0x60,0x02,0xef,0x04,0xf0,
    0xf0,0xf0,0xc0,0x03,0xef,0x01,0xf0,0xf0,0x50,0x09,0xdf,0x0b,0xf0,0xf0,0xf0,0xe0,0x09,0xdf,0x07,0xf0,0xf0,0x40,0x01,0x0e,
    0xdf,0x03,0xf0,0xf0,0xf0,0xe0,0x02,0x0e,0xcf,0x0d,0xf0,0xf0,0x40,0x05,0xdf,0x0a,0xf0,0xf0,0xf0,0xf0,0x00,0x08,0xdf,0x04,
    0xf0,0xf0,0x30,0x0b,0xdf,0x03,0xf0,0xf0,0xf0,0xf0,0x00,0x01,0xdf,0x0a,0xf0,0xf0,0x20,0x02,0xdf,0x0c,0xf0,0xf0,0xf0,0xf0,
    0x20,0x0a,0xdf,0x01,0xf0,0xf0,0x10,0x07,0xdf,0x05,0xf0,0xf0,0xf0,0xf0,0x20,0x03,0xdf,0x05,0xf0,0xf0,0x10,0x0b,0xcf,0x0d,
    0xf0,0xf0,0xf0,0xf0,0x40,0x0c,0xcf,0x0a,0xf0,0xf0,0x00,0x01,0xdf,0x08,0xf0,0xf0,0xf0,0xf0,0x40,0x06,0xcf,0x0e,0xf0,0xf0,
    0x00,0x05,0xdf,0x03,0xf0,0xf0,0xf0,0xf0,0x40,0x01,0xdf,0x04,0xf0,0xf0,0x09,0xcf,0x0d,0xf0,0xf0,0xf0,0xf0,0x60,0x0b,0xcf,
    0x09,0xf0,0xf0,0x0d,0xcf,0x08,0xf0,0xf0,0xf0,0xf0,0x60,0x06,0xcf,0x0c,0xf0,0xe0,0x02,0xdf,0x04,0xf0,0xf0,0xf0,0xf0,0x60,
    0x01,0xdf,0x01,0xf0,0xd0,0x05,0xcf,0x0e,0xf0,0xf0,0xf0,0xf0,0x80,0x0c,0xcf,0x04,0xf0,0xd0,0x07,0xcf,0x0b,0xf0,0xf0,0xf0,
    0xf0,0x80,0x08,0xcf,0x08,0xf0,0xd0,0x0a,0xcf,0x07,0xf0,0xf0,0xf0,0xf0,0x80,0x05,0xcf,0x0b,0xf0,0xd0,0x0d,0xcf,0x04,0xf0,
    0xf0,0xf0,0xf0,0x80,0x01,0xcf,0x0e,0xf0,0xc0,0x01,0xdf,0x01,0xf0,0xf0,0xf0,0xf0,0x90,0x0c,0xcf,0x02,0xf0,0xb0,0x03,0xcf,
    0x0d,0xf0,0xf0,0xf0,0xf0,0xa0,0x09,0xcf,0x05,0xf0,0xb0,0x05,0xcf,0x0b,0xf0,0xf0,0xf0,0xf0,0xa0,0x07,0xcf,0x07,0xf0,0xb0,
    0x06,0xcf,0x08,0xf0,0xf0,0xf0,0xf0,0xa0,0x04,0xcf,0x09,0xf0,0xb0,0x08,0xcf,0x07,0xf0,0xf0,0xf0,0xf0,0xa0,0x02,0xcf,0x0c,
    0xf0,0xb0,0x0a,0xcf,0x05,0xf0,0xf0,0xf0,0xf0,0xb0,0x0e,0xbf,0x0e,0xf0,0xb0,0x0b,0xcf,0x04,0xf0,0xf0,0xf0,0xf0,0xb0,0x0c,
    0xcf,0x01,0xf0,0xa0,0x0c,0xcf,0x02,0xf0,0xf0,0xf0,0xf0,0xb0,0x0a,0xcf,0x03,0xf0,0xa0,0x0d,0xcf,0x01,0xf0,0xf0,0xf0,0xf0,
    0xb0,0x09,0xcf,0x04,0xf0,0xa0,0x0d,0xcf,0x01,0xf0,0xf0,0xf0,0xf0,0xb0,0x08,0xcf,0x06,0xf0,0xa0,0x0e,0xcf,0xf0,0xf0,0xf0,
    0xf0,0xc0,0x06,0xcf,0x07,0xf0,0xa0,0x0e,0xcf,0xf0,0xf0,0xf0,0xf0,0xc0,0x05,0xcf,0x08,0xf0,0xa0,0xcf,0x0e,0xf0,0xf0,0xf0,
    0xf0,0xc0,0x04,0xcf,0x0a,0xf0,0xa0,0xdf,0xf0,0xf0,0xf0,0xf0,0xc0,0x03,0xcf,0x0b,0xf0,0xa0,0x0e,0xcf,0xf0,0xf0,0xf0,0xf0,
    0xc0,0x02,0xcf,0x0c,0xf0,0xa0,0x0e,0xcf,0x01,0xf0,0xf0,0xf0,0xf0,0xb0,0x02,0xcf,0x0c,0xf0,0xa0,0x0d,0xcf,0x02,0xf0,0xf0,
    0xf0,0xf0,0xb0,0x01,0xcf,0x0c,0xf0,0xa0,0x0d,0xcf,0x03,0xf0,0xf0,0xf0,0xf0,0xb0,0x01,0xcf,0x0d,0xf0,0xa0,0x0c,0xcf,0x05,
    0xf0,0xf0,0xf0,0xf0,0xc0,0xcf,0x0d,0xf0,0xa0,0x0a,0xcf,0x06,0xf0,0xf0,0xf0,0xf0,0xc0,0xcf,0x0e,0xf0,0xa0,0x08,0xcf,0x08,
    0xf0,0xf0,0xf0,0xf0,0xc0,0xcf,0x0e,0xf0,0xa0,0x07,0xcf,0x0a,0xf0,0xf0,0xf0,0xf0,0xc0,0xcf,0x0e,0xf0,0xa0,0x05,0xcf,0x0d,
    0xf0,0xf0,0xf0,0xf0,0xc0,0xcf,0x0e,0xf0,0xa0,0x03,0xdf,0x01,0xf0,0xf0,0xf0,0xf0,0xb0,0xcf,0x0e,0xf0,0xa0,0x01,0xdf,0x03,
    0xf0,0xf0,0xf0,0xf0,0xb0,0xcf,0x0e,0xf0,0xb0,0x0d,0xcf,0x06,0xf0,0xf0,0xf0,0xf0,0xb0,0xcf,0x0e,0xf0,0xb0,0x0a,0xcf,0x0a,
    0xf0,0xf0,0xf0,0xf0,0xb0,0xcf,0x0e,0xf0,0xb0,0x07,0xcf,0x0e,0xf0,0xf0,0xf0,0xf0,0xb0,0xcf,0x0e,0xf0,0xb0,0x04,0xdf,0x03,
    0xf0,0xf0,0xf0,0xf0,0x90,0x03,0xcf,0x0e,0xf0,0xb0,0x01,0xdf,0x07,0xf0,0xf0,0xf0,0xf0,0x90,0x08,0xcf,0x0e,0xf0,0xc0,0x0c,
    0xcf,0x0c,0xf0,0xf0,0xf0,0xf0,0x90,0x0e,0xcf,0x0e,0xf0,0xc0,0x08,0xdf,0x02,0xf0,0xf0,0xf0,0xf0,0x70,0x05,0xdf,0x0e,0xf0,
    0xc0,0x04,0xdf,0x07,0xf0,0xf0,0xf0,0xf0,0x70,0x0c,0xdf,0x0e,0xf0,0xd0,0x0e,0xcf,0x0d,0xf0,0xf0,0xf0,0xf0,0x60,0x04,0xef,
    0x0e,0xf0,0xd0,0x0a,0xdf,0x04,0xf0,0xf0,0xf0,0xf0,0x50,0x0c,0xef,0x0e,0xf0,0xd0,0x05,0xdf,0x0b,0xf0,0xf0,0xf0,0xf0,0x40,
    0x06,0xff,0x0e,0xf0,0xe0,0x0e,0xdf,0x02,0xf0,0xf0,0xf0,0xf0,0x20,0x01,0x0e,0xff,0x0e,0xf0,0xe0,0x09,0xdf,0x0a,0xf0,0xf0,
    0xf0,0xf0,0x20,0x08,0xff,0x0f,0x0d,0xf0,0xe0,0x04,0xef,0x03,0xf0,0xf0,0xf0,0xf0,0x00,0x04,0xff,0x1f,0x0d,0xf0,0xf0,0x0c,
    0xdf,0x0b,0xf0,0xf0,0xf0,0xf0,0x01,0x0d,0xff,0x1f,0x0d,0xf0,0xf0,0x06,0xef,0x04,0xf0,0xf0,0xf0,0xe0,0x09,0xff,0x2f,0x0c,
    0xf0,0xf0,0x00,0x0d,0xdf,0x0d,0x01,0xf0,0xf0,0xf0,0xc0,0x06,0xff,0x3f,0x0c,0xf0,0xf0,0x00,0x07,0xef,0x09,0xf0,0xf0,0xf0,
    0xb0,0x04,0xff,0x4f,0x0c,0xf0,0xf0,0x00,0x01,0x0e,0xef,0x04,0xf0,0xf0,0xf0,0x90,0x02,0x0e,0xff,0x4f,0x0b,0xf0,0xf0,0x10,
    0x07,0xef,0x0d,0x01,0xf0,0xf0,0xf0,0x70,0x02,0x0d,0xff,0x5f,0x0a,0xf0,0xf0,0x20,0x0d,0xef,0x0c,0xf0,0xf0,0xf0,0x60,0x02,
    0x0d,0xff,0x6f,0x09,0xf0,0xf0,0x20,0x05,0xff,0x09,0xf0,0xf0,0xf0,0x40,0x02,0x0d,0xff,0x7f,0x08,0xf0,0xf0,0x30,0x0c,0xff,
    0x08,0xf0,0xf0,0xf0,0x20,0x03,0x0d,0xaf,0x09,0xcf,0x07,0xf0,0xf0,0x30,0x03,0xff,0x0f,0x08,0xf0,0xf0,0xf0,0x00,0x05,0x0e,
    0xaf,0x0b,0x02,0xcf,0x06,0xf0,0xf0,0x40,0x07,0xff,0x0f,0x08,0xf0,0xf0,0xe0,0x08,0xbf,0x0e,0x02,0x03,0xcf,0x05,0xf0,0xf0,
    0x50,0x0c,0xff,0x0f,0x0a,0x01,0xf0,0xf0,0xa0,0x03,0x0c,0xcf,0x04,0x00,0x03,0xcf,0x03,0xf0,0xf0,0x50,0x02,0x0e,0xff,0x0f,
    0x0d,0x02,0xf0,0xf0,0x80,0x07,0xdf,0x06,0x10,0x04,0xcf,0x02,0xf0,0xf0,0x60,0x06,0xff,0x1f,0x0e,0x07,0xf0,0xf0,0x50,0x04,
    0x0c,0xdf,0x08,0x20,0x05,0xcf,0xf0,0xf0,0x80,0x08,0xff,0x2f,0x0c,0x03,0xf0,0xf0,0x10,0x03,0x0b,0xef,0x0a,0x30,0x06,0xbf,
    0x0e,0xf0,0xf0,0x90,0x0a,0xff,0x3f,0x0a,0x03,0xf0,0xd0,0x05,0x0b,0xff,0x0a,0x40,0x08,0xbf,0x0c,0xf0,0xf0,0x90,0x01,0x0c,
    0xff,0x4f,0x0a,0x04,0xf0,0x80,0x02,0x07,0x0d,0xff,0x0f,0x09,0x50,0x09,0xbf,0x0b,0xf0,0xf0,0xa0,0x01,0x0d,0xff,0x5f,0x0e,
    0x09,0x04,0xf0,0x10,0x01,0x04,0x09,0x0d,0xff,0x2f,0x08,0x60,0x0a,0xbf,0x09,0xf0,0xf0,0xb0,0x01,0x0c,0xff,0x8f,0x0c,0x0a,
    0x07,0x05,0x04,0x03,0x02,0x11,0x02,0x03,0x14,0x06,0x08,0x0b,0x0d,0xff,0x5f,0x07,0x70,0x0c,0xbf,0x07,0xf0,0xf0,0xc0,0x01,
    0x0b,0xff,0xff,0xff,0xcf,0x0e,0x04,0x80,0x0d,0xbf,0x05,0xf0,0xf0,0xd0,0x01,0x0a,0xff,0xff,0xff,0xaf,0x0c,0x02,0x90,0xcf,
    0x03,0xf0,0xf0,0xf0,0x07,0xff,0xff,0xff,0x8f,0x09,0xa0,0x03,0xcf,0xf0,0xf0,0xf0,0x10,0x03,0x0d,0xff,0xff,0xff,0x4f,0x0d,
    0x04,0xb0,0x05,0xbf,0x0d,0xf0,0xf0,0xf0,0x20,0x01,0x0a,0xff,0xff,0xff,0x2f,0x08,0xd0,0x07,0xbf,0x0b,0xf0,0xf0,0xf0,0x40,
    0x04,0x0d,0xff,0xff,0xef,0x0b,0x03,0xe0,0x09,0xbf,0x09,0xf0,0xf0,0xf0,0x60,0x07,0x0e,0xff,0xff,0xaf,0x0b,0x03,0xf0,0x00,
    0x0c,0xbf,0x06,0xf0,0xf0,0xf0,0x70,0x01,0x08,0x0e,0xff,0xff,0x6f,0x0b,0x04,0xf0,0x20,0x0e,0xbf,0x03,0xf0,0xf0,0xf0,0x90,
    0x01,0x07,0x0d,0xff,0xff,0x1f,0x0e,0x09,0x02,0xf0,0x30,0x02,0xbf,0x0e,0xf0,0xf0,0xf0,0xd0,0x04,0x09,0x0e,0xff,0xbf,0x0e,
    0x0a,0x05,0xf0,0x60,0x06,0xbf,0x0c,0xf0,0xf0,0xf0,0xf0,0x00,0x03,0x07,0x0b,0x0e,0xff,0x3f,0x0e,0x0b,0x08,0x04,0xf0,0x90,
    0x09,0xbf,0x08,0xf0,0xf0,0xf0,0xf0,0x40,0x02,0x05,0x07,0x09,0x0b,0x0c,0x0d,0x0e,0x3f,0x0e,0x0d,0x0c,0x0b,0x09,0x07,0x05,
    0x02,0xf0,0xd0,0x0c,0xbf,0x05,0xf0,0xf0,0xf0,0xf0,0xf0,0xf0,0xf0,0x50,0x01,0xcf,0x02,0xf0,0xf0,0xf0,0xf0,0xf0,0xf0,0xf0,
    0x50,0x04,0xbf,0x0d,0xf0,0xf0,0xf0,0xf0,0xf0,0xf0,0xf0,0x60,0x08,0xbf,0x09,0xf0,0xf0,0xf0,0xf0,0xf0,0xf0,0xf0,0x60,0x0c,
    0xbf,0x05,0xf0,0xf0,0xf0,0xf0,0xf0,0xf0,0xf0,0x50,0x01,0xcf,0x01,0xf0,0xf0,0xf0,0xf0,0xf0,0xf0,0xf0,0x50,0x06,0xbf,0x0c,
    0xf0,0xf0,0xf0,0xf0,0xf0,0xf0,0xf0,0x60,0x0b,0xbf,0x08,0xf0,0xf0,0xf0,0xf0,0xf0,0xf0,0xf0,0x50,0x01,0xcf,0x03,0xf0,0xf0,
    0xf0,0xf0,0xf0,0xf0,0xf0,0x50,0x06,0xbf,0x0d,0xf0,0xf0,0xf0,0xf0,0xf0,0xf0,0xf0,0x60,0x0c,0xbf,0x07,0xf0,0xf0,0xf0,0xf0,
    0xf0,0xf0,0xf0,0x50,0x02,0xcf,0x02,0xf0,0xf0,0xf0,0xf0,0xf0,0xf0,0xf0,0x50,0x09,0xbf,0x0c,0xf0,0xf0,0xf0,0xf0,0xf0,0xf0,
    0xf0,0x50,0x01,0x0e,0xbf,0x07,0xf0,0xf0,0xf0,0xf0,0xf0,0xf0,0xf0,0x50,0x07,0xcf,0x01,0xf0,0xf0,0xf0,0xf0,0xf0,0xf0,0xf0,
    0x40,0x01,0x0e,0xbf,0x0a,0xf0,0xf0,0xf0,0xf0,0xf0,0xf0,0xf0,0x50,0x07,0xcf,0x03,0xf0,0xf0,0xf0,0xf0,0xf0,0xf0,0xf0,0x40,
    0x01,0x0e,0xbf,0x0c,0xf0,0xf0,0xf0,0xf0,0xf0,0xf0,0xf0,0x50,0x08,0xcf,0x05,0xf0,0xf0,0xf0,0xf0,0xf0,0xf0,0xf0,0x40,0x02,
    0xcf,0x0e,0xf0,0xf0,0xf0,0xf0,0xf0,0xf0,0xf0,0x50,0x0b,0xcf,0x07,0xf0,0xf0,0xf0,0xf0,0xf0,0xf0,0xf0,0x40,0x06,0xcf,0x0d,
    0xf0,0xf0,0xf0,0xf0,0xf0,0xf0,0xf0,0x40,0x02,0x0e,0xcf,0x06,0xf0,0xf0,0xf0,0xf0,0xf0,0xf0,0xf0,0x40,0x0b,0xcf,0x0d,0xf0,
    0xf0,0xf0,0xf0,0xf0,0xf0,0xf0,0x40,0x07,0xdf,0x05,0xf0,0xf0,0xf0,0xf0,0xf0,0xf0,0xf0,0x30,0x04,0xdf,0x0c,0xf0,0xf0,0xf0,
    0xf0,0xf0,0xf0,0xf0,0x30,0x02,0x0e,0xdf,0x03,0xf0,0xf0,0xf0,0xf0,0xf0,0xf0,0xf0,0x20,0x01,0x0d,0xdf,0x08,0xf0,0xf0,0xf0,
    0xf0,0xf0,0xf0,0xf0,0x20,0x01,0x0c,0xdf,0x0c,0xf0,0xf0,0xf0,0xf0,0xf0,0xf0,0xf0,0x20,0x01,0x0b,0xef,0x03,0xf0,0xf0,0xf0,
    0xf0,0xf0,0xf0,0xf0,0x10,0x01,0x0b,0xef,0x08,0xf0,0xf0,0xf0,0xf0,0xf0,0xf0,0xf0,0x10,0x01,0x0c,0xef,0x0b,0xf0,0xf0,0xf0,
    0xf0,0xf0,0xf0,0xf0,0x10,0x03,0x0d,0xef,0x0d,0x01,0xf0,0xf0,0xf0,0xf0,0xf0,0xf0,0xf0,0x00,0x05,0xff,0x0f,0x03,0xf0,0xf0,
    0xf0,0xf0,0xf0,0xf0,0xf0,0x01,0x09,0xff,0x0f,0x06,0xf0,0xf0,0xf0,0xf0,0xf0,0xf0,0xf0,0x03,0x0d,0xff,0x0f,0x08,0xf0,0xf0,
    0xf0,0xf0,0xf0,0xf0,0xe0,0x01,0x09,0xff,0x1f,0x09,0xf0,0xf0,0xf0,0xf0,0xf0,0xf0,0xe0,0x06,0x0e,0xff,0x1f,0x09,0xf0,0xf0,
    0xf0,0xf0,0xf0,0xf0,0xd0,0x04,0x0c,0xff,0x2f,0x0a,0xf0,0xf0,0xf0,0xf0,0xf0,0xf0,0xc0,0x05,0x0c,0xff,0x3f,0x0a,0xf0,0xf0,
    0xf0,0xf0,0xf0,0xf0,0xa0,0x01,0x06,0x0d,0xff,0x4f,0x09,0xf0,0xf0,0xf0,0xf0,0xf0,0xf0,0x90,0x03,0x09,0x0e,0xff,0x5f,0x08,
    0xf0,0xf0,0xf0,0xf0,0xf0,0xf0,0x70,0x04,0x09,0x0d,0xff,0x6f,0x0e,0x05,0xf0,0xf0,0xf0,0xf0,0xf0,0xf0,0x40,0x03,0x07,0x0b,
    0x0e,0xff,0x8f,0x0d,0x03,0xf0,0xf0,0xf0,0xf0,0xf0,0xf0,0x01,0x04,0x06,0x09,0x0c,0xff,0xcf,0x0a,0x01,0xf0,0xf0,0xf0,0xf0,
    0xf0,0x41,0x22,0x03,0x04,0x05,0x06,0x08,0x09,0x0b,0x0c,0x0e,0xff,0xff,0x0e,0x05,0xf0,0xf0,0xf0,0xf0,0xf0,0x00,0x07,0xff,
    0xff,0xff,0x0a,0x01,0xf0,0xf0,0xf0,0xf0,0xf0,0x10,0x07,0xff,0xff,0xdf,0x0d,0x04,0xf0,0xf0,0xf0,0xf0,0xf0,0x30,0x07,0xff,
    0xff,0xbf,0x0e,0x06,0xf0,0xf0,0xf0,0xf0,0xf0,0x50,0x07,0xff,0xff,0x9f,0x0e,0x07,0x01,0xf0,0xf0,0xf0,0xf0,0xf0,0x60,0x07,
    0xff,0xff,0x7f,0x0d,0x07,0x01,0xf0,0xf0,0xf0,0xf0,0xf0,0x80,0x07,0xff,0xff,0x5f,0x0c,0x05,0xf0,0xf0,0xf0,0xf0,0xf0,0xb0,
    0x07,0xff,0xff,0x2f,0x0e,0x08,0x03,0xf0,0xf0,0xf0,0xf0,0xf0,0xd0,0x07,0xff,0xff,0x0e,0x09,0x04,0xf0,0xf0,0xf0,0xf0,0xf0,
    0xf0,0x00,0x07,0xff,0xcf,0x0c,0x08,0x04,0xf0,0xf0,0xf0,0xf0,0xf0,0xf0,0x30,0x07,0xff,0x8f,0x0c,0x09,0x05,0x01,0xf0,0xf0,
    0xf0,0xf0,0xf0,0xf0,0x60,0x07,0xff,0x2f,0x0d,0x0b,0x08,0x06,0x03,0xf0,0xf0,0xf0,0xf0,0xf0,0xf0,0xb0,0x07,0x4f,0x2e,0x0d,
    0x0c,0x1b,0x09,0x08,0x07,0x05,0x04,0x02,0xf0,0xf0,0xf0,0xf0,0xe0,0xf0,0x30,0x02,0x07,0x0b,0x0d,0x0f,0x0e,0x0d,0x0b,0x07,
    0x02,0xf0,0xf0,0x50,0x01,0x0a,0x9f,0x09,0x01,0xf0,0xf0,0x20,0x02,0x0d,0xbf,0x0d,0x02,0xf0,0xf0,0x00,0x01,0x0d,0xdf,0x0d,
    0x01,0xf0,0xf0,0x09,0xff,0x09,0xf0,0xe0,0x02,0xff,0x1f,0x02,0xf0,0xd0,0x08,0xff,0x1f,0x08,0xf0,0xd0,0x0c,0xff,0x1f,0x0c,
    0xf0,0xd0,0x0e,0xff,0x1f,0x0e,0xf0,0xd0,0xff,0x3f,0xf0,0xd0,0x0e,0xff,0x1f,0x0e,0xf0,0xd0,0x0c,0xff,0x1f,0x0c,0xf0,0xd0,
    0x08,0xff,0x1f,0x08,0xf0,0xd0,0x03,0xff,0x1f,0x03,0xf0,0xe0,0x0a,0xff,0x0a,0xf0,0xf0,0x01,0x0d,0xdf,0x0d,0x01,0xf0,0xf0,
    0x00,0x03,0x0d,0xbf,0x0d,0x02,0xf0,0xf0,0x20,0x01,0x0a,0x9f,0x09,0x01,0xf0,0xf0,0x50,0x03,0x08,0x0c,0x0d,0x0f,0x0e,0x0d,
    0x0b,0x07,0x02,0xf0,0xf0,0xf0,0xf0,0xf0,0xf0,0xf0,0xf0,0xf0,0xf0,0xf0,0xf0,0xf0,0xf0,0xf0,0xf0,0xf0,0xf0,0xf0,0xf0,0xf0,
    0xf0,0xf0,0xf0,0xf0,0xf0,0xf0,0xf0,0xf0,0xf0,0xf0,0xf0,0xf0,0xf0,0xf0,0xf0,0xf0,0xf0,0xf0,0xf0,0xf0,0xf0,0xf0,0xf0,0xf0,
    0xf0,0xf0,0xf0,0xf0,0xf0,0xf0,0xf0,0xf0,0xf0,0xf0,0xf0,0xf0,0xf0,0xf0,0xf0,0xf0,0xf0,0xf0,0xf0,0xf0,0xf0,0xf0,0xf0,0xf0,
    0xf0,0xf0,0xf0,0xf0,0xf0,0xf0,0xf0,0xf0,0xf0,0xf0,0xf0,0xf0,0xf0,0xf0,0xf0,0xf0,0xf0,0xf0,0xf0,0xf0,0xf0,0xf0,0xf0,0xf0,
    0xf0,0xf0,0xf0,0xf0,0xf0,0xf0,0xf0,0xf0,0xf0,0xf0,0xf0,0xf0,0xf0,0xf0,0xf0,0xf0,0xf0,0xf0,0xf0,0xf0,0xf0,0xf0,0xf0,0xf0,
    0xf0,0xf0,0xf0,0xf0,0xf0,0xf0,0xf0,0xf0,0xf0,0xf0,0xf0,0xf0,0xf0,0xf0,0xf0,0xf0,0xf0,0xf0,0xf0,0xf0,0xf0,0xf0,0xf0,0xf0,
    0xf0,0xf0,0xf0,0xf0,0xf0,0xf0,0xf0,0xf0,0xf0,0xf0,0xf0,0xf0,0xf0,0xf0,0xf0,0xf0,0xf0,0xf0,0xf0,0xf0,0xf0,0xf0,0xf0,0xf0,
    0xf0,0xf0,0xf0,0xf0,0xf0,0xf0,0xf0,0xf0,0xf0,0xf0,0xf0,0xf0,0xf0,0xf0,0xf0,0xf0,0xf0,0xf0,0xf0,0xf0,0xf0,0xf0,0xf0,0xf0,
    0xf0,0xf0,0xf0,0xf0,0xf0,0xf0,0xf0,0xf0,0xf0,0xf0,0xf0,0xf0,0xf0,0xf0,0xf0,0xf0,0xf0,0xf0,0xf0,0xf0,0xf0,0xf0,0xf0,0xf0,
    0xf0,0xf0,0xf0,0xf0,0xf0,0xf0,0xf0,0xf0,0xf0,0xf0,0xf0,0xf0,0xf0,0xf0,0xf0,0xf0,0xf0,0xf0,0xf0,0xf0,0xf0,0xf0,0xf0,0xf0,
    0xf0,0xf0,0xf0,0xf0,0xf0,0xf0,0xf0,0xf0,0xf0,0xf0,0xf0,0xf0,0xf0,0xf0,0xf0,0xf0,0xf0,0xf0,0xf0,0xf0,0xf0,0xf0,0xf0,0xf0,
    0xf0,0xf0,0xf0,0xf0,0xf0,0xf0,0xf0,0xf0,0xf0,0xf0,0xf0,0xf0,0xf0,0xf0,0xf0,0xf0,0xf0,0xf0,0xf0,0x90,0x02,0x07,0x0b,0x0d,
    0x0f,0x0e,0x0d,0x0b,0x07,0x02,0xf0,0xf0,0x50,0x01,0x09,0x9f,0x09,0x01,0xf0,0xf0,0x20,0x02,0x0d,0xbf,0x0d,0x02,0xf0,0xf0,
    0x00,0x01,0x0d,0xdf,0x0d,0x01,0xf0,0xf0,0x09,0xff,0x09,0xf0,0xe0,0x02,0xff,0x1f,0x02,0xf0,0xd0,0x08,0xff,0x1f,0x08,0xf0,
    0xd0,0x0c,0xff,0x1f,0x0c,0xf0,0xd0,0x0e,0xff,0x1f,0x0e,0xf0,0xd0,0xff,0x3f,0xf0,0xd0,0x0e,0xff,0x1f,0x0e,0xf0,0xd0,0x0c,
    0xff,0x1f,0x0c,0xf0,0xd0,0x08,0xff,0x1f,0x08,0xf0,0xd0,0x03,0xff,0x1f,0x03,0xf0,0xe0,0x0a,0xff,0x0a,0xf0,0xf0,0x01,0x0d,
    0xdf,0x0d,0x01,0xf0,0xf0,0x00,0x03,0x0d,0xbf,0x0d,0x02,0xf0,0xf0,0x20,0x01,0x0a,0x9f,0x09,0x01,0xf0,0xf0,0x50,0x03,0x08,
    0x0c,0x0d,0x0f,0x0e,0x0d,0x0b,0x07,0x02,0xf0,0x30,0x30,0x0b,0x3f,0x70,0x0b,0x3f,0x70,0x0b,0x3f,0x70,0x0b,0x3f,0x70,0x0b,
    0x3f,0x70,0x0b,0x3f,0x70,0x0b,0x3f,0x70,0x0b,0x3f,0x70,0x0b,0x3f,0x70,0x0b,0x3f,0x70,0x0b,0x3f,0x70,0x0b,0x3f,0x70,0x0b,
    0x3f,0x70,0x0b,0x3f,0x70,0x0b,0x3f,0x70,0x0b,0x3f,0x70,0x0b,0x3f,0x70,0x0b,0x3f,0x70,0x0b,0x3f,0x70,0x0b,0x3f,0x70,0x0b,
    0x3f,0x70,0x0b,0x3f,0x70,0x0b,0x3f,0x70,0x0b,0x3f,0x70,0x0b,0x3f,0x70,0x0b,0x3f,0x70,0x0b,0x3f,0xf0,0xf0,0xf0,0xf0,0x90,
    0x03,0x16,0x03,0x70,0x06,0x3f,0x06,0x60,0x0e,0x3f,0x0d,0x60,0x0e,0x3f,0x0e,0x60,0x06,0x3f,0x06,0x70,0x03,0x16,0x03,0x30,
    0x20,0x3f,0x20,0x3f,0x50,0x3f,0x20,0x3f,0x50,0x3f,0x20,0x3f,0x50,0x3f,0x20,0x3f,0x50,0x2f,0x0e,0x20,0x2f,0x0e,0x50,0x2f,
    0x0c,0x20,0x2f,0x0c,0x50,0x2f,0x0b,0x20,0x2f,0x0b,0x50,0x2f,0x0a,0x20,0x2f,0x0a,0x50,0x2f,0x08,0x20,0x2f,0x08,0x50,0x2f,
    0x07,0x20,0x2f,0x07,0x50,0x2f,0x06,0x20,0x2f,0x06,0x50,0x2f,0x04,0x20,0x2f,0x04,0x50,0x2f,0x03,0x20,0x2f,0x03,0xf0,0xf0,
    0xf0,0xf0,0xf0,0xf0,0xf0,0xf0,0xf0,0xf0,0xf0,0xf0,0xf0,0xf0,0xf0,0xf0,0xf0,0xf0,0xf0,0xf0,0xf0,0xf0,0xf0,0xf0,0xf0,0xf0,
    0xf0,0xf0,0xd0,0xd0,0x0e,0x1f,0x09,0x50,0x0c,0x1f,0x0b,0xf0,0x00,0x02,0x2f,0x06,0x50,0x2f,0x08,0xf0,0x00,0x05,0x2f,0x03,
    0x40,0x03,0x2f,0x05,0xf0,0x00,0x08,0x2f,0x01,0x40,0x06,0x2f,0x02,0xf0,0x00,0x0b,0x1f,0x0d,0x50,0x09,0x1f,0x0e,0xf0,0x10,
    0x0e,0x1f,0x0a,0x50,0x0c,0x1f,0x0c,0xf0,0x00,0x02,0x2f,0x07,0x50,0x0e,0x1f,0x09,0xf0,0x00,0x05,0x2f,0x04,0x40,0x02,0x2f,
    0x06,0xf0,0x00,0x07,0x2f,0x01,0x40,0x05,0x2f,0x03,0xf0,0x00,0x0a,0x1f,0x0d,0x50,0x08,0x2f,0xa0,0x6d,0x3f,0x5d,0x3f,0x4d,
    0x50,0xff,0x9f,0x50,0xff,0x9f,0x50,0xff,0x9f,0xb0,0x0a,0x1f,0x0e,0x50,0x07,0x2f,0x01,0xf0,0x00,0x0c,0x1f,0x0b,0x50,0x0a,
    0x1f,0x0d,0xf0,0x10,0x2f,0x08,0x50,0x0d,0x1f,0x0a,0xf0,0x00,0x03,0x2f,0x05,0x40,0x01,0x2f,0x07,0xf0,0x00,0x06,0x2f,0x03,
    0x40,0x04,0x2f,0x04,0xf0,0x00,0x09,0x2f,0x50,0x07,0x2f,0x02,0xf0,0x00,0x0c,0x1f,0x0c,0x50,0x0a,0x1f,0x0e,0xf0,0x10,0x0e,
    0x1f,0x09,0x50,0x0c,0x1f,0x0b,0xf0,0x00,0x02,0x2f,0x06,0x50,0x2f,0x08,0xa0,0xff,0x9f,0x50,0xff,0x9f,0x50,0xff,0x9f,0x50,
    0x5d,0x3f,0x5d,0x3f,0x5d,0xa0,0x02,0x2f,0x07,0x50,0x0e,0x1f,0x09,0xf0,0x00,0x04,0x2f,0x04,0x40,0x02,0x2f,0x06,0xf0,0x00,
    0x07,0x2f,0x01,0x40,0x05,0x2f,0x03,0xf0,0x00,0x0a,0x1f,0x0d,0x50,0x08,0x2f,0xf0,0x10,0x0d,0x1f,0x0a,0x50,0x0b,0x1f,0x0c,
    0xf0,0x00,0x01,0x2f,0x07,0x50,0x0e,0x1f,0x09,0xf0,0x00,0x04,0x2f,0x05,0x40,0x02,0x2f,0x06,0xf0,0x00,0x07,0x2f,0x02,0x40,
    0x05,0x2f,0x04,0xf0,0x00,0x09,0x1f,0x0e,0x50,0x07,0x2f,0x01,0xf0,0x00,0x0c,0x1f,0x0b,0x50,0x0a,0x1f,0x0d,0xa0,0xc0,0x3f,
    0xf0,0x80,0x3f,0xf0,0x80,0x3f,0xf0,0x80,0x3f,0xf0,0x80,0x3f,0xf0,0x60,0x01,0x04,0x3f,0x04,0x01,0xf0,0x20,0x05,0x0b,0x7f,
    0x0c,0x05,0xe0,0x02,0x0b,0xbf,0x0c,0x01,0xb0,0x02,0x0e,0xdf,0x0d,0x02,0x90,0x01,0x0d,0x4f,0x0e,0x0a,0x18,0x0a,0x0e,0x4f,
    0x0c,0x90,0x08,0x3f,0x0e,0x05,0x40,0x01,0x08,0x4f,0x07,0x70,0x01,0x0e,0x3f,0x03,0x70,0x07,0x3f,0x0d,0x70,0x05,0x3f,0x09,
    0x90,0x0c,0x3f,0x05,0x60,0x08,0x3f,0x04,0x90,0x05,0x3f,0x08,0x60,0x0a,0x3f,0x01,0x90,0x01,0x3f,0x0c,0x60,0x0a,0x3f,0xb0,
    0x0d,0x2f,0x0d,0x60,0x0a,0x3f,0x02,0xa0,0x0b,0x2f,0x0e,0x60,0x08,0x3f,0x06,0xa0,0x03,0x35,0x60,0x05,0x3f,0x0d,0x01,0xf0,
    0x50,0x01,0x0e,0x3f,0x0b,0x01,0xf0,0x50,0x08,0x4f,0x0d,0x04,0xf0,0x50,0x0c,0x5f,0x0b,0x05,0xf0,0x30,0x02,0x0d,0x6f,0x0e,
    0x09,0x03,0xf0,0x10,0x01,0x0b,0x8f,0x0d,0x07,0x01,0xf0,0x00,0x05,0x0d,0x8f,0x0e,0x06,0xf0,0x10,0x05,0x0c,0x8f,0x0c,0x02,
    0xf0,0x10,0x02,0x07,0x0d,0x6f,0x0e,0x03,0xf0,0x30,0x03,0x0a,0x5f,0x0d,0x01,0xf0,0x40,0x03,0x0c,0x4f,0x09,0xf0,0x50,0x01,
    0x0a,0x4f,0x01,0xf0,0x50,0x01,0x0d,0x3f,0x05,0xf0,0x60,0x06,0x3f,0x08,0x40,0x3e,0x0b,0xc0,0x02,0x3f,0x0a,0x40,0x0e,0x2f,
    0x0c,0xd0,0x3f,0x0a,0x40,0x0c,0x2f,0x0e,0xc0,0x02,0x3f,0x0a,0x40,0x09,0x3f,0x05,0xb0,0x06,0x3f,0x08,0x40,0x05,0x3f,0x0c,
    0xb0,0x0c,0x3f,0x04,0x40,0x01,0x0e,0x3f,0x09,0x90,0x09,0x3f,0x0e,0x60,0x06,0x4f,0x0c,0x04,0x50,0x04,0x0c,0x4f,0x07,0x70,
    0x0b,0x5f,0x0e,0x0b,0x1a,0x0b,0x0e,0x5f,0x0c,0x90,0x0b,0xff,0x0c,0x01,0xa0,0x07,0xdf,0x09,0x01,0xc0,0x02,0x08,0x0d,0x7f,
    0x0d,0x08,0x02,0xf0,0x10,0x02,0x05,0x3f,0x05,0x02,0xf0,0x60,0x3f,0xf0,0x80,0x3f,0xf0,0x80,0x3f,0xf0,0x80,0x3f,0xb0,0x70,
    0x04,0x06,0x07,0x06,0x04,0xf0,0xe0,0x06,0x0e,0x4f,0x0e,0x06,0xf0,0xb0,0x09,0x8f,0x09,0xf0,0x90,0x07,0x3f,0x0a,0x08,0x0a,
    0x3f,0x07,0xf0,0x70,0x02,0x3f,0x04,0x20,0x04,0x3f,0x02,0x80,0x02,0xc0,0x08,0x2f,0x09,0x40,0x09,0x2f,0x08,0x70,0x05,0x0f,
    0x09,0x01,0xa0,0x0c,0x2f,0x04,0x40,0x04,0x2f,0x0c,0x60,0x01,0x0e,0x1f,0x09,0xa0,0x0e,0x2f,0x01,0x40,0x01,0x2f,0x0e,0x60,
    0x09,0x1f,0x0e,0x02,0xa0,0x3f,0x60,0x3f,0x50,0x03,0x2f,0x06,0xb0,0x3f,0x60,0x3f,0x50,0x0d,0x1f,0x0c,0xc0,0x3f,0x60,0x3f,
    0x40,0x07,0x2f,0x03,0xc0,0x0d,0x2f,0x02,0x40,0x02,0x2f,0x0d,0x30,0x02,0x2f,0x08,0xd0,0x0a,0x2f,0x06,0x40,0x06,0x2f,0x0a,
    0x30,0x0b,0x1f,0x0d,0xe0,0x05,0x2f,0x0d,0x01,0x30,0x0c,0x2f,0x05,0x20,0x05,0x2f,0x04,0xf0,0x0c,0x2f,0x0b,0x03,0x01,0x03,
    0x0b,0x2f,0x0c,0x20,0x01,0x0e,0x1f,0x09,0xf0,0x00,0x03,0x0e,0x8f,0x0e,0x03,0x20,0x09,0x1f,0x0e,0x01,0xf0,0x10,0x03,0x0d,
    0x6f,0x0d,0x03,0x20,0x04,0x2f,0x05,0xf0,0x30,0x01,0x07,0x0b,0x0e,0x0f,0x0e,0x0c,0x07,0x01,0x30,0x0d,0x1f,0x0b,0xf0,0xf0,
    0x00,0x07,0x1f,0x0e,0x02,0xf0,0xf0,0x02,0x2f,0x06,0xf0,0xf0,0x00,0x0b,0x1f,0x0c,0xf0,0xf0,0x00,0x05,0x2f,0x03,0x20,0x01,
    0x06,0x0b,0x0e,0x0f,0x0e,0x0b,0x07,0x01,0xf0,0x30,0x01,0x0e,0x1f,0x08,0x20,0x02,0x0d,0x6f,0x0d,0x03,0xf0,0x20,0x09,0x1f,
    0x0d,0x20,0x03,0x0e,0x8f,0x0e,0x03,0xf0,0x00,0x04,0x2f,0x04,0x20,0x0c,0x2f,0x0b,0x03,0x01,0x03,0x0b,0x2f,0x0c,0xf0,0x00,
    0x0d,0x1f,0x09,0x20,0x05,0x2f,0x0d,0x30,0x01,0x0d,0x2f,0x05,0xe0,0x07,0x1f,0x0e,0x01,0x20,0x0a,0x2f,0x06,0x40,0x06,0x2f,
    0x0a,0xd0,0x02,0x2f,0x05,0x30,0x0d,0x2f,0x02,0x40,0x02,0x2f,0x0d,0xd0,0x0b,0x1f,0x0b,0x40,0x3f,0x60,0x3f,0xc0,0x05,0x1f,
    0x0e,0x02,0x40,0x3f,0x60,0x3f,0xb0,0x01,0x0e,0x1f,0x07,0x50,0x3f,0x60,0x3f,0xb0,0x09,0x1f,0x0c,0x60,0x0e,0x2f,0x01,0x40,
    0x01,0x2f,0x0e,0xa0,0x04,0x2f,0x03,0x60,0x0c,0x2f,0x03,0x40,0x03,0x2f,0x0c,0xa0,0x09,0x1f,0x08,0x70,0x08,0x2f,0x09,0x40,
    0x09,0x2f,0x08,0xb0,0x07,0x0d,0x80,0x02,0x3f,0x04,0x20,0x04,0x3f,0x02,0xf0,0x70,0x07,0x3f,0x0a,0x08,0x0a,0x3f,0x08,0xf0,
    0x90,0x09,0x8f,0x0a,0xf0,0xb0,0x06,0x0e,0x4f,0x0e,0x07,0xf0,0xe0,0x04,0x06,0x17,0x04,0x60,0xb0,0x03,0x06,0x17,0x06,0x04,
    0x01,0xf0,0x70,0x07,0x0e,0x5f,0x0e,0x09,0x01,0xf0,0x30,0x03,0x0c,0x9f,0x0e,0x04,0xf0,0x10,0x02,0x0e,0xcf,0x03,0xf0,0x00,
    0x0c,0x4f,0x0a,0x16,0x09,0x0e,0x3f,0x0d,0x01,0xe0,0x04,0x3f,0x0e,0x03,0x30,0x02,0x0d,0x3f,0x07,0xe0,0x09,0x3f,0x06,0x50,
    0x03,0x3f,0x0c,0xe0,0x0d,0x2f,0x0e,0x70,0x0c,0x2f,0x0e,0xe0,0x0e,0x2f,0x0c,0x70,0x0b,0x3f,0xe0,0x3f,0x0b,0x70,0x0d,0x2f,
    0x0d,0xe0,0x0d,0x2f,0x0d,0x60,0x02,0x3f,0x0a,0xe0,0x0b,0x3f,0x03,0x50,0x0b,0x3f,0x05,0xe0,0x06,0x3f,0x0a,0x40,0x0a,0x3f,
    0x0c,0xf0,0x01,0x0e,0x3f,0x05,0x10,0x02,0x0c,0x3f,0x0e,0x02,0xf0,0x00,0x06,0x3f,0x0e,0x02,0x05,0x0e,0x3f,0x0e,0x03,0xf0,
    0x20,0x0b,0x9f,0x0d,0x03,0xf0,0x30,0x01,0x0e,0x7f,0x0b,0x01,0xf0,0x50,0x04,0x6f,0x07,0xf0,0x60,0x01,0x0a,0x5f,0x09,0xf0,
    0x60,0x02,0x0d,0x7f,0x04,0xf0,0x40,0x04,0x0e,0x8f,0x0e,0x02,0xf0,0x20,0x04,0x0e,0x3f,0x0d,0x04,0x0c,0x3f,0x0d,0x01,0x40,
    0x01,0x3f,0x0a,0x50,0x02,0x0e,0x3f,0x0c,0x01,0x00,0x02,0x0e,0x3f,0x0b,0x40,0x02,0x3f,0x09,0x50,0x0b,0x3f,0x0b,0x30,0x04,
    0x4f,0x09,0x30,0x03,0x3f,0x08,0x40,0x04,0x3f,0x0e,0x01,0x40,0x06,0x4f,0x07,0x20,0x06,0x3f,0x06,0x40,0x09,0x3f,0x06,0x60,
    0x08,0x4f,0x04,0x10,0x0a,0x3f,0x04,0x40,0x0d,0x2f,0x0e,0x80,0x0b,0x3f,0x0e,0x03,0x00,0x0e,0x2f,0x0e,0x50,0x0e,0x2f,0x0b,
    0x80,0x01,0x0d,0x3f,0x0d,0x07,0x3f,0x0a,0x50,0x3f,0x0b,0x90,0x02,0x0e,0x8f,0x05,0x50,0x0d,0x2f,0x0d,0xa0,0x04,0x7f,0x0d,
    0x60,0x0b,0x3f,0x03,0xa0,0x06,0x6f,0x05,0x60,0x07,0x3f,0x09,0xb0,0x0b,0x5f,0x70,0x01,0x0e,0x3f,0x05,0x90,0x04,0x0e,0x5f,
    0x03,0x70,0x07,0x4f,0x08,0x01,0x50,0x02,0x0a,0x7f,0x0e,0x02,0x70,0x0b,0x4f,0x0e,0x0a,0x07,0x16,0x08,0x0c,0xaf,0x0d,0x01,
    0x60,0x01,0x0b,0xff,0x0e,0x08,0x4f,0x0b,0x80,0x07,0x0e,0xcf,0x0a,0x01,0x00,0x06,0x4f,0x09,0x80,0x02,0x08,0x0d,0x7f,0x0d,
    0x08,0x02,0x30,0x09,0x4f,0x07,0xa0,0x02,0x05,0x06,0x17,0x06,0x04,0x02,0xd0,0x20,0x3f,0x40,0x3f,0x40,0x3f,0x40,0x3f,0x40,
    0x3f,0x40,0x3f,0x40,0x3f,0x40,0x3f,0x40,0x3f,0x40,0x3f,0x40,0x3f,0x40,0x3f,0xf0,0xf0,0xf0,0xf0,0xf0,0xf0,0xf0,0xf0,0xf0,
    0xf0,0xf0,0xf0,0xf0,0xf0,0xf0,0x40,0xd0,0x03,0x05,0xe0,0x06,0x0f,0x0c,0xd0,0x08,0x2f,0x02,0xb0,0x08,0x2f,0x0e,0x03,0xa0,
    0x06,0x2f,0x0e,0x03,0xa0,0x03,0x3f,0x04,0xa0,0x01,0x0d,0x2f,0x06,0xb0,0x09,0x2f,0x0b,0xb0,0x03,0x2f,0x0e,0x02,0xb0,0x0c,
    0x2f,0x08,0xb0,0x05,0x2f,0x0e,0x01,0xb0,0x0c,0x2f,0x08,0xb0,0x04,0x3f,0x03,0xb0,0x09,0x2f,0x0c,0xb0,0x01,0x0e,0x2f,0x07,
    0xb0,0x05,0x3f,0x03,0xb0,0x09,0x2f,0x0e,0xc0,0x0d,0x2f,0x0a,0xb0,0x02,0x3f,0x07,0xb0,0x05,0x3f,0x04,0xb0,0x08,0x3f,0x02,
    0xb0,0x0a,0x3f,0xc0,0x0c,0x2f,0x0d,0xc0,0x0d,0x2f,0x0d,0xc0,0x0e,0x2f,0x0c,0xc0,0x0e,0x2f,0x0b,0xc0,0x3f,0x0b,0xc0,0x3f,
    0x0b,0xc0,0x3f,0x0b,0xc0,0x0e,0x2f,0x0c,0xc0,0x0d,0x2f,0x0d,0xc0,0x0c,0x2f,0x0d,0xc0,0x0a,0x3f,0xc0,0x08,0x3f,0x02,0xb0,
    0x06,0x3f,0x04,0xb0,0x03,0x3f,0x06,0xc0,0x0e,0x2f,0x09,0xc0,0x0a,0x2f,0x0d,0xc0,0x06,0x3f,0x02,0xb0,0x01,0x3f,0x06,0xc0,
    0x0b,0x2f,0x0b,0xc0,0x05,0x3f,0x01,0xc0,0x0d,0x2f,0x07,0xc0,0x07,0x2f,0x0d,0xd0,0x0d,0x2f,0x06,0xc0,0x05,0x2f,0x0d,0xd0,
    0x0b,0x2f,0x08,0xc0,0x02,0x0e,0x2f,0x03,0xc0,0x06,0x2f,0x0d,0x01,0xc0,0x09,0x2f,0x0b,0xd0,0x0b,0x2f,0x0b,0x01,0xc0,0x0b,
    0x2f,0x04,0xd0,0x09,0x0f,0x0e,0xf0,0x05,0x07,0x10,0x10,0x07,0x01,0xe0,0x02,0x0f,0x0d,0x03,0xd0,0x08,0x1f,0x0e,0x04,0xc0,
    0x05,0x2f,0x0e,0x04,0xc0,0x05,0x2f,0x0e,0x02,0xc0,0x08,0x2f,0x0d,0x01,0xc0,0x0b,0x2f,0x0a,0xc0,0x02,0x0e,0x2f,0x05,0xc0,
    0x07,0x2f,0x0d,0x01,0xc0,0x0d,0x2f,0x08,0xc0,0x06,0x2f,0x0e,0x01,0xc0,0x0e,0x2f,0x07,0xc0,0x09,0x2f,0x0e,0xc0,0x03,0x3f,
    0x05,0xc0,0x0c,0x2f,0x0a,0xc0,0x08,0x3f,0x01,0xb0,0x04,0x3f,0x05,0xb0,0x01,0x3f,0x09,0xc0,0x0c,0x2f,0x0c,0xc0,0x0a,0x3f,
    0x01,0xb0,0x07,0x3f,0x03,0xb0,0x05,0x3f,0x05,0xb0,0x03,0x3f,0x07,0xb0,0x02,0x3f,0x08,0xb0,0x02,0x3f,0x09,0xb0,0x01,0x3f,
    0x0a,0xc0,0x3f,0x0a,0xc0,0x3f,0x0a,0xb0,0x01,0x3f,0x0a,0xb0,0x01,0x3f,0x0a,0xb0,0x02,0x3f,0x09,0xb0,0x03,0x3f,0x07,0xb0,
    0x04,0x3f,0x06,0xb0,0x07,0x3f,0x03,0xb0,0x09,0x3f,0x01,0xb0,0x0b,0x2f,0x0d,0xc0,0x0e,0x2f,0x0a,0xb0,0x03,0x3f,0x06,0xb0,
    0x06,0x3f,0x01,0xb0,0x0a,0x2f,0x0b,0xb0,0x01,0x0e,0x2f,0x06,0xb0,0x06,0x2f,0x0e,0x01,0xb0,0x0b,0x2f,0x09,0xb0,0x03,0x3f,
    0x02,0xb0,0x0a,0x2f,0x09,0xb0,0x03,0x2f,0x0e,0x02,0xb0,0x0c,0x2f,0x07,0xb0,0x07,0x2f,0x0c,0xb0,0x03,0x2f,0x0e,0x02,0xa0,
    0x02,0x0e,0x2f,0x04,0xa0,0x03,0x0d,0x2f,0x06,0xb0,0x09,0x2f,0x06,0xc0,0x03,0x0f,0x0e,0x05,0xe0,0x0a,0x03,0xd0,0x80,0x3f,
    0xf0,0x10,0x3f,0xf0,0x10,0x3f,0xf0,0x10,0x3f,0xf0,0x10,0x3f,0xf0,0x10,0x3f,0x90,0x0b,0x0a,0x05,0x40,0x3f,0x40,0x03,0x08,
    0x07,0x00,0x01,0x2f,0x0e,0x09,0x03,0x10,0x3f,0x10,0x01,0x06,0x0c,0x1f,0x0d,0x00,0x05,0x5f,0x0c,0x07,0x3f,0x04,0x0a,0x5f,
    0x03,0x08,0xff,0x3f,0x07,0x00,0x02,0x06,0x0b,0x0e,0xcf,0x0d,0x09,0x04,0x40,0x01,0x04,0x09,0x0d,0x6f,0x0c,0x07,0x03,0xa0,
    0x06,0x5f,0x02,0xc0,0x03,0x6f,0x0b,0xb0,0x01,0x0d,0x2f,0x0a,0x0e,0x2f,0x06,0xa0,0x09,0x2f,0x0d,0x01,0x06,0x3f,0x03,0x80,
    0x05,0x3f,0x04,0x10,0x0a,0x2f,0x0d,0x01,0x60,0x02,0x0e,0x2f,0x08,0x20,0x01,0x0e,0x2f,0x09,0x60,0x0c,0x2f,0x0d,0x01,0x30,
    0x05,0x3f,0x05,0x50,0x08,0x2f,0x04,0x50,0x0a,0x1f,0x0e,0x05,0x60,0x04,0x0e,0x08,0x60,0x01,0x0e,0x0d,0x03,0x80,0x11,0x70,
    0x03,0x01,0xf0,0xf0,0xf0,0xf0,0xf0,0xf0,0xf0,0xf0,0xf0,0xf0,0xf0,0xf0,0xf0,0xf0,0xf0,0xf0,0xf0,0xf0,0xf0,0xf0,0xe0,0xb0,
    0x3f,0x0b,0xf0,0x80,0x3f,0x0b,0xf0,0x80,0x3f,0x0b,0xf0,0x80,0x3f,0x0b,0xf0,0x80,0x3f,0x0b,0xf0,0x80,0x3f,0x0b,0xf0,0x80,
    0x3f,0x0b,0xf0,0x80,0x3f,0x0b,0xf0,0x80,0x3f,0x0b,0xf0,0x80,0x3f,0x0b,0xf0,0x80,0x3f,0x0b,0xd0,0x06,0x9d,0x4f,0x9d,0x30,
    0x08,0xff,0x8f,0x30,0x08,0xff,0x8f,0x30,0x08,0xff,0x8f,0xe0,0x3f,0x0b,0xf0,0x80,0x3f,0x0b,0xf0,0x80,0x3f,0x0b,0xf0,0x80,
    0x3f,0x0b,0xf0,0x80,0x3f,0x0b,0xf0,0x80,0x3f,0x0b,0xf0,0x80,0x3f,0x0b,0xf0,0x80,0x3f,0x0b,0xf0,0x80,0x3f,0x0b,0xf0,0x80,
    0x3f,0x0b,0xf0,0x80,0x3f,0x0b,0xf0,0x80,0x38,0x05,0xf0,0xf0,0xf0,0xf0,0xf0,0xf0,0x60,0x20,0x3f,0x0b,0x40,0x3f,0x0b,0x40,
    0x3f,0x0b,0x40,0x3f,0x0b,0x30,0x01,0x3f,0x0a,0x30,0x02,0x3f,0x08,0x30,0x05,0x3f,0x04,0x30,0x09,0x2f,0x0e,0x01,0x20,0x01,
    0x0e,0x2f,0x09,0x30,0x08,0x2f,0x0e,0x01,0x20,0x02,0x3f,0x06,0x30,0x02,0x0c,0x1f,0x09,0x60,0x08,0x09,0x50,0x00,0xbd,0x10,
    0xbf,0x10,0xbf,0x10,0xbf,0xf0,0xf0,0xf0,0xf0,0xf0,0xf0,0xf0,0xf0,0xf0,0xf0,0xf0,0xf0,0x40,0x40,0x02,0x16,0x02,0x80,0x04,
    0x2f,0x0e,0x04,0x70,0x0c,0x3f,0x0c,0x70,0x0e,0x3f,0x0e,0x70,0x0c,0x3f,0x0c,0x70,0x04,0x3f,0x04,0x80,0x02,0x16,0x02,0x40,
    0xe0,0x04,0x2f,0x0b,0xf0,0x0a,0x2f,0x05,0xe0,0x01,0x2f,0x0e,0x01,0xe0,0x06,0x2f,0x09,0xf0,0x0c,0x2f,0x03,0xe0,0x03,0x2f,
    0x0c,0xf0,0x09,0x2f,0x06,0xe0,0x01,0x0e,0x2f,0x01,0xe0,0x05,0x2f,0x0a,0xf0,0x0b,0x2f,0x04,0xe0,0x02,0x2f,0x0d,0xf0,0x08,
    0x2f,0x08,0xf0,0x0d,0x2f,0x02,0xe0,0x04,0x2f,0x0b,0xf0,0x0a,0x2f,0x05,0xe0,0x01,0x2f,0x0e,0xf0,0x07,0x2f,0x09,0xf0,0x0c,
    0x2f,0x03,0xe0,0x03,0x2f,0x0c,0xf0,0x09,0x2f,0x06,0xe0,0x01,0x0e,0x2f,0x01,0xe0,0x06,0x2f,0x0a,0xf0,0x0b,0x2f,0x04,0xe0,
    0x02,0x2f,0x0d,0xf0,0x08,0x2f,0x07,0xf0,0x0e,0x2f,0x02,0xe0,0x05,0x2f,0x0b,0xf0,0x0a,0x2f,0x05,0xe0,0x01,0x2f,0x0e,0xf0,
    0x07,0x2f,0x08,0xf0,0x0d,0x2f,0x03,0xe0,0x04,0x2f,0x0c,0xf0,0x09,0x2f,0x06,0xe0,0x01,0x0e,0x1f,0x0e,0x01,0xe0,0x06,0x2f,
    0x0a,0xf0,0x0c,0x2f,0x04,0xe0,0x02,0x2f,0x0d,0xf0,0x08,0x2f,0x07,0xf0,0x0e,0x2f,0x02,0xe0,0x05,0x2f,0x0b,0xf0,0xa0,0x01,
    0x05,0x06,0x17,0x06,0x04,0x01,0xf0,0x10,0x01,0x07,0x0d,0x7f,0x0b,0x05,0xe0,0x04,0x0e,0xbf,0x0b,0x01,0xb0,0x05,0xef,0x0d,
    0x02,0x90,0x03,0x5f,0x0b,0x07,0x16,0x08,0x0c,0x4f,0x0c,0x90,0x0c,0x3f,0x0c,0x03,0x50,0x05,0x0e,0x3f,0x07,0x70,0x04,0x3f,
    0x0d,0x01,0x70,0x03,0x3f,0x0e,0x70,0x0a,0x3f,0x04,0x90,0x08,0x3f,0x06,0x50,0x01,0x3f,0x0c,0xa0,0x01,0x3f,0x0a,0x50,0x04,
    0x3f,0x07,0xb0,0x0b,0x2f,0x0e,0x50,0x08,0x3f,0x03,0xb0,0x08,0x3f,0x03,0x40,0x0a,0x3f,0xc0,0x05,0x3f,0x05,0x40,0x0c,0x2f,
    0x0d,0xc0,0x03,0x3f,0x07,0x40,0x0d,0x2f,0x0c,0xc0,0x01,0x3f,0x09,0x40,0x0e,0x2f,0x0b,0xc0,0x01,0x3f,0x09,0x40,0x3f,0x0b,
    0xd0,0x3f,0x0a,0x40,0x3f,0x0b,0xd0,0x3f,0x0a,0x40,0x3f,0x0b,0xd0,0x3f,0x0b,0x40,0x3f,0x0b,0xd0,0x3f,0x0b,0x40,0x3f,0x0b,
    0xd0,0x3f,0x0b,0x40,0x3f,0x0b,0xd0,0x3f,0x0b,0x40,0x3f,0x0b,0xd0,0x3f,0x0b,0x40,0x3f,0x0b,0xd0,0x3f,0x0a,0x40,0x0e,0x2f,
    0x0b,0xd0,0x3f,0x0a,0x40,0x0e,0x2f,0x0b,0xc0,0x01,0x3f,0x0a,0x40,0x0d,0x2f,0x0c,0xc0,0x02,0x3f,0x08,0x40,0x0b,0x2f,0x0e,
    0xc0,0x03,0x3f,0x07,0x40,0x09,0x3f,0x01,0xb0,0x05,0x3f,0x05,0x40,0x07,0x3f,0x04,0xb0,0x08,0x3f,0x02,0x40,0x03,0x3f,0x08,
    0xb0,0x0c,0x2f,0x0e,0x60,0x0e,0x2f,0x0d,0xa0,0x02,0x3f,0x0a,0x60,0x09,0x3f,0x05,0x90,0x09,0x3f,0x05,0x60,0x03,0x3f,0x0e,
    0x02,0x70,0x04,0x3f,0x0e,0x80,0x0a,0x3f,0x0d,0x03,0x50,0x06,0x0e,0x3f,0x06,0x80,0x01,0x0e,0x4f,0x0b,0x07,0x16,0x08,0x0d,
    0x4f,0x0b,0xa0,0x03,0x0e,0xdf,0x0d,0x01,0xb0,0x03,0x0c,0xbf,0x0b,0x01,0xe0,0x06,0x0c,0x7f,0x0b,0x05,0xf0,0x20,0x01,0x05,
    0x06,0x17,0x06,0x04,0x01,0x90,0xe0,0x01,0x07,0x0c,0x0b,0xf0,0x60,0x05,0x0b,0x2f,0x0b,0xf0,0x30,0x03,0x09,0x0e,0x4f,0x0b,
    0xf0,0x00,0x01,0x07,0x0c,0x7f,0x0b,0xe0,0x05,0x0b,0xaf,0x0b,0xd0,0x07,0xcf,0x0b,0xd0,0x08,0x5f,0x0b,0x06,0x01,0x3f,0x0b,
    0xd0,0x08,0x2f,0x0d,0x07,0x02,0x20,0x3f,0x0b,0xd0,0x08,0x0e,0x08,0x03,0x50,0x3f,0x0b,0xd0,0x01,0x80,0x3f,0x0b,0xf0,0x70,
    0x3f,0x0b,0xf0,0x70,0x3f,0x0b,0xf0,0x70,0x3f,0x0b,0xf0,0x70,0x3f,0x0b,0xf0,0x70,0x3f,0x0b,0xf0,0x70,0x3f,0x0b,0xf0,0x70,
    0x3f,0x0b,0xf0,0x70,0x3f,0x0b,0xf0,0x70,0x3f,0x0b,0xf0,0x70,0x3f,0x0b,0xf0,0x70,0x3f,0x0b,0xf0,0x70,0x3f,0x0b,0xf0,0x70,
    0x3f,0x0b,0xf0,0x70,0x3f,0x0b,0xf0,0x70,0x3f,0x0b,0xf0,0x70,0x3f,0x0b,0xf0,0x70,0x3f,0x0b,0xf0,0x70,0x3f,0x0b,0xf0,0x70,
    0x3f,0x0b,0xf0,0x70,0x3f,0x0b,0xf0,0x70,0x3f,0x0b,0xf0,0x70,0x3f,0x0b,0xf0,0x70,0x3f,0x0b,0xf0,0x70,0x3f,0x0b,0xf0,0x70,
    0x3f,0x0b,0xf0,0x70,0x3f,0x0b,0xf0,0x70,0x3f,0x0b,0x90,0x90,0x02,0x05,0x06,0x17,0x06,0x04,0x01,0xf0,0x10,0x01,0x07,0x0d,
    0x7f,0x0c,0x06,0xe0,0x06,0x0e,0xbf,0x0d,0x04,0xb0,0x09,0xff,0x05,0x90,0x08,0x5f,0x0b,0x08,0x16,0x08,0x0d,0x5f,0x03,0x70,
    0x04,0x4f,0x0a,0x01,0x50,0x05,0x0e,0x3f,0x0c,0x70,0x0c,0x3f,0x08,0x80,0x03,0x4f,0x04,0x50,0x03,0x3f,0x0c,0xa0,0x08,0x3f,
    0x09,0x50,0x08,0x3f,0x05,0xa0,0x02,0x3f,0x0c,0x50,0x0c,0x2f,0x0e,0x01,0xb0,0x0d,0x2f,0x0e,0x50,0x0e,0x2f,0x0d,0xc0,0x0b,
    0x3f,0x50,0x3d,0x0a,0xc0,0x0b,0x2f,0x0e,0xf0,0x70,0x0d,0x2f,0x0b,0xf0,0x60,0x02,0x3f,0x07,0xf0,0x60,0x08,0x3f,0x02,0xf0,
    0x50,0x01,0x0e,0x2f,0x0b,0xf0,0x60,0x09,0x3f,0x03,0xf0,0x50,0x05,0x3f,0x0a,0xf0,0x50,0x02,0x0e,0x2f,0x0e,0x01,0xf0,0x40,
    0x01,0x0c,0x3f,0x05,0xf0,0x50,0x0b,0x3f,0x09,0xf0,0x50,0x08,0x3f,0x0b,0xf0,0x50,0x07,0x3f,0x0d,0x01,0xf0,0x40,0x05,0x3f,
    0x0e,0x02,0xf0,0x40,0x03,0x0e,0x2f,0x0e,0x03,0xf0,0x40,0x02,0x0e,0x3f,0x04,0xf0,0x40,0x01,0x0d,0x3f,0x05,0xf0,0x50,0x0b,
    0x3f,0x06,0xf0,0x50,0x0a,0x3f,0x07,0xf0,0x50,0x08,0x3f,0x09,0xf0,0x50,0x06,0x3f,0x0a,0xf0,0x50,0x04,0x3f,0x0b,0xf0,0x50,
    0x03,0x0e,0x2f,0x0c,0x01,0xf0,0x40,0x02,0x0e,0x2f,0x0d,0x01,0xf0,0x50,0x0c,0x3f,0x0e,0xfd,0x1d,0x40,0xff,0x7f,0x40,0xff,
    0x7f,0x40,0xff,0x7f,0x10,0x90,0x02,0x05,0x06,0x17,0x06,0x04,0x01,0xf0,0x10,0x01,0x07,0x0d,0x7f,0x0b,0x05,0xe0,0x05,0x0e,
    0xbf,0x0c,0x03,0xb0,0x08,0xff,0x04,0x90,0x07,0x5f,0x0a,0x07,0x16,0x08,0x0c,0x4f,0x0e,0x02,0x70,0x03,0x4f,0x0a,0x01,0x50,
    0x03,0x0d,0x3f,0x0b,0x70,0x0c,0x3f,0x08,0x80,0x01,0x0e,0x3f,0x03,0x50,0x03,0x3f,0x0c,0xa0,0x05,0x3f,0x08,0x50,0x07,0x3f,
    0x05,0xa0,0x01,0x3f,0x0c,0x50,0x09,0x3f,0x02,0xb0,0x0c,0x2f,0x0e,0x50,0x07,0x3a,0xc0,0x0b,0x3f,0xf0,0x70,0x0c,0x2f,0x0e,
    0xf0,0x70,0x0e,0x2f,0x0c,0xf0,0x60,0x04,0x3f,0x07,0xf0,0x60,0x0c,0x2f,0x0e,0x01,0xf0,0x40,0x01,0x0a,0x3f,0x07,0xf0,0x30,
    0x02,0x07,0x0d,0x3f,0x0a,0xe0,0x06,0x3d,0x6f,0x08,0xf0,0x0d,0x8f,0x0c,0x04,0xf0,0x00,0x0e,0x8f,0x0e,0x08,0x01,0xf0,0x07,
    0xaf,0x0e,0x05,0xf0,0x20,0x01,0x02,0x04,0x08,0x0d,0x4f,0x06,0xf0,0x60,0x07,0x4f,0x03,0xf0,0x60,0x06,0x3f,0x0b,0xf0,0x70,
    0x0b,0x3f,0x02,0xf0,0x60,0x05,0x3f,0x07,0xf0,0x60,0x02,0x3f,0x09,0xf0,0x60,0x01,0x3f,0x0a,0x40,0x3c,0x09,0xc0,0x01,0x3f,
    0x09,0x40,0x0d,0x2f,0x0d,0xc0,0x03,0x3f,0x08,0x40,0x0b,0x3f,0x02,0xb0,0x07,0x3f,0x05,0x40,0x07,0x3f,0x08,0xb0,0x0d,0x3f,
    0x01,0x40,0x02,0x4f,0x05,0x90,0x09,0x3f,0x0a,0x60,0x08,0x4f,0x08,0x01,0x50,0x01,0x0a,0x4f,0x02,0x70,0x0c,0x4f,0x0e,0x0a,
    0x07,0x16,0x08,0x0b,0x5f,0x06,0x80,0x01,0x0c,0xff,0x07,0xb0,0x07,0xcf,0x0d,0x04,0xd0,0x01,0x07,0x0d,0x7f,0x0c,0x06,0xf0,
    0x20,0x01,0x05,0x06,0x17,0x06,0x04,0x01,0xa0,0xf0,0x00,0x0a,0x3f,0x0b,0xf0,0x50,0x05,0x4f,0x0b,0xf0,0x40,0x01,0x0e,0x4f,
    0x0b,0xf0,0x40,0x09,0x5f,0x0b,0xf0,0x30,0x04,0x6f,0x0b,0xf0,0x20,0x01,0x0d,0x6f,0x0b,0xf0,0x20,0x09,0x2f,0x0c,0x3f,0x0b,
    0xf0,0x10,0x04,0x3f,0x04,0x3f,0x0b,0xf0,0x00,0x01,0x0d,0x2f,0x09,0x00,0x3f,0x0b,0xf0,0x00,0x09,0x2f,0x0d,0x01,0x00,0x3f,
    0x0b,0xf0,0x04,0x3f,0x04,0x10,0x3f,0x0b,0xe0,0x01,0x0d,0x2f,0x09,0x20,0x3f,0x0b,0xe0,0x09,0x2f,0x0e,0x01,0x20,0x3f,0x0b,
    0xd0,0x04,0x3f,0x05,0x30,0x3f,0x0b,0xc0,0x01,0x0d,0x2f,0x0a,0x40,0x3f,0x0b,0xc0,0x08,0x2f,0x0e,0x01,0x40,0x3f,0x0b,0xb0,
    0x03,0x3f,0x05,0x50,0x3f,0x0b,0xa0,0x01,0x0d,0x2f,0x0b,0x60,0x3f,0x0b,0xa0,0x08,0x2f,0x0e,0x02,0x60,0x3f,0x0b,0x90,0x03,
    0x3f,0x06,0x70,0x3f,0x0b,0x90,0x0d,0x2f,0x0b,0x80,0x3f,0x0b,0x80,0x08,0x2f,0x0e,0x02,0x80,0x3f,0x0b,0x70,0x03,0x3f,0x07,
    0x90,0x3f,0x0b,0x70,0x0c,0x2f,0x0c,0xa0,0x3f,0x0b,0x60,0x08,0x3f,0x0e,0xad,0x4f,0x4d,0x10,0xff,0xaf,0x10,0xff,0xaf,0x10,
    0xff,0xaf,0xf0,0x20,0x3f,0x0b,0xf0,0x70,0x3f,0x0b,0xf0,0x70,0x3f,0x0b,0xf0,0x70,0x3f,0x0b,0xf0,0x70,0x3f,0x0b,0xf0,0x70,
    0x3f,0x0b,0xf0,0x70,0x3f,0x0b,0xf0,0x70,0x3f,0x0b,0xf0,0x70,0x3f,0x0b,0x50,0x50,0x06,0xff,0x1f,0x09,0x80,0x08,0xff,0x1f,
    0x09,0x80,0x09,0xff,0x1f,0x09,0x80,0x0b,0x2f,0x0e,0xdd,0x08,0x80,0x0c,0x2f,0x09,0xf0,0x70,0x0e,0x2f,0x07,0xf0,0x70,0x3f,
    0x05,0xf0,0x60,0x02,0x3f,0x04,0xf0,0x60,0x03,0x3f,0x02,0xf0,0x60,0x05,0x3f,0x01,0xf0,0x60,0x06,0x2f,0x0e,0xf0,0x70,0x08,
    0x2f,0x0d,0xf0,0x70,0x09,0x2f,0x0b,0xf0,0x70,0x0b,0x2f,0x09,0x01,0x05,0x09,0x0c,0x0e,0x0f,0x0e,0x0d,0x0a,0x05,0x01,0xc0,
    0x0c,0x2f,0x0d,0x0e,0x8f,0x0e,0x07,0xb0,0x0e,0xff,0x0b,0x01,0x90,0x7f,0x0e,0x0d,0x0e,0x6f,0x0c,0x80,0x02,0x4f,0x0c,0x05,
    0x01,0x20,0x02,0x06,0x0d,0x4f,0x08,0x70,0x01,0x07,0x0b,0x0e,0x0f,0x08,0x70,0x01,0x0a,0x4f,0x03,0xa0,0x02,0xa0,0x0b,0x3f,
    0x09,0xf0,0x60,0x02,0x3f,0x0e,0xf0,0x70,0x0a,0x3f,0x04,0xf0,0x60,0x05,0x3f,0x07,0xf0,0x60,0x02,0x3f,0x09,0xf0,0x60,0x01,
    0x3f,0x0a,0xf0,0x70,0x3f,0x0a,0xf0,0x60,0x01,0x3f,0x09,0x40,0x06,0x3c,0xc0,0x03,0x3f,0x08,0x40,0x05,0x3f,0x03,0xb0,0x07,
    0x3f,0x05,0x40,0x02,0x3f,0x08,0xb0,0x0c,0x3f,0x02,0x50,0x0c,0x2f,0x0e,0x01,0x90,0x04,0x3f,0x0c,0x60,0x06,0x3f,0x0b,0x80,
    0x02,0x0d,0x3f,0x06,0x70,0x0c,0x3f,0x0c,0x02,0x50,0x04,0x0d,0x3f,0x0d,0x80,0x03,0x0e,0x4f,0x0b,0x08,0x16,0x08,0x0c,0x5f,
    0x03,0x90,0x04,0x0e,0xdf,0x0e,0x05,0xb0,0x03,0x0c,0xbf,0x0d,0x03,0xe0,0x05,0x0b,0x7f,0x0c,0x06,0xf0,0x20,0x01,0x04,0x06,
    0x17,0x06,0x04,0x01,0x90,0xd0,0x02,0x06,0x09,0x0b,0x0d,0x0e,0x0f,0x06,0xf0,0x20,0x06,0x0c,0x6f,0x06,0xf0,0x00,0x04,0x0d,
    0x8f,0x06,0xf0,0x08,0x8f,0x0e,0x0d,0x05,0xe0,0x09,0x5f,0x0b,0x06,0x03,0xf0,0x10,0x08,0x4f,0x0a,0x02,0xf0,0x30,0x04,0x4f,
    0x05,0xf0,0x40,0x01,0x0d,0x3f,0x04,0xf0,0x50,0x07,0x3f,0x06,0xf0,0x60,0x0e,0x2f,0x0c,0xf0,0x60,0x05,0x3f,0x04,0xf0,0x60,
    0x0a,0x2f,0x0d,0xf0,0x70,0x0e,0x2f,0x07,0xf0,0x60,0x03,0x3f,0x04,0x10,0x03,0x08,0x0b,0x0d,0x1f,0x0d,0x0b,0x07,0x01,0xa0,
    0x06,0x3f,0x01,0x02,0x0b,0x9f,0x07,0x90,0x08,0x2f,0x0d,0x05,0x0e,0xbf,0x0c,0x01,0x70,0x0a,0x9f,0x1e,0x6f,0x0c,0x01,0x60,
    0x0c,0x6f,0x0c,0x06,0x01,0x20,0x05,0x0c,0x4f,0x09,0x60,0x0d,0x5f,0x06,0x70,0x08,0x4f,0x03,0x50,0x0e,0x4f,0x04,0x90,0x0a,
    0x3f,0x09,0x50,0x4f,0x07,0xa0,0x02,0x0e,0x2f,0x0e,0x01,0x40,0x4f,0xc0,0x0a,0x3f,0x04,0x40,0x4f,0xc0,0x05,0x3f,0x07,0x40,
    0x3f,0x0e,0xc0,0x02,0x3f,0x09,0x40,0x0e,0x2f,0x0c,0xc0,0x01,0x3f,0x0a,0x40,0x0d,0x2f,0x0d,0xd0,0x3f,0x0a,0x40,0x0a,0x3f,
    0xc0,0x01,0x3f,0x09,0x40,0x07,0x3f,0x03,0xb0,0x03,0x3f,0x08,0x40,0x03,0x3f,0x09,0xb0,0x07,0x3f,0x04,0x50,0x0d,0x2f,0x0e,
    0x01,0xa0,0x0c,0x3f,0x01,0x50,0x07,0x3f,0x09,0x90,0x05,0x3f,0x0a,0x60,0x01,0x0d,0x3f,0x06,0x70,0x02,0x0e,0x3f,0x04,0x70,
    0x05,0x4f,0x08,0x50,0x04,0x0e,0x3f,0x0b,0x90,0x08,0x4f,0x0e,0x09,0x16,0x08,0x0c,0x4f,0x0e,0x01,0xa0,0x09,0xdf,0x0d,0x02,
    0xc0,0x06,0x0e,0xaf,0x0b,0x02,0xe0,0x02,0x09,0x0e,0x6f,0x0b,0x05,0xf0,0x30,0x04,0x06,0x17,0x06,0x04,0x01,0x90,0x10,0xff,
    0x8f,0x30,0xff,0x8f,0x30,0xff,0x8f,0x30,0xfd,0x3d,0x3f,0x09,0xf0,0x60,0x04,0x3f,0x03,0xf0,0x60,0x0b,0x2f,0x0b,0xf0,0x60,
    0x03,0x3f,0x04,0xf0,0x60,0x0a,0x2f,0x0c,0xf0,0x60,0x02,0x3f,0x06,0xf0,0x60,0x09,0x2f,0x0e,0xf0,0x60,0x01,0x0e,0x2f,0x07,
    0xf0,0x60,0x08,0x3f,0x01,0xf0,0x50,0x01,0x0e,0x2f,0x09,0xf0,0x60,0x07,0x3f,0x02,0xf0,0x60,0x0d,0x2f,0x0b,0xf0,0x60,0x05,
    0x3f,0x04,0xf0,0x60,0x0c,0x2f,0x0c,0xf0,0x60,0x04,0x3f,0x06,0xf0,0x60,0x0b,0x2f,0x0e,0xf0,0x60,0x03,0x3f,0x07,0xf0,0x60,
    0x0a,0x2f,0x0e,0x01,0xf0,0x50,0x02,0x3f,0x09,0xf0,0x60,0x09,0x3f,0x02,0xf0,0x50,0x01,0x0e,0x2f,0x0b,0xf0,0x60,0x08,0x3f,
    0x04,0xf0,0x50,0x01,0x0e,0x2f,0x0c,0xf0,0x60,0x07,0x3f,0x05,0xf0,0x60,0x0d,0x2f,0x0d,0xf0,0x60,0x05,0x3f,0x07,0xf0,0x60,
    0x0c,0x2f,0x0e,0x01,0xf0,0x50,0x04,0x3f,0x09,0xf0,0x60,0x0b,0x3f,0x02,0xf0,0x50,0x03,0x3f,0x0a,0xf0,0x60,0x0a,0x3f,0x04,
    0xf0,0x50,0x02,0x3f,0x0c,0xf0,0x60,0x09,0x3f,0x05,0xf0,0x50,0x01,0x0e,0x2f,0x0d,0xf0,0x00,0xa0,0x01,0x04,0x06,0x17,0x06,
    0x04,0x01,0xf0,0x20,0x06,0x0c,0x7f,0x0a,0x04,0xe0,0x03,0x0d,0xbf,0x0b,0x01,0xb0,0x04,0xef,0x0d,0x02,0x90,0x03,0x5f,0x0c,
    0x08,0x06,0x07,0x09,0x0e,0x4f,0x0c,0x90,0x0c,0x3f,0x0e,0x04,0x40,0x01,0x08,0x4f,0x07,0x70,0x04,0x3f,0x0e,0x02,0x70,0x07,
    0x3f,0x0e,0x70,0x09,0x3f,0x06,0x90,0x0c,0x3f,0x05,0x60,0x0c,0x3f,0x01,0x90,0x06,0x3f,0x08,0x60,0x0e,0x2f,0x0c,0xa0,0x02,
    0x3f,0x0a,0x60,0x3f,0x0b,0xb0,0x3f,0x0a,0x60,0x0e,0x2f,0x0c,0xa0,0x01,0x3f,0x0a,0x60,0x0c,0x2f,0x0e,0xa0,0x03,0x3f,0x07,
    0x60,0x08,0x3f,0x04,0x90,0x09,0x3f,0x03,0x60,0x02,0x3f,0x0c,0x80,0x02,0x0e,0x2f,0x0c,0x80,0x08,0x3f,0x0a,0x60,0x02,0x0d,
    0x3f,0x03,0x90,0x0b,0x3f,0x0d,0x06,0x02,0x00,0x01,0x03,0x08,0x0e,0x3f,0x06,0xb0,0x0a,0xdf,0x06,0xd0,0x05,0xaf,0x0c,0x02,
    0xd0,0x03,0x0b,0xaf,0x0e,0x08,0x01,0xb0,0x06,0x5f,0x0d,0x1c,0x0e,0x4f,0x0d,0x03,0x90,0x07,0x3f,0x0e,0x07,0x01,0x30,0x03,
    0x0a,0x3f,0x0e,0x03,0x70,0x04,0x3f,0x0c,0x02,0x70,0x05,0x3f,0x0d,0x01,0x60,0x0d,0x2f,0x0e,0x02,0x90,0x06,0x3f,0x09,0x50,
    0x05,0x3f,0x07,0xb0,0x0c,0x3f,0x01,0x40,0x0a,0x3f,0x01,0xb0,0x06,0x3f,0x06,0x40,0x0d,0x2f,0x0d,0xc0,0x02,0x3f,0x09,0x40,
    0x0e,0x2f,0x0b,0xc0,0x01,0x3f,0x0a,0x40,0x3f,0x0c,0xc0,0x01,0x3f,0x0a,0x40,0x0e,0x2f,0x0d,0xc0,0x03,0x3f,0x09,0x40,0x0b,
    0x3f,0x03,0xb0,0x07,0x3f,0x06,0x40,0x07,0x3f,0x09,0xa0,0x01,0x0d,0x3f,0x02,0x40,0x02,0x4f,0x05,0x90,0x0a,0x3f,0x0c,0x60,
    0x08,0x4f,0x08,0x01,0x50,0x02,0x0b,0x4f,0x04,0x70,0x0c,0x4f,0x0e,0x0a,0x07,0x16,0x08,0x0b,0x5f,0x08,0x80,0x01,0x0c,0xff,
    0x08,0xb0,0x08,0xcf,0x0e,0x05,0xd0,0x02,0x08,0x0d,0x7f,0x0c,0x06,0x01,0xf0,0x10,0x02,0x05,0x27,0x06,0x04,0x01,0x90,0xa0,
    0x02,0x05,0x06,0x17,0x05,0x01,0xf0,0x20,0x01,0x07,0x0d,0x6f,0x0c,0x04,0xf0,0x04,0x0d,0xaf,0x09,0x01,0xc0,0x05,0xdf,0x0c,
    0x01,0xa0,0x04,0x5f,0x0a,0x07,0x06,0x08,0x0d,0x4f,0x0b,0x90,0x01,0x0d,0x3f,0x0b,0x02,0x40,0x06,0x4f,0x07,0x80,0x07,0x3f,
    0x0b,0x70,0x05,0x3f,0x0e,0x01,0x70,0x0d,0x2f,0x0e,0x02,0x80,0x08,0x3f,0x08,0x60,0x04,0x3f,0x08,0x90,0x01,0x0e,0x2f,0x0d,
    0x60,0x08,0x3f,0x03,0xa0,0x09,0x3f,0x03,0x50,0x0b,0x2f,0x0e,0xb0,0x04,0x3f,0x07,0x50,0x0d,0x2f,0x0c,0xb0,0x01,0x3f,0x09,
    0x50,0x0e,0x2f,0x0b,0xc0,0x0d,0x2f,0x0c,0x50,0x3f,0x0b,0xc0,0x0c,0x2f,0x0d,0x50,0x0e,0x2f,0x0c,0xc0,0x0d,0x2f,0x0e,0x50,
    0x0d,0x2f,0x0e,0xc0,0x4f,0x50,0x0a,0x3f,0x02,0xb0,0x4f,0x50,0x07,0x3f,0x07,0xa0,0x01,0x4f,0x50,0x03,0x3f,0x0d,0xa0,0x08,
    0x3f,0x0e,0x60,0x0c,0x3f,0x08,0x80,0x05,0x4f,0x0e,0x60,0x05,0x4f,0x06,0x60,0x07,0x5f,0x0d,0x70,0x0b,0x4f,0x0b,0x04,0x01,
    0x00,0x02,0x06,0x0c,0x6f,0x0c,0x70,0x02,0x0d,0xcf,0x0b,0x0c,0x2f,0x0a,0x80,0x03,0x0d,0xaf,0x0a,0x00,0x0d,0x2f,0x08,0x90,
    0x01,0x09,0x7f,0x0d,0x05,0x00,0x01,0x3f,0x05,0xb0,0x02,0x07,0x0a,0x0c,0x0d,0x0b,0x09,0x04,0x20,0x03,0x3f,0x03,0xf0,0x60,
    0x07,0x2f,0x0e,0xf0,0x70,0x0c,0x2f,0x09,0xf0,0x60,0x04,0x3f,0x04,0xf0,0x60,0x0c,0x2f,0x0c,0xf0,0x60,0x08,0x3f,0x05,0xf0,
    0x50,0x07,0x3f,0x0b,0xf0,0x40,0x03,0x0b,0x3f,0x0e,0x02,0xf0,0x00,0x01,0x03,0x06,0x0b,0x5f,0x04,0xe0,0x09,0x0d,0x0e,0x7f,
    0x0e,0x04,0xf0,0x0b,0x8f,0x0a,0x02,0xf0,0x00,0x0b,0x6f,0x0a,0x04,0xf0,0x20,0x0b,0x0f,0x0e,0x0d,0x0b,0x09,0x05,0x01,0xc0,
    0x30,0x02,0x16,0x02,0x70,0x04,0x0e,0x1f,0x0e,0x04,0x60,0x0c,0x3f,0x0c,0x60,0x0e,0x3f,0x0e,0x60,0x0c,0x3f,0x0c,0x60,0x04,
    0x3f,0x04,0x70,0x02,0x16,0x02,0xf0,0xf0,0xf0,0xf0,0xf0,0xf0,0xf0,0xf0,0xf0,0xf0,0xf0,0xf0,0xb0,0x02,0x16,0x02,0x70,0x04,
    0x2f,0x0e,0x04,0x60,0x0c,0x3f,0x0c,0x60,0x0e,0x3f,0x0e,0x60,0x0c,0x3f,0x0c,0x60,0x04,0x3f,0x04,0x70,0x02,0x16,0x02,0x40,
    0x30,0x02,0x16,0x02,0x50,0x04,0x0e,0x1f,0x0e,0x04,0x40,0x0c,0x3f,0x0c,0x40,0x0e,0x3f,0x0e,0x40,0x0c,0x3f,0x0c,0x40,0x04,
    0x3f,0x04,0x50,0x02,0x16,0x02,0xf0,0xf0,0xf0,0xf0,0xf0,0xf0,0xf0,0xf0,0xf0,0xf0,0xf0,0x60,0x3f,0x0b,0x50,0x3f,0x0b,0x50,
    0x3f,0x0b,0x50,0x3f,0x0b,0x40,0x01,0x3f,0x0a,0x40,0x02,0x3f,0x08,0x40,0x05,0x3f,0x04,0x40,0x0a,0x2f,0x0e,0x01,0x30,0x02,
    0x3f,0x09,0x40,0x0a,0x2f,0x0e,0x01,0x30,0x04,0x3f,0x06,0x40,0x04,0x0d,0x1f,0x09,0x60,0x01,0x19,0x50,0xf0,0x40,0x03,0x0a,
    0xf0,0x50,0x04,0x0b,0x1f,0xf0,0x30,0x06,0x0c,0x3f,0xf0,0x00,0x01,0x07,0x0d,0x5f,0xe0,0x02,0x08,0x0e,0x7f,0xc0,0x03,0x0a,
    0x8f,0x0a,0x04,0xa0,0x04,0x0b,0x7f,0x0d,0x08,0x02,0xa0,0x05,0x0c,0x7f,0x0b,0x05,0xa0,0x01,0x07,0x0d,0x6f,0x0e,0x08,0x02,
    0xb0,0x08,0x0e,0x6f,0x0c,0x05,0xe0,0x5f,0x0e,0x09,0x03,0xf0,0x00,0x4f,0x09,0x01,0xf0,0x20,0x5f,0x0c,0x06,0x01,0xf0,0x00,
    0x09,0x6f,0x0e,0x09,0x03,0xf0,0x02,0x08,0x0e,0x6f,0x0b,0x05,0xf0,0x01,0x07,0x0d,0x6f,0x0e,0x08,0x02,0xf0,0x06,0x0c,0x7f,
    0x0b,0x05,0xf0,0x04,0x0b,0x7f,0x0e,0x08,0x02,0xe0,0x03,0x0a,0x8f,0xf0,0x00,0x02,0x09,0x0e,0x5f,0xf0,0x20,0x01,0x07,0x0e,
    0x3f,0xf0,0x40,0x01,0x06,0x0d,0x1f,0xf0,0x70,0x05,0x0c,0xf0,0xf0,0xf0,0xf0,0xf0,0xf0,0xf0,0xf0,0x40,0x30,0xfd,0x4d,0x70,
    0xff,0x4f,0x70,0xff,0x4f,0x70,0xff,0x4f,0xf0,0xf0,0xf0,0xf0,0xf0,0xf0,0xf0,0xf0,0xf0,0xf0,0xf0,0xf0,0xf0,0x20,0xfd,0x4d,
    0x70,0xff,0x4f,0x70,0xff,0x4f,0x70,0xff,0x4f,0xf0,0xf0,0xf0,0xf0,0xf0,0xf0,0xf0,0xf0,0xf0,0xf0,0xf0,0xf0,0xf0,0xf0,0xf0,
    0xf0,0xf0,0xf0,0x50,0x20,0x0b,0x04,0xf0,0x80,0x1f,0x0c,0x06,0xf0,0x60,0x3f,0x0e,0x07,0x01,0xf0,0x30,0x5f,0x0e,0x09,0x02,
    0xf0,0x10,0x8f,0x0a,0x04,0xf0,0x02,0x07,0x0d,0x7f,0x0c,0x05,0xf0,0x00,0x04,0x0a,0x7f,0x0d,0x07,0x01,0xf0,0x01,0x07,0x0d,
    0x6f,0x0e,0x09,0x02,0xf0,0x00,0x04,0x0a,0x7f,0x0a,0x04,0xf0,0x00,0x01,0x06,0x0c,0x6f,0x0c,0x03,0xf0,0x10,0x03,0x09,0x0e,
    0x4f,0x0c,0xf0,0x30,0x02,0x0d,0x4f,0xf0,0x10,0x04,0x0a,0x5f,0x0c,0xe0,0x01,0x07,0x0d,0x6f,0x0c,0x04,0xc0,0x04,0x0a,0x7f,
    0x0b,0x04,0xb0,0x01,0x07,0x0d,0x7f,0x09,0x02,0xb0,0x04,0x0a,0x7f,0x0e,0x08,0x01,0xa0,0x01,0x07,0x0d,0x7f,0x0d,0x06,0xd0,
    0x8f,0x0b,0x04,0xf0,0x6f,0x0a,0x03,0xf0,0x10,0x3f,0x0e,0x08,0x02,0xf0,0x30,0x1f,0x0d,0x06,0x01,0xf0,0x50,0x0c,0x05,0xf0,
    0xf0,0xf0,0xf0,0xf0,0xf0,0xf0,0xf0,0xf0,0xc0,0x80,0x03,0x05,0x27,0x05,0x03,0xe0,0x01,0x08,0x0e,0x6f,0x0e,0x08,0x01,0xa0,
    0x06,0x0e,0xaf,0x0e,0x05,0x80,0x08,0xef,0x05,0x60,0x06,0x4f,0x0e,0x0a,0x07,0x06,0x07,0x0a,0x5f,0x02,0x40,0x02,0x0e,0x3f,
    0x09,0x01,0x40,0x02,0x0c,0x3f,0x0a,0x40,0x07,0x3f,0x0a,0x70,0x01,0x0e,0x3f,0x02,0x30,0x0c,0x3f,0x02,0x80,0x07,0x3f,0x06,
    0x30,0x0e,0x2f,0x0c,0x90,0x03,0x3f,0x08,0x30,0x38,0x06,0x90,0x01,0x3f,0x0a,0xf0,0x30,0x3f,0x0a,0xf0,0x20,0x02,0x3f,0x09,
    0xf0,0x20,0x06,0x3f,0x07,0xf0,0x20,0x0c,0x3f,0x02,0xf0,0x10,0x06,0x3f,0x0b,0xf0,0x10,0x04,0x4f,0x03,0xf0,0x00,0x03,0x0e,
    0x3f,0x09,0xf0,0x00,0x03,0x0e,0x3f,0x0c,0x01,0xf0,0x02,0x0e,0x3f,0x0e,0x02,0xf0,0x01,0x0d,0x3f,0x0e,0x02,0xf0,0x00,0x0b,
    0x3f,0x0e,0x03,0xf0,0x00,0x07,0x3f,0x0e,0x03,0xf0,0x00,0x01,0x4f,0x04,0xf0,0x10,0x07,0x3f,0x0a,0xf0,0x20,0x0a,0x3f,0x03,
    0xf0,0x20,0x0d,0x2f,0x0e,0xf0,0x30,0x0e,0x2f,0x0c,0xf0,0x30,0x3f,0x0b,0xf0,0xf0,0xf0,0xf0,0xf0,0xf0,0xf0,0xf0,0xf0,0x10,
    0x04,0x07,0x04,0xf0,0x40,0x07,0x2f,0x07,0xf0,0x30,0x0e,0x2f,0x0e,0xf0,0x30,0x0e,0x2f,0x0e,0xf0,0x30,0x07,0x2f,0x07,0xf0,
    0x40,0x04,0x07,0x04,0xb0,0xf0,0x10,0x01,0x04,0x08,0x0a,0x1c,0x0d,0x0c,0x0b,0x0a,0x08,0x05,0x01,0xf0,0xf0,0x04,0x0b,0xcf,
    0x0b,0x05,0xf0,0xb0,0x05,0x0c,0xff,0x0f,0x0d,0x06,0xf0,0x70,0x01,0x0b,0xff,0x4f,0x0b,0x01,0xf0,0x40,0x04,0x0e,0x5f,0x0c,
    0x08,0x04,0x03,0x01,0x00,0x01,0x02,0x03,0x05,0x09,0x0c,0x4f,0x0e,0x03,0xf0,0x20,0x05,0x4f,0x0e,0x09,0x02,0xb0,0x03,0x09,
    0x0e,0x2f,0x0e,0x03,0xf0,0x00,0x05,0x4f,0x0a,0x01,0xf0,0x02,0x0b,0x2f,0x0e,0x02,0xe0,0x03,0x4f,0x06,0xf0,0x30,0x07,0x2f,
    0x0c,0xd0,0x01,0x0d,0x3f,0x04,0xf0,0x50,0x07,0x2f,0x07,0xc0,0x0a,0x3f,0x04,0xf0,0x70,0x09,0x1f,0x0e,0x01,0xa0,0x04,0x3f,
    0x07,0xf0,0x80,0x01,0x0e,0x1f,0x08,0xa0,0x0c,0x2f,0x0b,0xa0,0x05,0x09,0x0c,0x0d,0x0c,0x0a,0x05,0x80,0x06,0x1f,0x0e,0x90,
    0x05,0x3f,0x02,0x80,0x04,0x0c,0x6f,0x0d,0x04,0x70,0x0e,0x1f,0x05,0x80,0x0c,0x2f,0x09,0x80,0x06,0xaf,0x08,0x60,0x08,0x1f,
    0x09,0x70,0x02,0x3f,0x02,0x70,0x06,0xcf,0x09,0x50,0x03,0x1f,0x0d,0x70,0x08,0x2f,0x0b,0x70,0x03,0x3f,0x0e,0x07,0x02,0x00,
    0x01,0x04,0x3f,0x06,0x60,0x0e,0x1f,0x02,0x60,0x0d,0x2f,0x06,0x70,0x0c,0x2f,0x0d,0x02,0x40,0x06,0x2f,0x05,0x60,0x0b,0x1f,
    0x05,0x50,0x02,0x3f,0x01,0x60,0x06,0x2f,0x0e,0x02,0x50,0x07,0x2f,0x03,0x60,0x08,0x1f,0x07,0x50,0x06,0x2f,0x0b,0x70,0x0d,
    0x2f,0x06,0x60,0x09,0x2f,0x02,0x60,0x06,0x1f,0x0a,0x50,0x08,0x2f,0x09,0x60,0x05,0x2f,0x0d,0x70,0x0a,0x2f,0x70,0x04,0x1f,
    0x0c,0x50,0x0b,0x2f,0x06,0x60,0x0a,0x2f,0x07,0x70,0x0c,0x1f,0x0e,0x70,0x02,0x1f,0x0d,0x50,0x0d,0x2f,0x03,0x60,0x0e,0x2f,
    0x02,0x70,0x0d,0x1f,0x0d,0x70,0x02,0x1f,0x0d,0x50,0x0e,0x2f,0x02,0x50,0x03,0x2f,0x0d,0x80,0x0e,0x1f,0x0b,0x70,0x01,0x1f,
    0x0e,0x50,0x3f,0x01,0x50,0x07,0x2f,0x09,0x70,0x01,0x2f,0x0a,0x80,0x2f,0x50,0x3f,0x60,0x09,0x2f,0x07,0x70,0x02,0x2f,0x09,
    0x80,0x2f,0x50,0x0e,0x2f,0x60,0x0b,0x2f,0x05,0x70,0x03,0x2f,0x07,0x70,0x01,0x1f,0x0e,0x50,0x0e,0x2f,0x01,0x50,0x0c,0x2f,
    0x04,0x70,0x05,0x2f,0x06,0x70,0x02,0x1f,0x0c,0x50,0x0d,0x2f,0x01,0x50,0x0d,0x2f,0x03,0x70,0x09,0x2f,0x05,0x70,0x05,0x1f,
    0x0a,0x50,0x0c,0x2f,0x02,0x50,0x0d,0x2f,0x03,0x70,0x3f,0x03,0x70,0x08,0x1f,0x07,0x50,0x0b,0x2f,0x04,0x50,0x0c,0x2f,0x04,
    0x70,0x3f,0x03,0x70,0x0d,0x1f,0x02,0x50,0x09,0x2f,0x06,0x50,0x0a,0x2f,0x08,0x60,0x06,0x3f,0x03,0x60,0x04,0x1f,0x0c,0x60,
    0x06,0x2f,0x08,0x50,0x07,0x2f,0x0d,0x50,0x03,0x0e,0x3f,0x05,0x60,0x0c,0x1f,0x06,0x60,0x04,0x2f,0x0b,0x50,0x04,0x3f,0x08,
    0x30,0x03,0x0d,0x4f,0x09,0x50,0x08,0x1f,0x0d,0x70,0x01,0x2f,0x0e,0x60,0x0d,0x3f,0x0b,0x07,0x06,0x0a,0x2f,0x09,0x3f,0x03,
    0x20,0x01,0x08,0x2f,0x05,0x80,0x0b,0x2f,0x03,0x50,0x05,0x9f,0x0b,0x00,0x09,0x3f,0x0a,0x08,0x0a,0x0e,0x2f,0x08,0x90,0x07,
    0x2f,0x08,0x60,0x09,0x7f,0x0b,0x01,0x00,0x01,0x0c,0x8f,0x08,0xa0,0x02,0x2f,0x0e,0x70,0x07,0x0e,0x3f,0x0e,0x07,0x30,0x01,
    0x0a,0x5f,0x0c,0x04,0xc0,0x0a,0x2f,0x05,0x70,0x01,0x05,0x17,0x04,0x70,0x02,0x05,0x17,0x05,0x02,0xe0,0x04,0x2f,0x0d,0x01,
    0xf0,0xf0,0x90,0x0b,0x2f,0x09,0xf0,0xf0,0x90,0x02,0x0e,0x2f,0x05,0xf0,0xf0,0x90,0x06,0x3f,0x05,0xf0,0xf0,0x90,0x09,0x3f,
    0x07,0xf0,0xf0,0x90,0x09,0x3f,0x0b,0x03,0xd0,0x02,0x03,0xf0,0x80,0x08,0x4f,0x0b,0x05,0x01,0x70,0x01,0x05,0x0a,0x0f,0x0b,
    0xf0,0x90,0x03,0x0d,0x5f,0x0d,0x0a,0x09,0x18,0x09,0x0a,0x0d,0x4f,0x01,0xf0,0x90,0x01,0x06,0x0d,0xff,0x0b,0x02,0xf0,0xc0,
    0x04,0x09,0x0d,0x9f,0x0c,0x08,0x03,0xf0,0xf0,0x10,0x02,0x04,0x06,0x27,0x06,0x05,0x03,0x01,0xf0,0x20,0xd0,0x04,0x3f,0x06,
    0xf0,0xb0,0x0a,0x3f,0x0c,0xf0,0xa0,0x01,0x0e,0x4f,0x03,0xf0,0x90,0x06,0x5f,0x09,0xf0,0x90,0x0c,0x5f,0x0e,0x01,0xf0,0x70,
    0x02,0x7f,0x06,0xf0,0x70,0x08,0x2f,0x0d,0x0c,0x2f,0x0c,0xf0,0x70,0x0e,0x2f,0x08,0x06,0x3f,0x02,0xf0,0x50,0x04,0x3f,0x03,
    0x01,0x3f,0x08,0xf0,0x50,0x0a,0x2f,0x0c,0x10,0x0a,0x2f,0x0e,0xf0,0x40,0x01,0x3f,0x07,0x10,0x04,0x3f,0x05,0xf0,0x30,0x07,
    0x3f,0x02,0x20,0x0e,0x2f,0x0b,0xf0,0x30,0x0c,0x2f,0x0b,0x30,0x08,0x3f,0x02,0xf0,0x10,0x03,0x3f,0x06,0x30,0x02,0x3f,0x08,
    0xf0,0x10,0x09,0x2f,0x0e,0x01,0x40,0x0c,0x2f,0x0d,0xf0,0x10,0x0e,0x2f,0x0a,0x50,0x06,0x3f,0x04,0xf0,0x05,0x3f,0x04,0x50,
    0x01,0x3f,0x0a,0xf0,0x0b,0x2f,0x0e,0x70,0x0a,0x3f,0x01,0xd0,0x01,0x3f,0x09,0x70,0x04,0x3f,0x07,0xd0,0x07,0x3f,0x03,0x80,
    0x0e,0x2f,0x0d,0xd0,0x0d,0x2f,0x0d,0x90,0x08,0x3f,0x03,0xb0,0x03,0x3f,0x07,0x90,0x02,0x3f,0x09,0xb0,0x09,0x3f,0x02,0xa0,
    0x0c,0x2f,0x0e,0x01,0x90,0x01,0x0e,0x3f,0xbd,0x4f,0x06,0x90,0x05,0xff,0x5f,0x0c,0x90,0x0b,0xff,0x6f,0x03,0x70,0x02,0xff,
    0x7f,0x09,0x70,0x07,0x3f,0x05,0xe0,0x0e,0x2f,0x0e,0x70,0x0d,0x2f,0x0e,0xf0,0x08,0x3f,0x05,0x50,0x04,0x3f,0x09,0xf0,0x03,
    0x3f,0x0b,0x50,0x0a,0x3f,0x04,0xf0,0x00,0x0c,0x3f,0x02,0x30,0x01,0x0e,0x2f,0x0d,0xf0,0x10,0x06,0x3f,0x08,0x30,0x06,0x3f,
    0x08,0xf0,0x10,0x01,0x3f,0x0e,0x30,0x0c,0x3f,0x03,0xf0,0x20,0x0a,0x3f,0x05,0x10,0x02,0x3f,0x0c,0xf0,0x30,0x04,0x3f,0x0a,
    0x10,0x08,0x3f,0x07,0xf0,0x40,0x0e,0x3f,0x01,0x00,0x0d,0x3f,0x01,0xf0,0x40,0x08,0x3f,0x07,0x30,0xcf,0x0e,0x0d,0x0b,0x08,
    0x04,0xd0,0xff,0x1f,0x0d,0x07,0xb0,0xff,0x3f,0x0c,0x01,0x90,0x3f,0x0e,0x7d,0x0e,0x6f,0x0d,0x01,0x80,0x3f,0x0b,0x80,0x01,
    0x05,0x0b,0x4f,0x0a,0x80,0x3f,0x0b,0xb0,0x05,0x4f,0x03,0x70,0x3f,0x0b,0xc0,0x08,0x3f,0x07,0x70,0x3f,0x0b,0xc0,0x01,0x3f,
    0x0c,0x70,0x3f,0x0b,0xd0,0x0d,0x2f,0x0d,0x70,0x3f,0x0b,0xd0,0x0b,0x2f,0x0e,0x70,0x3f,0x0b,0xd0,0x0c,0x2f,0x0e,0x70,0x3f,
    0x0b,0xd0,0x0e,0x2f,0x0d,0x70,0x3f,0x0b,0xc0,0x05,0x3f,0x09,0x70,0x3f,0x0b,0xb0,0x01,0x0d,0x3f,0x02,0x70,0x3f,0x0b,0xa0,
    0x02,0x0c,0x3f,0x08,0x80,0x3f,0x0b,0x70,0x02,0x04,0x09,0x0e,0x3f,0x0a,0x90,0xff,0x3f,0x07,0xa0,0xff,0x1f,0x0e,0x03,0xb0,
    0xff,0x2f,0x0e,0x08,0x01,0x90,0x4f,0x0d,0xef,0x0c,0x01,0x80,0x3f,0x0b,0x90,0x02,0x07,0x0d,0x3f,0x0d,0x01,0x70,0x3f,0x0b,
    0xb0,0x01,0x09,0x3f,0x09,0x70,0x3f,0x0b,0xd0,0x0c,0x3f,0x02,0x60,0x3f,0x0b,0xd0,0x04,0x3f,0x08,0x60,0x3f,0x0b,0xe0,0x0e,
    0x2f,0x0c,0x60,0x3f,0x0b,0xe0,0x0c,0x2f,0x0d,0x60,0x3f,0x0b,0xe0,0x0b,0x3f,0x60,0x3f,0x0b,0xe0,0x0c,0x2f,0x0e,0x60,0x3f,
    0x0b,0xe0,0x0e,0x2f,0x0c,0x60,0x3f,0x0b,0xd0,0x05,0x3f,0x09,0x60,0x3f,0x0b,0xc0,0x01,0x0d,0x3f,0x05,0x60,0x3f,0x0b,0xb0,
    0x02,0x0c,0x3f,0x0d,0x70,0x3f,0x0b,0x90,0x03,0x08,0x0e,0x4f,0x04,0x70,0x4f,0x7d,0x0e,0x7f,0x07,0x80,0xff,0x4f,0x06,0x90,
    0xff,0x2f,0x0a,0x02,0xa0,0xdf,0x0e,0x0c,0x0a,0x06,0x01,0x80,0xd0,0x03,0x05,0x27,0x06,0x04,0x02,0xf0,0x60,0x03,0x09,0x0e,
    0x7f,0x0d,0x08,0x01,0xf0,0x10,0x02,0x0a,0xcf,0x0e,0x07,0xf0,0x05,0x0e,0xff,0x0b,0x01,0xc0,0x06,0x5f,0x0d,0x09,0x07,0x16,
    0x07,0x0a,0x0e,0x4f,0x0c,0x01,0xa0,0x04,0x4f,0x0d,0x04,0x60,0x01,0x08,0x4f,0x0a,0x90,0x01,0x0d,0x3f,0x09,0xa0,0x05,0x4f,
    0x05,0x80,0x09,0x3f,0x0a,0xc0,0x07,0x3f,0x0c,0x70,0x01,0x3f,0x0d,0x01,0xd0,0x0d,0x3f,0x04,0x60,0x08,0x3f,0x05,0xe0,0x07,
    0x3f,0x09,0x60,0x0e,0x2f,0x0e,0xf0,0x02,0x3f,0x0d,0x50,0x03,0x3f,0x09,0xf0,0x00,0x0d,0x3f,0x01,0x40,0x07,0x3f,0x04,0xf0,
    0x00,0x08,0x3c,0x02,0x40,0x0a,0x3f,0x01,0xf0,0xb0,0x0c,0x2f,0x0e,0xf0,0xc0,0x0e,0x2f,0x0c,0xf0,0xc0,0x0e,0x2f,0x0b,0xf0,
    0xc0,0x3f,0x0b,0xf0,0xc0,0x3f,0x0b,0xf0,0xc0,0x3f,0x0b,0xf0,0xc0,0x3f,0x0b,0xf0,0xc0,0x3f,0x0b,0xf0,0xc0,0x3f,0x0b,0xf0,
    0xc0,0x0e,0x2f,0x0c,0xf0,0xc0,0x0c,0x2f,0x0e,0xf0,0xc0,0x0a,0x3f,0x01,0xf0,0xb0,0x07,0x3f,0x04,0xf0,0x00,0x07,0x3b,0x02,
    0x40,0x04,0x3f,0x09,0xf0,0x00,0x0d,0x3f,0x01,0x50,0x0e,0x2f,0x0d,0xf0,0x02,0x3f,0x0d,0x60,0x08,0x3f,0x05,0xe0,0x07,0x3f,
    0x09,0x60,0x02,0x3f,0x0d,0xe0,0x0d,0x3f,0x03,0x70,0x09,0x3f,0x09,0xc0,0x07,0x3f,0x0c,0x80,0x01,0x0d,0x3f,0x08,0xa0,0x05,
    0x4f,0x04,0x90,0x04,0x4f,0x0b,0x02,0x60,0x01,0x09,0x4f,0x09,0xb0,0x05,0x5f,0x0b,0x08,0x26,0x08,0x0b,0x5f,0x0b,0xd0,0x05,
    0x0e,0xff,0x0a,0x01,0xe0,0x02,0x0a,0xcf,0x0e,0x06,0xf0,0x20,0x04,0x0a,0x0e,0x7f,0x0c,0x06,0x01,0xf0,0x60,0x03,0x06,0x27,
    0x06,0x04,0x01,0xb0,0x30,0xaf,0x0e,0x0d,0x0b,0x09,0x05,0x01,0xf0,0x00,0xff,0x0e,0x09,0x02,0xe0,0xff,0x2f,0x08,0xd0,0x4f,
    0x5d,0x0e,0x7f,0x0c,0x02,0xb0,0x3f,0x0b,0x70,0x03,0x07,0x0c,0x4f,0x0d,0x02,0xa0,0x3f,0x0b,0xa0,0x06,0x0d,0x3f,0x0d,0x01,
    0x90,0x3f,0x0b,0xb0,0x02,0x0d,0x3f,0x0a,0x90,0x3f,0x0b,0xc0,0x01,0x0d,0x3f,0x04,0x80,0x3f,0x0b,0xd0,0x04,0x3f,0x0c,0x80,
    0x3f,0x0b,0xe0,0x0a,0x3f,0x04,0x70,0x3f,0x0b,0xe0,0x03,0x3f,0x0a,0x70,0x3f,0x0b,0xf0,0x0c,0x2f,0x0e,0x70,0x3f,0x0b,0xf0,
    0x09,0x3f,0x03,0x60,0x3f,0x0b,0xf0,0x05,0x3f,0x06,0x60,0x3f,0x0b,0xf0,0x03,0x3f,0x08,0x60,0x3f,0x0b,0xf0,0x02,0x3f,0x09,
    0x60,0x3f,0x0b,0xf0,0x01,0x3f,0x0a,0x60,0x3f,0x0b,0xf0,0x00,0x3f,0x0b,0x60,0x3f,0x0b,0xf0,0x00,0x3f,0x0b,0x60,0x3f,0x0b,
    0xf0,0x00,0x3f,0x0b,0x60,0x3f,0x0b,0xf0,0x01,0x3f,0x0a,0x60,0x3f,0x0b,0xf0,0x01,0x3f,0x09,0x60,0x3f,0x0b,0xf0,0x03,0x3f,
    0x08,0x60,0x3f,0x0b,0xf0,0x06,0x3f,0x06,0x60,0x3f,0x0b,0xf0,0x09,0x3f,0x03,0x60,0x3f,0x0b,0xf0,0x0d,0x2f,0x0e,0x70,0x3f,
    0x0b,0xe0,0x04,0x3f,0x0a,0x70,0x3f,0x0b,0xe0,0x0b,0x3f,0x04,0x70,0x3f,0x0b,0xd0,0x05,0x3f,0x0c,0x80,0x3f,0x0b,0xc0,0x03,
    0x0e,0x3f,0x04,0x80,0x3f,0x0b,0xb0,0x03,0x0e,0x3f,0x0a,0x90,0x3f,0x0b,0x90,0x01,0x07,0x4f,0x0c,0x01,0x90,0x3f,0x0b,0x60,
    0x01,0x04,0x08,0x0e,0x4f,0x0d,0x02,0xa0,0x4f,0x5d,0x0e,0x7f,0x0b,0x01,0xb0,0xff,0x1f,0x0e,0x07,0xd0,0xff,0x0e,0x08,0x01,
    0xe0,0xaf,0x0e,0x0d,0x0b,0x08,0x04,0xd0,0x30,0xff,0x6f,0x60,0xff,0x6f,0x60,0xff,0x6f,0x60,0x4f,0xfd,0x1d,0x60,0x3f,0x0b,
    0xf0,0x80,0x3f,0x0b,0xf0,0x80,0x3f,0x0b,0xf0,0x80,0x3f,0x0b,0xf0,0x80,0x3f,0x0b,0xf0,0x80,0x3f,0x0b,0xf0,0x80,0x3f,0x0b,
    0xf0,0x80,0x3f,0x0b,0xf0,0x80,0x3f,0x0b,0xf0,0x80,0x3f,0x0b,0xf0,0x80,0x3f,0x0b,0xf0,0x80,0x3f,0x0b,0xf0,0x80,0xff,0x4f,
    0x80,0xff,0x4f,0x80,0xff,0x4f,0x80,0x4f,0xfd,0x80,0x3f,0x0b,0xf0,0x80,0x3f,0x0b,0xf0,0x80,0x3f,0x0b,0xf0,0x80,0x3f,0x0b,
    0xf0,0x80,0x3f,0x0b,0xf0,0x80,0x3f,0x0b,0xf0,0x80,0x3f,0x0b,0xf0,0x80,0x3f,0x0b,0xf0,0x80,0x3f,0x0b,0xf0,0x80,0x3f,0x0b,
    0xf0,0x80,0x3f,0x0b,0xf0,0x80,0x3f,0x0b,0xf0,0x80,0x3f,0x0b,0xf0,0x80,0x4f,0xfd,0x1d,0x06,0x50,0xff,0x6f,0x08,0x50,0xff,
    0x6f,0x08,0x50,0xff,0x6f,0x08,0x10,0x30,0xff,0x6f,0x50,0xff,0x6f,0x50,0xff,0x6f,0x50,0x4f,0xfd,0x1d,0x50,0x3f,0x0b,0xf0,
    0x70,0x3f,0x0b,0xf0,0x70,0x3f,0x0b,0xf0,0x70,0x3f,0x0b,0xf0,0x70,0x3f,0x0b,0xf0,0x70,0x3f,0x0b,0xf0,0x70,0x3f,0x0b,0xf0,
    0x70,0x3f,0x0b,0xf0,0x70,0x3f,0x0b,0xf0,0x70,0x3f,0x0b,0xf0,0x70,0x3f,0x0b,0xf0,0x70,0x3f,0x0b,0xf0,0x70,0x3f,0x0b,0xf0,
    0x70,0xff,0x3f,0x08,0x70,0xff,0x3f,0x08,0x70,0xff,0x3f,0x08,0x70,0x4f,0xed,0x06,0x70,0x3f,0x0b,0xf0,0x70,0x3f,0x0b,0xf0,
    0x70,0x3f,0x0b,0xf0,0x70,0x3f,0x0b,0xf0,0x70,0x3f,0x0b,0xf0,0x70,0x3f,0x0b,0xf0,0x70,0x3f,0x0b,0xf0,0x70,0x3f,0x0b,0xf0,
    0x70,0x3f,0x0b,0xf0,0x70,0x3f,0x0b,0xf0,0x70,0x3f,0x0b,0xf0,0x70,0x3f,0x0b,0xf0,0x70,0x3f,0x0b,0xf0,0x70,0x3f,0x0b,0xf0,
    0x70,0x3f,0x0b,0xf0,0x70,0x3f,0x0b,0xf0,0x30,0xd0,0x03,0x05,0x27,0x06,0x05,0x03,0xf0,0x70,0x04,0x0a,0x0e,0x7f,0x0e,0x0a,
    0x04,0xf0,0x20,0x03,0x0c,0xdf,0x0c,0x03,0xf0,0x07,0xff,0x1f,0x06,0xd0,0x08,0x5f,0x0e,0x09,0x08,0x16,0x07,0x09,0x0d,0x5f,
    0x06,0xb0,0x05,0x4f,0x0d,0x04,0x70,0x05,0x0d,0x4f,0x03,0x90,0x01,0x0e,0x3f,0x09,0xa0,0x01,0x0b,0x3f,0x0d,0x90,0x0a,0x3f,
    0x0a,0xc0,0x01,0x0d,0x3f,0x06,0x70,0x02,0x3f,0x0d,0xe0,0x04,0x3f,0x0c,0x70,0x08,0x3f,0x05,0xf0,0x0c,0x3f,0x02,0x60,0x0e,
    0x2f,0x0e,0xf0,0x00,0x06,0x3f,0x06,0x50,0x03,0x3f,0x09,0xf0,0x00,0x02,0x3e,0x09,0x50,0x06,0x3f,0x04,0xf0,0xc0,0x09,0x3f,
    0x02,0xf0,0xc0,0x0c,0x2f,0x0e,0xf0,0xd0,0x0d,0x2f,0x0c,0xf0,0xd0,0x0e,0x2f,0x0c,0xf0,0xd0,0x3f,0x0b,0xf0,0xd0,0x3f,0x0b,
    0xf0,0xd0,0x3f,0x0b,0xf0,0xd0,0x3f,0x0b,0x90,0x0c,0xbf,0x0b,0x50,0x3f,0x0b,0x90,0x0c,0xbf,0x0b,0x50,0x0e,0x2f,0x0c,0x90,
    0x0c,0xbf,0x0b,0x50,0x0d,0x2f,0x0d,0x90,0x0a,0x7d,0x3f,0x0b,0x50,0x0b,0x3f,0xf0,0x20,0x3f,0x0b,0x50,0x09,0x3f,0x03,0xf0,
    0x10,0x3f,0x0b,0x50,0x06,0x3f,0x06,0xf0,0x10,0x3f,0x0b,0x50,0x02,0x3f,0x0c,0xf0,0x10,0x3f,0x0b,0x60,0x0c,0x3f,0x03,0xf0,
    0x00,0x3f,0x0b,0x60,0x05,0x3f,0x0a,0xf0,0x00,0x3f,0x0b,0x70,0x0d,0x3f,0x05,0xf0,0x3f,0x0b,0x70,0x05,0x3f,0x0e,0x03,0xe0,
    0x3f,0x0b,0x80,0x0a,0x3f,0x0e,0x04,0xc0,0x08,0x3f,0x0b,0x80,0x01,0x0d,0x4f,0x0a,0x02,0x80,0x05,0x0c,0x4f,0x07,0x90,0x02,
    0x0d,0x5f,0x0c,0x09,0x07,0x26,0x08,0x0b,0x0e,0x5f,0x09,0xb0,0x01,0x0b,0xff,0x2f,0x07,0xe0,0x06,0x0e,0xef,0x0b,0x03,0xf0,
    0x10,0x06,0x0b,0x9f,0x0d,0x08,0x02,0xf0,0x50,0x01,0x03,0x06,0x37,0x05,0x04,0x01,0xa0,0x30,0x3f,0x0b,0xf0,0x10,0x0b,0x3f,
    0x80,0x3f,0x0b,0xf0,0x10,0x0b,0x3f,0x80,0x3f,0x0b,0xf0,0x10,0x0b,0x3f,0x80,0x3f,0x0b,0xf0,0x10,0x0b,0x3f,0x80,0x3f,0x0b,
    0xf0,0x10,0x0b,0x3f,0x80,0x3f,0x0b,0xf0,0x10,0x0b,0x3f,0x80,0x3f,0x0b,0xf0,0x10,0x0b,0x3f,0x80,0x3f,0x0b,0xf0,0x10,0x0b,
    0x3f,0x80,0x3f,0x0b,0xf0,0x10,0x0b,0x3f,0x80,0x3f,0x0b,0xf0,0x10,0x0b,0x3f,0x80,0x3f,0x0b,0xf0,0x10,0x0b,0x3f,0x80,0x3f,
    0x0b,0xf0,0x10,0x0b,0x3f,0x80,0x3f,0x0b,0xf0,0x10,0x0b,0x3f,0x80,0x3f,0x0b,0xf0,0x10,0x0b,0x3f,0x80,0x3f,0x0b,0xf0,0x10,
    0x0b,0x3f,0x80,0x3f,0x0b,0xf0,0x10,0x0b,0x3f,0x80,0xff,0xbf,0x80,0xff,0xbf,0x80,0xff,0xbf,0x80,0x4f,0xfd,0x1d,0x4f,0x80,
    0x3f,0x0b,0xf0,0x10,0x0b,0x3f,0x80,0x3f,0x0b,0xf0,0x10,0x0b,0x3f,0x80,0x3f,0x0b,0xf0,0x10,0x0b,0x3f,0x80,0x3f,0x0b,0xf0,
    0x10,0x0b,0x3f,0x80,0x3f,0x0b,0xf0,0x10,0x0b,0x3f,0x80,0x3f,0x0b,0xf0,0x10,0x0b,0x3f,0x80,0x3f,0x0b,0xf0,0x10,0x0b,0x3f,
    0x80,0x3f,0x0b,0xf0,0x10,0x0b,0x3f,0x80,0x3f,0x0b,0xf0,0x10,0x0b,0x3f,0x80,0x3f,0x0b,0xf0,0x10,0x0b,0x3f,0x80,0x3f,0x0b,
    0xf0,0x10,0x0b,0x3f,0x80,0x3f,0x0b,0xf0,0x10,0x0b,0x3f,0x80,0x3f,0x0b,0xf0,0x10,0x0b,0x3f,0x80,0x3f,0x0b,0xf0,0x10,0x0b,
    0x3f,0x80,0x3f,0x0b,0xf0,0x10,0x0b,0x3f,0x80,0x3f,0x0b,0xf0,0x10,0x0b,0x3f,0x80,0x3f,0x0b,0xf0,0x10,0x0b,0x3f,0x40,0x40,
    0x3f,0x0b,0x80,0x3f,0x0b,0x80,0x3f,0x0b,0x80,0x3f,0x0b,0x80,0x3f,0x0b,0x80,0x3f,0x0b,0x80,0x3f,0x0b,0x80,0x3f,0x0b,0x80,
    0x3f,0x0b,0x80,0x3f,0x0b,0x80,0x3f,0x0b,0x80,0x3f,0x0b,0x80,0x3f,0x0b,0x80,0x3f,0x0b,0x80,0x3f,0x0b,0x80,0x3f,0x0b,0x80,
    0x3f,0x0b,0x80,0x3f,0x0b,0x80,0x3f,0x0b,0x80,0x3f,0x0b,0x80,0x3f,0x0b,0x80,0x3f,0x0b,0x80,0x3f,0x0b,0x80,0x3f,0x0b,0x80,
    0x3f,0x0b,0x80,0x3f,0x0b,0x80,0x3f,0x0b,0x80,0x3f,0x0b,0x80,0x3f,0x0b,0x80,0x3f,0x0b,0x80,0x3f,0x0b,0x80,0x3f,0x0b,0x80,
    0x3f,0x0b,0x80,0x3f,0x0b,0x80,0x3f,0x0b,0x80,0x3f,0x0b,0x80,0x3f,0x0b,0x30,0xf0,0x20,0x0b,0x3f,0xf0,0x70,0x0b,0x3f,0xf0,
    0x70,0x0b,0x3f,0xf0,0x70,0x0b,0x3f,0xf0,0x70,0x0b,0x3f,0xf0,0x70,0x0b,0x3f,0xf0,0x70,0x0b,0x3f,0xf0,0x70,0x0b,0x3f,0xf0,
    0x70,0x0b,0x3f,0xf0,0x70,0x0b,0x3f,0xf0,0x70,0x0b,0x3f,0xf0,0x70,0x0b,0x3f,0xf0,0x70,0x0b,0x3f,0xf0,0x70,0x0b,0x3f,0xf0,
    0x70,0x0b,0x3f,0xf0,0x70,0x0b,0x3f,0xf0,0x70,0x0b,0x3f,0xf0,0x70,0x0b,0x3f,0xf0,0x70,0x0b,0x3f,0xf0,0x70,0x0b,0x3f,0xf0,
    0x70,0x0b,0x3f,0xf0,0x70,0x0b,0x3f,0xf0,0x70,0x0b,0x3f,0xf0,0x70,0x0b,0x3f,0xf0,0x70,0x0b,0x3f,0xf0,0x70,0x0b,0x3f,0x50,
    0x32,0x01,0xc0,0x0b,0x3f,0x50,0x3f,0x0c,0xc0,0x0c,0x2f,0x0e,0x50,0x0e,0x2f,0x0d,0xc0,0x0e,0x2f,0x0c,0x50,0x0b,0x3f,0x02,
    0xa0,0x04,0x3f,0x09,0x50,0x08,0x3f,0x07,0xa0,0x0b,0x3f,0x05,0x50,0x03,0x4f,0x03,0x80,0x07,0x3f,0x0e,0x70,0x0a,0x3f,0x0e,
    0x06,0x50,0x01,0x08,0x4f,0x06,0x70,0x02,0x0e,0x4f,0x0d,0x09,0x07,0x06,0x07,0x0a,0x0e,0x4f,0x0b,0x90,0x03,0x0e,0xef,0x0b,
    0x01,0xa0,0x02,0x0c,0xcf,0x08,0xe0,0x05,0x0b,0x7f,0x0e,0x09,0x02,0xf0,0x20,0x03,0x06,0x27,0x05,0x03,0xc0,0x30,0x3f,0x0b,
    0xe0,0x05,0x4f,0x09,0x50,0x3f,0x0b,0xd0,0x04,0x4f,0x0a,0x60,0x3f,0x0b,0xc0,0x02,0x0e,0x3f,0x0c,0x01,0x60,0x3f,0x0b,0xb0,
    0x02,0x0d,0x3f,0x0d,0x01,0x70,0x3f,0x0b,0xa0,0x01,0x0c,0x3f,0x0e,0x02,0x80,0x3f,0x0b,0xa0,0x0b,0x3f,0x0e,0x03,0x90,0x3f,
    0x0b,0x90,0x0a,0x4f,0x04,0xa0,0x3f,0x0b,0x80,0x09,0x4f,0x06,0xb0,0x3f,0x0b,0x70,0x07,0x4f,0x07,0xc0,0x3f,0x0b,0x60,0x06,
    0x4f,0x09,0xd0,0x3f,0x0b,0x50,0x04,0x4f,0x0a,0xe0,0x3f,0x0b,0x40,0x03,0x0e,0x3f,0x0c,0x01,0xe0,0x3f,0x0b,0x30,0x02,0x0e,
    0x3f,0x0d,0x01,0xf0,0x3f,0x0b,0x20,0x01,0x0d,0x3f,0x0e,0x02,0xf0,0x00,0x3f,0x0b,0x10,0x01,0x0c,0x3f,0x0e,0x03,0xf0,0x10,
    0x3f,0x0b,0x10,0x0b,0x4f,0x04,0xf0,0x20,0x3f,0x0b,0x00,0x0a,0x5f,0xf0,0x30,0x3f,0x0b,0x09,0x6f,0x06,0xf0,0x20,0xcf,0x0e,
    0x03,0xf0,0x10,0xdf,0x0d,0x01,0xf0,0x00,0x7f,0x09,0x03,0x4f,0x0a,0xf0,0x00,0x6f,0x09,0x10,0x07,0x4f,0x06,0xf0,0x5f,0x0a,
    0x30,0x0a,0x4f,0x03,0xe0,0x4f,0x0a,0x40,0x01,0x0d,0x3f,0x0d,0x01,0xd0,0x4f,0x60,0x03,0x4f,0x0a,0xd0,0x3f,0x0b,0x70,0x06,
    0x4f,0x06,0xc0,0x3f,0x0b,0x80,0x0a,0x4f,0x03,0xb0,0x3f,0x0b,0x80,0x01,0x0d,0x3f,0x0d,0x01,0xa0,0x3f,0x0b,0x90,0x03,0x0e,
    0x3f,0x0a,0xa0,0x3f,0x0b,0xa0,0x06,0x4f,0x07,0x90,0x3f,0x0b,0xb0,0x09,0x4f,0x04,0x80,0x3f,0x0b,0xb0,0x01,0x0c,0x3f,0x0d,
    0x01,0x70,0x3f,0x0b,0xc0,0x02,0x0e,0x3f,0x0b,0x70,0x3f,0x0b,0xd0,0x05,0x4f,0x07,0x60,0x3f,0x0b,0xe0,0x09,0x4f,0x04,0x50,
    0x3f,0x0b,0xf0,0x0c,0x3f,0x0e,0x01,0x40,0x3f,0x0b,0xf0,0x02,0x0e,0x3f,0x0b,0x00,0x30,0x3f,0x0b,0xf0,0x60,0x3f,0x0b,0xf0,
    0x60,0x3f,0x0b,0xf0,0x60,0x3f,0x0b,0xf0,0x60,0x3f,0x0b,0xf0,0x60,0x3f,0x0b,0xf0,0x60,0x3f,0x0b,0xf0,0x60,0x3f,0x0b,0xf0,
    0x60,0x3f,0x0b,0xf0,0x60,0x3f,0x0b,0xf0,0x60,0x3f,0x0b,0xf0,0x60,0x3f,0x0b,0xf0,0x60,0x3f,0x0b,0xf0,0x60,0x3f,0x0b,0xf0,
    0x60,0x3f,0x0b,0xf0,0x60,0x3f,0x0b,0xf0,0x60,0x3f,0x0b,0xf0,0x60,0x3f,0x0b,0xf0,0x60,0x3f,0x0b,0xf0,0x60,0x3f,0x0b,0xf0,
    0x60,0x3f,0x0b,0xf0,0x60,0x3f,0x0b,0xf0,0x60,0x3f,0x0b,0xf0,0x60,0x3f,0x0b,0xf0,0x60,0x3f,0x0b,0xf0,0x60,0x3f,0x0b,0xf0,
    0x60,0x3f,0x0b,0xf0,0x60,0x3f,0x0b,0xf0,0x60,0x3f,0x0b,0xf0,0x60,0x3f,0x0b,0xf0,0x60,0x3f,0x0b,0xf0,0x60,0x3f,0x0b,0xf0,
    0x60,0x3f,0x0b,0xf0,0x60,0x4f,0xfd,0x0d,0x06,0x40,0xff,0x5f,0x08,0x40,0xff,0x5f,0x08,0x40,0xff,0x5f,0x08,0x00,0x30,0x5f,
    0x0a,0xf0,0x60,0x0a,0x5f,0x70,0x6f,0x01,0xf0,0x40,0x01,0x6f,0x70,0x6f,0x07,0xf0,0x40,0x07,0x6f,0x70,0x6f,0x0d,0xf0,0x40,
    0x0d,0x6f,0x70,0x7f,0x04,0xf0,0x20,0x04,0x7f,0x70,0x7f,0x0a,0xf0,0x20,0x0a,0x7f,0x70,0x8f,0x01,0xf0,0x00,0x01,0x8f,0x70,
    0x8f,0x07,0xf0,0x00,0x07,0x8f,0x70,0x3f,0x0b,0x0e,0x2f,0x0d,0xf0,0x00,0x0d,0x2f,0x0e,0x0b,0x3f,0x70,0x3f,0x0b,0x08,0x3f,
    0x04,0xe0,0x04,0x3f,0x08,0x0b,0x3f,0x70,0x3f,0x0b,0x02,0x3f,0x0a,0xe0,0x0a,0x3f,0x02,0x0b,0x3f,0x70,0x3f,0x0b,0x00,0x0b,
    0x3f,0x01,0xc0,0x01,0x3f,0x0b,0x00,0x0b,0x3f,0x70,0x3f,0x0b,0x00,0x05,0x3f,0x07,0xc0,0x07,0x3f,0x05,0x00,0x0b,0x3f,0x70,
    0x3f,0x0b,0x10,0x0d,0x2f,0x0d,0xc0,0x0c,0x2f,0x0e,0x10,0x0b,0x3f,0x70,0x3f,0x0b,0x10,0x07,0x3f,0x04,0xa0,0x03,0x3f,0x08,
    0x10,0x0b,0x3f,0x70,0x3f,0x0b,0x10,0x02,0x3f,0x0a,0xa0,0x09,0x3f,0x02,0x10,0x0b,0x3f,0x70,0x3f,0x0b,0x20,0x0a,0x3f,0x01,
    0x80,0x01,0x0e,0x2f,0x0a,0x20,0x0b,0x3f,0x70,0x3f,0x0b,0x20,0x04,0x3f,0x07,0x80,0x06,0x3f,0x04,0x20,0x0b,0x3f,0x70,0x3f,
    0x0b,0x30,0x0d,0x2f,0x0d,0x80,0x0c,0x2f,0x0d,0x30,0x0b,0x3f,0x70,0x3f,0x0b,0x30,0x07,0x3f,0x04,0x60,0x03,0x3f,0x07,0x30,
    0x0b,0x3f,0x70,0x3f,0x0b,0x30,0x01,0x3f,0x0a,0x60,0x09,0x3f,0x01,0x30,0x0b,0x3f,0x70,0x3f,0x0b,0x40,0x0a,0x3f,0x01,0x40,
    0x01,0x0e,0x2f,0x0a,0x40,0x0b,0x3f,0x70,0x3f,0x0b,0x40,0x04,0x3f,0x07,0x40,0x06,0x3f,0x04,0x40,0x0b,0x3f,0x70,0x3f,0x0b,
    0x50,0x0d,0x2f,0x0d,0x40,0x0c,0x2f,0x0d,0x50,0x0b,0x3f,0x70,0x3f,0x0b,0x50,0x06,0x3f,0x04,0x20,0x03,0x3f,0x07,0x50,0x0b,
    0x3f,0x70,0x3f,0x0b,0x50,0x01,0x0e,0x2f,0x0a,0x20,0x09,0x2f,0x0e,0x01,0x50,0x0b,0x3f,0x70,0x3f,0x0b,0x60,0x09,0x3f,0x01,
    0x00,0x01,0x0e,0x2f,0x09,0x60,0x0b,0x3f,0x70,0x3f,0x0b,0x60,0x03,0x3f,0x07,0x00,0x06,0x3f,0x03,0x60,0x0b,0x3f,0x70,0x3f,
    0x0b,0x70,0x0c,0x2f,0x0d,0x00,0x0c,0x2f,0x0c,0x70,0x0b,0x3f,0x70,0x3f,0x0b,0x70,0x06,0x3f,0x07,0x3f,0x06,0x70,0x0b,0x3f,
    0x70,0x3f,0x0b,0x70,0x01,0x0e,0x6f,0x0e,0x01,0x70,0x0b,0x3f,0x70,0x3f,0x0b,0x80,0x09,0x6f,0x09,0x80,0x0b,0x3f,0x70,0x3f,
    0x0b,0x80,0x03,0x6f,0x03,0x80,0x0b,0x3f,0x70,0x3f,0x0b,0x90,0x0c,0x4f,0x0c,0x90,0x0b,0x3f,0x70,0x3f,0x0b,0x90,0x05,0x4f,
    0x05,0x90,0x0b,0x3f,0x70,0x3f,0x0b,0xa0,0x0e,0x2f,0x0e,0xa0,0x0b,0x3f,0x70,0x3f,0x0b,0xa0,0x08,0x2f,0x08,0xa0,0x0b,0x3f,
    0x30,0x30,0x3f,0x0e,0x02,0xf0,0x10,0x3f,0x0b,0x70,0x4f,0x0b,0xf0,0x10,0x3f,0x0b,0x70,0x5f,0x06,0xf0,0x00,0x3f,0x0b,0x70,
    0x5f,0x0e,0x02,0xf0,0x3f,0x0b,0x70,0x6f,0x0b,0xf0,0x3f,0x0b,0x70,0x7f,0x06,0xe0,0x3f,0x0b,0x70,0x7f,0x0e,0x02,0xd0,0x3f,
    0x0b,0x70,0x8f,0x0b,0xd0,0x3f,0x0b,0x70,0x3f,0x0e,0x4f,0x07,0xc0,0x3f,0x0b,0x70,0x3f,0x0b,0x09,0x3f,0x0e,0x02,0xb0,0x3f,
    0x0b,0x70,0x3f,0x0b,0x01,0x0d,0x3f,0x0c,0xb0,0x3f,0x0b,0x70,0x3f,0x0b,0x00,0x04,0x4f,0x07,0xa0,0x3f,0x0b,0x70,0x3f,0x0b,
    0x10,0x09,0x4f,0x02,0x90,0x3f,0x0b,0x70,0x3f,0x0b,0x10,0x01,0x0d,0x3f,0x0c,0x90,0x3f,0x0b,0x70,0x3f,0x0b,0x20,0x04,0x4f,
    0x07,0x80,0x3f,0x0b,0x70,0x3f,0x0b,0x30,0x08,0x4f,0x03,0x70,0x3f,0x0b,0x70,0x3f,0x0b,0x30,0x01,0x0d,0x3f,0x0c,0x70,0x3f,
    0x0b,0x70,0x3f,0x0b,0x40,0x03,0x4f,0x08,0x60,0x3f,0x0b,0x70,0x3f,0x0b,0x50,0x08,0x4f,0x03,0x50,0x3f,0x0b,0x70,0x3f,0x0b,
    0x60,0x0d,0x3f,0x0c,0x50,0x3f,0x0b,0x70,0x3f,0x0b,0x60,0x03,0x4f,0x08,0x40,0x3f,0x0b,0x70,0x3f,0x0b,0x70,0x08,0x4f,0x03,
    0x30,0x3f,0x0b,0x70,0x3f,0x0b,0x80,0x0c,0x3f,0x0d,0x30,0x3f,0x0b,0x70,0x3f,0x0b,0x80,0x03,0x4f,0x08,0x20,0x3f,0x0b,0x70,
    0x3f,0x0b,0x90,0x08,0x4f,0x04,0x10,0x3f,0x0b,0x70,0x3f,0x0b,0xa0,0x0c,0x3f,0x0d,0x01,0x00,0x3f,0x0b,0x70,0x3f,0x0b,0xa0,
    0x03,0x4f,0x09,0x00,0x3f,0x0b,0x70,0x3f,0x0b,0xb0,0x07,0x4f,0x04,0x3f,0x0b,0x70,0x3f,0x0b,0xc0,0x0c,0x3f,0x0d,0x3f,0x0b,
    0x70,0x3f,0x0b,0xc0,0x02,0x8f,0x0b,0x70,0x3f,0x0b,0xd0,0x07,0x7f,0x0b,0x70,0x3f,0x0b,0xe0,0x0c,0x6f,0x0b,0x70,0x3f,0x0b,
    0xe0,0x02,0x0e,0x5f,0x0b,0x70,0x3f,0x0b,0xf0,0x07,0x5f,0x0b,0x70,0x3f,0x0b,0xf0,0x00,0x0b,0x4f,0x0b,0x70,0x3f,0x0b,0xf0,
    0x00,0x02,0x0e,0x3f,0x0b,0x70,0x3f,0x0b,0xf0,0x10,0x06,0x3f,0x0b,0x30,0xd0,0x02,0x05,0x06,0x17,0x06,0x04,0x01,0xf0,0x80,
    0x02,0x08,0x0d,0x7f,0x0c,0x07,0x01,0xf0,0x30,0x01,0x08,0xcf,0x0e,0x06,0xf0,0x10,0x02,0x0d,0xff,0x0b,0x01,0xe0,0x03,0x0e,
    0x4f,0x0e,0x0a,0x07,0x16,0x08,0x0b,0x5f,0x0c,0x01,0xc0,0x01,0x0e,0x3f,0x0e,0x06,0x60,0x01,0x08,0x4f,0x0b,0xc0,0x0b,0x3f,
    0x0c,0x01,0x90,0x03,0x0d,0x3f,0x07,0xa0,0x06,0x3f,0x0c,0x01,0xb0,0x02,0x0e,0x3f,0x02,0x90,0x0d,0x3f,0x02,0xd0,0x05,0x3f,
    0x0a,0x80,0x05,0x3f,0x08,0xf0,0x0b,0x3f,0x01,0x70,0x0b,0x3f,0x01,0xf0,0x05,0x3f,0x07,0x60,0x01,0x3f,0x0b,0xf0,0x10,0x0e,
    0x2f,0x0c,0x60,0x05,0x3f,0x06,0xf0,0x10,0x0a,0x3f,0x01,0x50,0x09,0x3f,0x03,0xf0,0x10,0x07,0x3f,0x04,0x50,0x0b,0x3f,0xf0,
    0x20,0x04,0x3f,0x07,0x50,0x0d,0x2f,0x0d,0xf0,0x20,0x02,0x3f,0x08,0x50,0x0e,0x2f,0x0c,0xf0,0x20,0x01,0x3f,0x0a,0x50,0x3f,
    0x0b,0xf0,0x20,0x01,0x3f,0x0a,0x50,0x3f,0x0b,0xf0,0x30,0x3f,0x0b,0x50,0x3f,0x0b,0xf0,0x30,0x3f,0x0b,0x50,0x3f,0x0b,0xf0,
    0x30,0x3f,0x0b,0x50,0x3f,0x0b,0xf0,0x20,0x01,0x3f,0x0a,0x50,0x0e,0x2f,0x0c,0xf0,0x20,0x01,0x3f,0x0a,0x50,0x0d,0x2f,0x0d,
    0xf0,0x20,0x02,0x3f,0x08,0x50,0x0b,0x3f,0xf0,0x20,0x04,0x3f,0x07,0x50,0x08,0x3f,0x03,0xf0,0x10,0x07,0x3f,0x04,0x50,0x05,
    0x3f,0x06,0xf0,0x10,0x0a,0x3f,0x01,0x50,0x01,0x3f,0x0b,0xf0,0x10,0x0e,0x2f,0x0c,0x70,0x0b,0x3f,0x01,0xf0,0x05,0x3f,0x08,
    0x70,0x05,0x3f,0x08,0xf0,0x0b,0x3f,0x02,0x80,0x0d,0x3f,0x02,0xd0,0x05,0x3f,0x0a,0x90,0x06,0x3f,0x0c,0x01,0xb0,0x02,0x0e,
    0x3f,0x03,0xa0,0x0a,0x3f,0x0c,0x01,0x90,0x02,0x0d,0x3f,0x08,0xb0,0x01,0x0e,0x3f,0x0e,0x06,0x60,0x01,0x07,0x0e,0x3f,0x0c,
    0xd0,0x03,0x0e,0x4f,0x0e,0x0a,0x07,0x16,0x08,0x0a,0x5f,0x0d,0x01,0xe0,0x02,0x0d,0xff,0x0b,0x01,0xf0,0x10,0x08,0xcf,0x0e,
    0x07,0xf0,0x40,0x02,0x08,0x0d,0x7f,0x0c,0x07,0x01,0xf0,0x80,0x02,0x05,0x06,0x17,0x06,0x04,0x01,0xd0,0x30,0xdf,0x1e,0x0c,
    0x0a,0x06,0x02,0xc0,0xff,0x3f,0x0a,0x03,0xa0,0xff,0x5f,0x08,0x90,0x3f,0x0e,0x8d,0x0e,0x7f,0x0a,0x80,0x3f,0x0b,0xa0,0x02,
    0x07,0x0d,0x4f,0x09,0x70,0x3f,0x0b,0xc0,0x01,0x0a,0x4f,0x04,0x60,0x3f,0x0b,0xe0,0x09,0x3f,0x0c,0x60,0x3f,0x0b,0xe0,0x01,
    0x0d,0x3f,0x02,0x50,0x3f,0x0b,0xf0,0x08,0x3f,0x06,0x50,0x3f,0x0b,0xf0,0x03,0x3f,0x09,0x50,0x3f,0x0b,0xf0,0x01,0x3f,0x0a,
    0x50,0x3f,0x0b,0xf0,0x01,0x3f,0x0a,0x50,0x3f,0x0b,0xf0,0x02,0x3f,0x09,0x50,0x3f,0x0b,0xf0,0x06,0x3f,0x07,0x50,0x3f,0x0b,
    0xf0,0x0c,0x3f,0x04,0x50,0x3f,0x0b,0xe0,0x07,0x3f,0x0d,0x60,0x3f,0x0b,0xd0,0x07,0x4f,0x06,0x60,0x3f,0x0b,0xa0,0x02,0x06,
    0x0c,0x4f,0x0c,0x70,0x4f,0x9d,0x0e,0x6f,0x0d,0x02,0x70,0xff,0x5f,0x0b,0x01,0x80,0xff,0x3f,0x0c,0x05,0xa0,0xef,0x0e,0x0c,
    0x0a,0x07,0x02,0xc0,0x3f,0x0b,0xf0,0xb0,0x3f,0x0b,0xf0,0xb0,0x3f,0x0b,0xf0,0xb0,0x3f,0x0b,0xf0,0xb0,0x3f,0x0b,0xf0,0xb0,
    0x3f,0x0b,0xf0,0xb0,0x3f,0x0b,0xf0,0xb0,0x3f,0x0b,0xf0,0xb0,0x3f,0x0b,0xf0,0xb0,0x3f,0x0b,0xf0,0xb0,0x3f,0x0b,0xf0,0xb0,
    0x3f,0x0b,0xf0,0xb0,0x3f,0x0b,0xf0,0xb0,0x3f,0x0b,0xf0,0xb0,0x3f,0x0b,0xf0,0x70,0xd0,0x02,0x05,0x06,0x17,0x06,0x04,0x01,
    0xf0,0x80,0x02,0x08,0x0d,0x7f,0x0c,0x07,0x01,0xf0,0x30,0x01,0x09,0xcf,0x0e,0x07,0xf0,0x10,0x03,0x0d,0xff,0x0b,0x01,0xe0,
    0x03,0x0e,0x4f,0x0e,0x0a,0x08,0x16,0x08,0x0b,0x5f,0x0d,0x01,0xc0,0x02,0x0e,0x3f,0x0e,0x06,0x01,0x50,0x01,0x08,0x4f,0x0c,
    0xc0,0x0b,0x3f,0x0c,0x01,0x90,0x03,0x0d,0x3f,0x07,0xa0,0x06,0x3f,0x0c,0x01,0xb0,0x02,0x0e,0x3f,0x02,0x90,0x0d,0x3f,0x02,
    0xd0,0x05,0x3f,0x0a,0x80,0x05,0x3f,0x08,0xf0,0x0b,0x3f,0x01,0x70,0x0b,0x3f,0x01,0xf0,0x05,0x3f,0x07,0x60,0x01,0x3f,0x0b,
    0xf0,0x10,0x0e,0x2f,0x0c,0x60,0x05,0x3f,0x06,0xf0,0x10,0x0a,0x3f,0x01,0x50,0x09,0x3f,0x03,0xf0,0x10,0x07,0x3f,0x04,0x50,
    0x0b,0x3f,0xf0,0x20,0x04,0x3f,0x07,0x50,0x0d,0x2f,0x0d,0xf0,0x20,0x02,0x3f,0x08,0x50,0x0e,0x2f,0x0c,0xf0,0x20,0x01,0x3f,
    0x0a,0x50,0x3f,0x0b,0xf0,0x20,0x01,0x3f,0x0a,0x50,0x3f,0x0b,0xf0,0x30,0x3f,0x0b,0x50,0x3f,0x0b,0xf0,0x30,0x3f,0x0b,0x50,
    0x3f,0x0b,0xf0,0x30,0x3f,0x0b,0x50,0x3f,0x0b,0xf0,0x20,0x01,0x3f,0x0a,0x50,0x0e,0x2f,0x0c,0xf0,0x20,0x01,0x3f,0x0a,0x50,
    0x0d,0x2f,0x0d,0xf0,0x20,0x02,0x3f,0x08,0x50,0x0b,0x3f,0xf0,0x20,0x04,0x3f,0x07,0x50,0x08,0x3f,0x03,0xf0,0x10,0x07,0x3f,
    0x04,0x50,0x05,0x3f,0x06,0xf0,0x10,0x0a,0x3f,0x01,0x50,0x01,0x3f,0x0b,0xf0,0x10,0x0e,0x2f,0x0c,0x70,0x0b,0x3f,0x01,0xf0,
    0x04,0x3f,0x08,0x70,0x05,0x3f,0x08,0xf0,0x0b,0x3f,0x02,0x80,0x0d,0x3f,0x02,0xd0,0x05,0x3f,0x0a,0x90,0x06,0x3f,0x0c,0x01,
    0xb0,0x02,0x0e,0x3f,0x03,0xa0,0x0a,0x3f,0x0c,0x01,0x90,0x02,0x0d,0x3f,0x07,0xb0,0x01,0x0e,0x3f,0x0e,0x06,0x60,0x01,0x07,
    0x4f,0x0c,0xd0,0x03,0x0e,0x4f,0x0e,0x0a,0x08,0x16,0x08,0x0a,0x5f,0x0d,0x01,0xe0,0x02,0x0d,0xff,0x0c,0x01,0xf0,0x10,0x08,
    0xef,0x0b,0x01,0xf0,0x20,0x02,0x08,0x0d,0xcf,0x0d,0x03,0xf0,0x40,0x02,0x05,0x06,0x17,0x06,0x04,0x02,0x0a,0x5f,0x06,0xf0,
    0xc0,0x07,0x5f,0x0a,0x01,0xf0,0xb0,0x04,0x0e,0x4f,0x0c,0x02,0xf0,0xb0,0x02,0x0c,0x4f,0x07,0xf0,0xd0,0x09,0x2f,0x07,0xf0,
    0xf0,0x05,0x0e,0x06,0xf0,0xf0,0x10,0x01,0x50,0x30,0xcf,0x0e,0x0d,0x0b,0x08,0x05,0xd0,0xff,0x1f,0x0e,0x08,0x01,0xa0,0xff,
    0x3f,0x0e,0x04,0x90,0x3f,0x0e,0x7d,0x0e,0x7f,0x05,0x80,0x3f,0x0b,0x80,0x01,0x04,0x0a,0x4f,0x0e,0x02,0x70,0x3f,0x0b,0xb0,
    0x04,0x0d,0x3f,0x0b,0x70,0x3f,0x0b,0xc0,0x03,0x4f,0x03,0x60,0x3f,0x0b,0xd0,0x07,0x3f,0x08,0x60,0x3f,0x0b,0xd0,0x02,0x3f,
    0x0b,0x60,0x3f,0x0b,0xe0,0x0d,0x2f,0x0e,0x60,0x3f,0x0b,0xe0,0x0c,0x3f,0x60,0x3f,0x0b,0xe0,0x0b,0x3f,0x60,0x3f,0x0b,0xe0,
    0x0d,0x2f,0x0e,0x60,0x3f,0x0b,0xd0,0x02,0x3f,0x0b,0x60,0x3f,0x0b,0xd0,0x09,0x3f,0x07,0x60,0x3f,0x0b,0xc0,0x04,0x4f,0x01,
    0x60,0x3f,0x0b,0xb0,0x05,0x0e,0x3f,0x07,0x70,0x3f,0x0b,0x80,0x01,0x05,0x0b,0x4f,0x0c,0x80,0x4f,0x7d,0x7f,0x0c,0x01,0x80,
    0xff,0x3f,0x0a,0x01,0x90,0xff,0x1f,0x0b,0x04,0xb0,0xff,0x1f,0x05,0xc0,0x3f,0x0b,0x70,0x04,0x3f,0x0d,0xc0,0x3f,0x0b,0x80,
    0x0b,0x3f,0x06,0xb0,0x3f,0x0b,0x80,0x03,0x3f,0x0d,0x01,0xa0,0x3f,0x0b,0x90,0x0a,0x3f,0x07,0xa0,0x3f,0x0b,0x90,0x02,0x3f,
    0x0e,0x01,0x90,0x3f,0x0b,0xa0,0x09,0x3f,0x08,0x90,0x3f,0x0b,0xa0,0x01,0x0e,0x3f,0x02,0x80,0x3f,0x0b,0xb0,0x08,0x3f,0x09,
    0x80,0x3f,0x0b,0xb0,0x01,0x0e,0x3f,0x02,0x70,0x3f,0x0b,0xc0,0x06,0x3f,0x0a,0x70,0x3f,0x0b,0xd0,0x0d,0x3f,0x03,0x60,0x3f,
    0x0b,0xd0,0x05,0x3f,0x0b,0x60,0x3f,0x0b,0xe0,0x0c,0x3f,0x04,0x50,0x3f,0x0b,0xe0,0x04,0x3f,0x0c,0x50,0x3f,0x0b,0xf0,0x0b,
    0x3f,0x06,0x00,0xb0,0x03,0x05,0x06,0x17,0x06,0x04,0x02,0xf0,0x30,0x03,0x0a,0x0e,0x7f,0x0d,0x07,0x01,0xe0,0x02,0x0c,0xcf,
    0x0e,0x07,0xc0,0x06,0xff,0x0f,0x0b,0x01,0x90,0x06,0x5f,0x0c,0x08,0x07,0x16,0x08,0x0a,0x0e,0x4f,0x0c,0x01,0x70,0x02,0x4f,
    0x0b,0x02,0x60,0x01,0x06,0x0e,0x3f,0x0b,0x70,0x0b,0x3f,0x08,0xa0,0x02,0x0d,0x3f,0x05,0x50,0x02,0x3f,0x0b,0xc0,0x03,0x3f,
    0x0d,0x50,0x07,0x3f,0x05,0xd0,0x0a,0x3f,0x03,0x40,0x09,0x3f,0x02,0xd0,0x04,0x3f,0x07,0x40,0x0a,0x3f,0xe0,0x02,0x3f,0x09,
    0x40,0x09,0x3f,0x02,0xe0,0x39,0x06,0x40,0x07,0x3f,0x08,0xf0,0x80,0x03,0x4f,0x04,0xf0,0x80,0x0c,0x3f,0x0e,0x06,0xf0,0x70,
    0x03,0x5f,0x0c,0x05,0xf0,0x60,0x06,0x6f,0x0d,0x08,0x03,0xf0,0x40,0x06,0x0e,0x7f,0x0e,0x09,0x04,0xf0,0x20,0x02,0x0c,0x9f,
    0x0e,0x08,0x02,0xf0,0x10,0x05,0x0c,0xaf,0x09,0x02,0xf0,0x10,0x04,0x0a,0x0e,0x8f,0x0e,0x06,0xf0,0x20,0x01,0x05,0x0a,0x0e,
    0x7f,0x09,0xf0,0x50,0x04,0x0a,0x6f,0x09,0xf0,0x60,0x01,0x08,0x0e,0x4f,0x05,0xf0,0x70,0x02,0x0c,0x3f,0x0d,0xf0,0x80,0x01,
    0x0d,0x3f,0x03,0xf0,0x80,0x06,0x3f,0x07,0x30,0x3a,0x07,0xf0,0x02,0x3f,0x09,0x30,0x0e,0x2f,0x0c,0xf0,0x00,0x3f,0x0a,0x30,
    0x0c,0x3f,0x01,0xe0,0x02,0x3f,0x09,0x30,0x08,0x3f,0x06,0xe0,0x05,0x3f,0x07,0x30,0x02,0x3f,0x0e,0x02,0xd0,0x0b,0x3f,0x03,
    0x40,0x09,0x3f,0x0d,0x02,0xb0,0x08,0x3f,0x0d,0x60,0x0c,0x3f,0x0e,0x08,0x01,0x70,0x03,0x0b,0x4f,0x04,0x60,0x02,0x0c,0x5f,
    0x0c,0x09,0x07,0x16,0x07,0x09,0x0d,0x5f,0x08,0x80,0x01,0x0b,0xff,0x1f,0x07,0xb0,0x05,0x0d,0xdf,0x0c,0x03,0xe0,0x04,0x0a,
    0x0e,0x7f,0x0e,0x0a,0x04,0xf0,0x30,0x02,0x05,0x06,0x17,0x06,0x05,0x02,0xa0,0x00,0xff,0xbf,0x08,0x10,0xff,0xbf,0x08,0x10,
    0xff,0xbf,0x08,0x10,0xbd,0x4f,0xad,0x06,0xd0,0x3f,0x0b,0xf0,0x90,0x3f,0x0b,0xf0,0x90,0x3f,0x0b,0xf0,0x90,0x3f,0x0b,0xf0,
    0x90,0x3f,0x0b,0xf0,0x90,0x3f,0x0b,0xf0,0x90,0x3f,0x0b,0xf0,0x90,0x3f,0x0b,0xf0,0x90,0x3f,0x0b,0xf0,0x90,0x3f,0x0b,0xf0,
    0x90,0x3f,0x0b,0xf0,0x90,0x3f,0x0b,0xf0,0x90,0x3f,0x0b,0xf0,0x90,0x3f,0x0b,0xf0,0x90,0x3f,0x0b,0xf0,0x90,0x3f,0x0b,0xf0,
    0x90,0x3f,0x0b,0xf0,0x90,0x3f,0x0b,0xf0,0x90,0x3f,0x0b,0xf0,0x90,0x3f,0x0b,0xf0,0x90,0x3f,0x0b,0xf0,0x90,0x3f,0x0b,0xf0,
    0x90,0x3f,0x0b,0xf0,0x90,0x3f,0x0b,0xf0,0x90,0x3f,0x0b,0xf0,0x90,0x3f,0x0b,0xf0,0x90,0x3f,0x0b,0xf0,0x90,0x3f,0x0b,0xf0,
    0x90,0x3f,0x0b,0xf0,0x90,0x3f,0x0b,0xf0,0x90,0x3f,0x0b,0xf0,0x90,0x3f,0x0b,0xf0,0x90,0x3f,0x0b,0xc0,0x30,0x3f,0x0b,0xf0,
    0x00,0x3f,0x0b,0x60,0x3f,0x0b,0xf0,0x00,0x3f,0x0b,0x60,0x3f,0x0b,0xf0,0x00,0x3f,0x0b,0x60,0x3f,0x0b,0xf0,0x00,0x3f,0x0b,
    0x60,0x3f,0x0b,0xf0,0x00,0x3f,0x0b,0x60,0x3f,0x0b,0xf0,0x00,0x3f,0x0b,0x60,0x3f,0x0b,0xf0,0x00,0x3f,0x0b,0x60,0x3f,0x0b,
    0xf0,0x00,0x3f,0x0b,0x60,0x3f,0x0b,0xf0,0x00,0x3f,0x0b,0x60,0x3f,0x0b,0xf0,0x00,0x3f,0x0b,0x60,0x3f,0x0b,0xf0,0x00,0x3f,
    0x0b,0x60,0x3f,0x0b,0xf0,0x00,0x3f,0x0b,0x60,0x3f,0x0b,0xf0,0x00,0x3f,0x0b,0x60,0x3f,0x0b,0xf0,0x00,0x3f,0x0b,0x60,0x3f,
    0x0b,0xf0,0x00,0x3f,0x0b,0x60,0x3f,0x0b,0xf0,0x00,0x3f,0x0b,0x60,0x3f,0x0b,0xf0,0x00,0x3f,0x0b,0x60,0x3f,0x0b,0xf0,0x00,
    0x3f,0x0b,0x60,0x3f,0x0b,0xf0,0x00,0x3f,0x0b,0x60,0x3f,0x0b,0xf0,0x00,0x3f,0x0b,0x60,0x3f,0x0b,0xf0,0x00,0x3f,0x0b,0x60,
    0x3f,0x0b,0xf0,0x00,0x3f,0x0b,0x60,0x3f,0x0b,0xf0,0x00,0x3f,0x0b,0x60,0x3f,0x0b,0xf0,0x00,0x3f,0x0b,0x60,0x3f,0x0b,0xf0,
    0x00,0x3f,0x0b,0x60,0x3f,0x0b,0xf0,0x00,0x3f,0x0a,0x60,0x0e,0x2f,0x0c,0xf0,0x01,0x3f,0x09,0x60,0x0c,0x2f,0x0e,0xf0,0x03,
    0x3f,0x07,0x60,0x09,0x3f,0x03,0xe0,0x07,0x3f,0x04,0x60,0x05,0x3f,0x09,0xe0,0x0d,0x2f,0x0e,0x01,0x60,0x01,0x0e,0x3f,0x04,
    0xc0,0x08,0x3f,0x09,0x80,0x07,0x3f,0x0e,0x03,0xa0,0x06,0x4f,0x02,0x90,0x0c,0x4f,0x07,0x01,0x60,0x02,0x0a,0x4f,0x06,0xa0,
    0x02,0x0d,0x5f,0x0b,0x08,0x07,0x06,0x07,0x08,0x0c,0x5f,0x09,0xc0,0x02,0x0d,0xff,0x0f,0x08,0xe0,0x01,0x08,0xdf,0x0c,0x04,
    0xf0,0x10,0x01,0x07,0x0c,0x7f,0x0e,0x0a,0x04,0xf0,0x60,0x01,0x04,0x06,0x27,0x05,0x03,0xc0,0x01,0x4f,0x03,0xf0,0x20,0x01,
    0x4f,0x04,0x00,0x0b,0x3f,0x08,0xf0,0x20,0x06,0x3f,0x0d,0x10,0x05,0x3f,0x0d,0xf0,0x20,0x0b,0x3f,0x07,0x20,0x0e,0x3f,0x04,
    0xf0,0x00,0x01,0x4f,0x02,0x20,0x09,0x3f,0x09,0xf0,0x00,0x07,0x3f,0x0b,0x30,0x04,0x3f,0x0e,0xf0,0x00,0x0c,0x3f,0x06,0x40,
    0x0d,0x3f,0x04,0xe0,0x02,0x3f,0x0e,0x01,0x40,0x08,0x3f,0x09,0xe0,0x07,0x3f,0x0a,0x50,0x02,0x3f,0x0e,0xe0,0x0c,0x3f,0x04,
    0x60,0x0b,0x3f,0x05,0xc0,0x03,0x3f,0x0d,0x70,0x06,0x3f,0x0a,0xc0,0x08,0x3f,0x08,0x70,0x01,0x0e,0x2f,0x0e,0x01,0xb0,0x0d,
    0x3f,0x03,0x80,0x0a,0x3f,0x05,0xa0,0x03,0x3f,0x0c,0x90,0x04,0x3f,0x0a,0xa0,0x09,0x3f,0x06,0xa0,0x0e,0x3f,0x01,0x90,0x0e,
    0x3f,0x01,0xa0,0x08,0x3f,0x06,0x80,0x04,0x3f,0x0a,0xb0,0x03,0x3f,0x0b,0x80,0x09,0x3f,0x05,0xc0,0x0c,0x3f,0x01,0x70,0x0e,
    0x2f,0x0e,0xd0,0x07,0x3f,0x06,0x60,0x05,0x3f,0x09,0xd0,0x01,0x3f,0x0b,0x60,0x0a,0x3f,0x03,0xe0,0x0b,0x3f,0x01,0x40,0x01,
    0x0e,0x2f,0x0d,0xf0,0x05,0x3f,0x06,0x40,0x05,0x3f,0x07,0xf0,0x00,0x0e,0x2f,0x0c,0x40,0x0a,0x3f,0x02,0xf0,0x00,0x09,0x3f,
    0x02,0x20,0x01,0x3f,0x0b,0xf0,0x10,0x03,0x3f,0x07,0x20,0x06,0x3f,0x05,0xf0,0x20,0x0d,0x2f,0x0c,0x20,0x0b,0x2f,0x0e,0x01,
    0xf0,0x20,0x07,0x3f,0x02,0x00,0x01,0x3f,0x09,0xf0,0x30,0x02,0x3f,0x07,0x00,0x06,0x3f,0x04,0xf0,0x40,0x0b,0x2f,0x0d,0x00,
    0x0c,0x2f,0x0d,0xf0,0x50,0x06,0x3f,0x05,0x3f,0x08,0xf0,0x50,0x01,0x0e,0x7f,0x02,0xf0,0x60,0x0a,0x6f,0x0c,0xf0,0x70,0x04,
    0x6f,0x06,0xf0,0x80,0x0d,0x5f,0x01,0xf0,0x80,0x08,0x4f,0x0a,0xf0,0x90,0x02,0x4f,0x04,0xf0,0xa0,0x0c,0x3f,0xd0,0x00,0x05,
    0x3f,0x08,0xd0,0x0c,0x2f,0x09,0xd0,0x3f,0x0d,0x10,0x01,0x3f,0x0c,0xc0,0x01,0x3f,0x0d,0xc0,0x03,0x3f,0x0a,0x20,0x0d,0x3f,
    0xc0,0x05,0x4f,0x02,0xb0,0x07,0x3f,0x06,0x20,0x09,0x3f,0x03,0xb0,0x0a,0x4f,0x06,0xb0,0x0a,0x3f,0x03,0x20,0x05,0x3f,0x07,
    0xb0,0x0e,0x4f,0x0a,0xb0,0x0d,0x2f,0x0e,0x30,0x02,0x3f,0x0a,0xa0,0x03,0x5f,0x0e,0xa0,0x02,0x3f,0x0a,0x40,0x0d,0x2f,0x0e,
    0xa0,0x07,0x6f,0x03,0x90,0x05,0x3f,0x07,0x40,0x0a,0x3f,0x02,0x90,0x0c,0x2f,0x0d,0x2f,0x08,0x90,0x09,0x3f,0x03,0x40,0x06,
    0x3f,0x06,0x80,0x01,0x3f,0x07,0x2f,0x0c,0x90,0x0c,0x2f,0x0e,0x50,0x02,0x3f,0x09,0x80,0x05,0x2f,0x0e,0x02,0x3f,0x01,0x70,
    0x01,0x3f,0x0b,0x60,0x0e,0x2f,0x0d,0x80,0x09,0x2f,0x0b,0x00,0x0d,0x2f,0x05,0x70,0x04,0x3f,0x07,0x60,0x0a,0x3f,0x01,0x70,
    0x0e,0x2f,0x06,0x00,0x09,0x2f,0x09,0x70,0x07,0x3f,0x04,0x60,0x06,0x3f,0x05,0x60,0x03,0x3f,0x02,0x00,0x04,0x2f,0x0d,0x70,
    0x0b,0x3f,0x70,0x03,0x3f,0x08,0x60,0x07,0x2f,0x0d,0x10,0x01,0x3f,0x03,0x60,0x0e,0x2f,0x0b,0x80,0x0e,0x2f,0x0c,0x60,0x0c,
    0x2f,0x08,0x20,0x0b,0x2f,0x07,0x50,0x02,0x3f,0x08,0x80,0x0b,0x3f,0x50,0x01,0x3f,0x04,0x20,0x07,0x2f,0x0b,0x50,0x06,0x3f,
    0x04,0x80,0x07,0x3f,0x03,0x40,0x05,0x2f,0x0e,0x30,0x02,0x2f,0x0e,0x50,0x09,0x3f,0x01,0x80,0x03,0x3f,0x07,0x40,0x09,0x2f,
    0x0a,0x40,0x0d,0x2f,0x04,0x40,0x0d,0x2f,0x0c,0xa0,0x0e,0x2f,0x0a,0x40,0x0e,0x2f,0x06,0x40,0x09,0x2f,0x08,0x30,0x01,0x3f,
    0x08,0xa0,0x0b,0x2f,0x0e,0x30,0x03,0x3f,0x01,0x40,0x05,0x2f,0x0c,0x30,0x04,0x3f,0x05,0xa0,0x07,0x3f,0x02,0x20,0x07,0x2f,
    0x0c,0x50,0x01,0x3f,0x02,0x20,0x08,0x3f,0x01,0xa0,0x04,0x3f,0x06,0x20,0x0b,0x2f,0x07,0x60,0x0b,0x2f,0x06,0x20,0x0b,0x2f,
    0x0c,0xc0,0x3f,0x09,0x10,0x01,0x3f,0x03,0x60,0x07,0x2f,0x0a,0x20,0x0e,0x2f,0x09,0xc0,0x0b,0x2f,0x0d,0x10,0x05,0x2f,0x0e,
    0x70,0x03,0x2f,0x0e,0x10,0x03,0x3f,0x05,0xc0,0x08,0x3f,0x01,0x00,0x09,0x2f,0x09,0x80,0x0d,0x2f,0x03,0x00,0x06,0x3f,0x01,
    0xc0,0x04,0x3f,0x04,0x00,0x0d,0x2f,0x05,0x80,0x09,0x2f,0x07,0x00,0x09,0x2f,0x0d,0xd0,0x01,0x3f,0x07,0x02,0x3f,0x01,0x80,
    0x05,0x2f,0x0b,0x00,0x0c,0x2f,0x09,0xe0,0x0c,0x2f,0x09,0x06,0x2f,0x0b,0x90,0x01,0x2f,0x0e,0x00,0x0e,0x2f,0x06,0xe0,0x08,
    0x2f,0x0b,0x09,0x2f,0x07,0xa0,0x0c,0x2f,0x04,0x3f,0x02,0xe0,0x05,0x2f,0x1d,0x2f,0x02,0xa0,0x07,0x2f,0x0a,0x2f,0x0d,0xf0,
    0x01,0x6f,0x0d,0xb0,0x03,0x6f,0x0a,0xf0,0x00,0x0c,0x5f,0x08,0xc0,0x0e,0x5f,0x06,0xf0,0x00,0x09,0x5f,0x04,0xc0,0x0a,0x5f,
    0x02,0xf0,0x00,0x05,0x4f,0x0e,0xd0,0x05,0x4f,0x0e,0xf0,0x10,0x01,0x4f,0x0a,0xd0,0x01,0x4f,0x0a,0xf0,0x20,0x0d,0x3f,0x06,
    0xe0,0x0c,0x3f,0x07,0xf0,0x20,0x09,0x3f,0x02,0xe0,0x08,0x3f,0x03,0x80,0x00,0x01,0x0d,0x3f,0x0c,0xf0,0x02,0x0e,0x3f,0x09,
    0x30,0x04,0x4f,0x06,0xe0,0x0b,0x3f,0x0e,0x01,0x40,0x0a,0x3f,0x0e,0x01,0xc0,0x05,0x4f,0x05,0x50,0x01,0x0e,0x3f,0x0a,0xb0,
    0x01,0x0d,0x3f,0x0b,0x70,0x06,0x4f,0x04,0xa0,0x09,0x3f,0x0e,0x02,0x80,0x0b,0x3f,0x0d,0x01,0x80,0x03,0x4f,0x07,0x90,0x02,
    0x4f,0x08,0x80,0x0c,0x3f,0x0c,0xb0,0x07,0x4f,0x03,0x60,0x07,0x4f,0x03,0xc0,0x0c,0x3f,0x0c,0x50,0x02,0x0e,0x3f,0x08,0xd0,
    0x03,0x4f,0x06,0x40,0x0b,0x3f,0x0d,0x01,0xe0,0x08,0x3f,0x0e,0x02,0x20,0x05,0x4f,0x04,0xf0,0x01,0x0d,0x3f,0x0a,0x10,0x01,
    0x0e,0x3f,0x09,0xf0,0x10,0x04,0x4f,0x04,0x00,0x09,0x3f,0x0e,0x01,0xf0,0x20,0x0a,0x3f,0x0d,0x04,0x4f,0x05,0xf0,0x30,0x01,
    0x0e,0x8f,0x0b,0xf0,0x50,0x06,0x7f,0x0e,0x02,0xf0,0x60,0x0b,0x6f,0x06,0xf0,0x70,0x02,0x0e,0x4f,0x0c,0xf0,0x90,0x0b,0x4f,
    0x07,0xf0,0x80,0x05,0x5f,0x0e,0x01,0xf0,0x60,0x01,0x0d,0x6f,0x0a,0xf0,0x60,0x09,0x8f,0x04,0xf0,0x40,0x04,0x4f,0x0d,0x3f,
    0x0d,0x01,0xf0,0x30,0x0d,0x3f,0x0b,0x02,0x0e,0x3f,0x09,0xf0,0x20,0x08,0x4f,0x02,0x00,0x06,0x4f,0x03,0xf0,0x00,0x03,0x4f,
    0x07,0x20,0x0c,0x3f,0x0d,0xf0,0x00,0x0c,0x3f,0x0d,0x30,0x03,0x4f,0x08,0xe0,0x07,0x4f,0x04,0x40,0x08,0x4f,0x02,0xc0,0x02,
    0x0e,0x3f,0x09,0x60,0x0d,0x3f,0x0c,0xc0,0x0b,0x3f,0x0e,0x01,0x60,0x04,0x4f,0x06,0xa0,0x06,0x4f,0x05,0x80,0x09,0x3f,0x0e,
    0x02,0x80,0x01,0x0e,0x3f,0x0b,0x90,0x01,0x0e,0x3f,0x0b,0x80,0x0a,0x3f,0x0e,0x02,0xa0,0x06,0x4f,0x05,0x60,0x04,0x4f,0x07,
    0xc0,0x0b,0x3f,0x0e,0x01,0x40,0x01,0x0d,0x3f,0x0c,0xd0,0x02,0x4f,0x09,0x40,0x09,0x4f,0x03,0xe0,0x07,0x4f,0x04,0x20,0x03,
    0x4f,0x08,0xf0,0x00,0x0c,0x3f,0x0d,0x01,0x00,0x07,0x4f,0x02,0xf0,0x00,0x06,0x4f,0x03,0x01,0x0d,0x3f,0x0a,0xf0,0x00,0x0d,
    0x3f,0x09,0x10,0x06,0x4f,0x02,0xe0,0x06,0x3f,0x0e,0x02,0x20,0x0c,0x3f,0x0a,0xe0,0x0d,0x3f,0x08,0x30,0x04,0x4f,0x03,0xc0,
    0x06,0x3f,0x0e,0x01,0x40,0x0b,0x3f,0x0a,0xc0,0x0d,0x3f,0x06,0x50,0x03,0x4f,0x03,0xa0,0x07,0x3f,0x0d,0x70,0x09,0x3f,0x0b,
    0x90,0x01,0x0e,0x3f,0x05,0x70,0x02,0x0e,0x3f,0x03,0x80,0x07,0x3f,0x0c,0x90,0x08,0x3f,0x0b,0x70,0x01,0x0e,0x3f,0x03,0x90,
    0x01,0x0e,0x3f,0x04,0x60,0x07,0x3f,0x0a,0xb0,0x06,0x3f,0x0b,0x50,0x01,0x0e,0x3f,0x02,0xc0,0x0d,0x3f,0x04,0x40,0x08,0x3f,
    0x09,0xd0,0x05,0x3f,0x0b,0x30,0x01,0x0e,0x2f,0x0e,0x01,0xe0,0x0c,0x3f,0x04,0x20,0x08,0x3f,0x07,0xf0,0x03,0x3f,0x0c,0x10,
    0x01,0x0e,0x2f,0x0d,0x01,0xf0,0x00,0x0a,0x3f,0x04,0x00,0x09,0x3f,0x06,0xf0,0x10,0x02,0x3f,0x0c,0x02,0x3f,0x0c,0xf0,0x30,
    0x09,0x3f,0x0c,0x3f,0x04,0xf0,0x30,0x01,0x0e,0x6f,0x0b,0xf0,0x50,0x07,0x6f,0x03,0xf0,0x60,0x0d,0x4f,0x09,0xf0,0x70,0x06,
    0x3f,0x0e,0x02,0xf0,0x80,0x3f,0x0b,0xf0,0x90,0x3f,0x0b,0xf0,0x90,0x3f,0x0b,0xf0,0x90,0x3f,0x0b,0xf0,0x90,0x3f,0x0b,0xf0,
    0x90,0x3f,0x0b,0xf0,0x90,0x3f,0x0b,0xf0,0x90,0x3f,0x0b,0xf0,0x90,0x3f,0x0b,0xf0,0x90,0x3f,0x0b,0xf0,0x90,0x3f,0x0b,0xf0,
    0x90,0x3f,0x0b,0xf0,0x90,0x3f,0x0b,0xf0,0x90,0x3f,0x0b,0xc0,0x20,0xff,0x9f,0x02,0x30,0xff,0x9f,0x02,0x30,0xff,0x9f,0x02,
    0x30,0xfd,0x3d,0x4f,0x0e,0x01,0xf0,0x60,0x02,0x0e,0x3f,0x06,0xf0,0x70,0x0c,0x3f,0x0b,0xf0,0x70,0x08,0x3f,0x0e,0x02,0xf0,
    0x60,0x04,0x4f,0x05,0xf0,0x60,0x01,0x0d,0x3f,0x0a,0xf0,0x70,0x0a,0x3f,0x0e,0x01,0xf0,0x60,0x05,0x4f,0x05,0xf0,0x60,0x02,
    0x0e,0x3f,0x09,0xf0,0x70,0x0b,0x3f,0x0d,0x01,0xf0,0x60,0x07,0x4f,0x04,0xf0,0x60,0x03,0x4f,0x09,0xf0,0x70,0x0c,0x3f,0x0d,
    0x01,0xf0,0x60,0x09,0x4f,0x03,0xf0,0x60,0x04,0x4f,0x08,0xf0,0x60,0x01,0x0e,0x3f,0x0c,0xf0,0x70,0x0a,0x4f,0x03,0xf0,0x60,
    0x06,0x4f,0x07,0xf0,0x60,0x02,0x0e,0x3f,0x0b,0xf0,0x70,0x0c,0x3f,0x0e,0x02,0xf0,0x60,0x07,0x4f,0x06,0xf0,0x60,0x03,0x4f,
    0x0b,0xf0,0x60,0x01,0x0d,0x3f,0x0e,0x02,0xf0,0x60,0x09,0x4f,0x05,0xf0,0x60,0x05,0x4f,0x0a,0xf0,0x60,0x01,0x0e,0x3f,0x0e,
    0x01,0xf0,0x60,0x0b,0x4f,0x04,0xf0,0x60,0x06,0x4f,0x09,0xf0,0x60,0x02,0x0e,0x3f,0x0d,0x01,0xf0,0x60,0x0c,0x4f,0x04,0xf0,
    0x60,0x06,0x5f,0xfd,0x4d,0x20,0x08,0xff,0xaf,0x20,0x08,0xff,0xaf,0x20,0x08,0xff,0xaf,0x00,0x30,0x8f,0x08,0x30,0x8f,0x08,
    0x30,0x8f,0x08,0x30,0x3f,0x0e,0x3d,0x06,0x30,0x3f,0x0b,0x80,0x3f,0x0b,0x80,0x3f,0x0b,0x80,0x3f,0x0b,0x80,0x3f,0x0b,0x80,
    0x3f,0x0b,0x80,0x3f,0x0b,0x80,0x3f,0x0b,0x80,0x3f,0x0b,0x80,0x3f,0x0b,0x80,0x3f,0x0b,0x80,0x3f,0x0b,0x80,0x3f,0x0b,0x80,
    0x3f,0x0b,0x80,0x3f,0x0b,0x80,0x3f,0x0b,0x80,0x3f,0x0b,0x80,0x3f,0x0b,0x80,0x3f,0x0b,0x80,0x3f,0x0b,0x80,0x3f,0x0b,0x80,
    0x3f,0x0b,0x80,0x3f,0x0b,0x80,0x3f,0x0b,0x80,0x3f,0x0b,0x80,0x3f,0x0b,0x80,0x3f,0x0b,0x80,0x3f,0x0b,0x80,0x3f,0x0b,0x80,
    0x3f,0x0b,0x80,0x3f,0x0b,0x80,0x3f,0x0b,0x80,0x3f,0x0b,0x80,0x3f,0x0b,0x80,0x3f,0x0b,0x80,0x3f,0x0b,0x80,0x3f,0x0b,0x80,
    0x3f,0x0b,0x80,0x3f,0x0b,0x80,0x3f,0x0b,0x80,0x3f,0x0b,0x80,0x3f,0x0b,0x80,0x3f,0x0e,0x3d,0x06,0x30,0x8f,0x08,0x30,0x8f,
    0x08,0x30,0x8f,0x08,0x00,0x0b,0x2f,0x0b,0xf0,0x06,0x3f,0x02,0xe0,0x01,0x0e,0x2f,0x07,0xf0,0x09,0x2f,0x0d,0xf0,0x03,0x3f,
    0x04,0xf0,0x0c,0x2f,0x0a,0xf0,0x07,0x2f,0x0e,0x01,0xe0,0x01,0x3f,0x06,0xf0,0x0a,0x2f,0x0c,0xf0,0x04,0x3f,0x03,0xf0,0x0d,
    0x2f,0x08,0xf0,0x08,0x2f,0x0e,0xf0,0x02,0x3f,0x05,0xf0,0x0b,0x2f,0x0b,0xf0,0x05,0x3f,0x02,0xe0,0x01,0x0e,0x2f,0x07,0xf0,
    0x09,0x2f,0x0d,0xf0,0x03,0x3f,0x04,0xf0,0x0c,0x2f,0x0a,0xf0,0x06,0x3f,0x01,0xe0,0x01,0x3f,0x06,0xf0,0x0a,0x2f,0x0c,0xf0,
    0x04,0x3f,0x03,0xf0,0x0d,0x2f,0x09,0xf0,0x08,0x2f,0x0e,0xf0,0x02,0x3f,0x05,0xf0,0x0b,0x2f,0x0b,0xf0,0x05,0x3f,0x02,0xf0,
    0x0e,0x2f,0x08,0xf0,0x09,0x2f,0x0d,0xf0,0x03,0x3f,0x04,0xf0,0x0c,0x2f,0x0a,0xf0,0x06,0x3f,0x01,0xe0,0x01,0x0e,0x2f,0x07,
    0xf0,0x0a,0x2f,0x0c,0xf0,0x04,0x3f,0x03,0xf0,0x0d,0x2f,0x09,0xf0,0x07,0x2f,0x0e,0x01,0xe0,0x02,0x3f,0x06,0xf0,0x0b,0x2f,
    0x0b,0x00,0x8f,0x0b,0x30,0x8f,0x0b,0x30,0x8f,0x0b,0x30,0x4d,0x3f,0x0b,0x80,0x3f,0x0b,0x80,0x3f,0x0b,0x80,0x3f,0x0b,0x80,
    0x3f,0x0b,0x80,0x3f,0x0b,0x80,0x3f,0x0b,0x80,0x3f,0x0b,0x80,0x3f,0x0b,0x80,0x3f,0x0b,0x80,0x3f,0x0b,0x80,0x3f,0x0b,0x80,
    0x3f,0x0b,0x80,0x3f,0x0b,0x80,0x3f,0x0b,0x80,0x3f,0x0b,0x80,0x3f,0x0b,0x80,0x3f,0x0b,0x80,0x3f,0x0b,0x80,0x3f,0x0b,0x80,
    0x3f,0x0b,0x80,0x3f,0x0b,0x80,0x3f,0x0b,0x80,0x3f,0x0b,0x80,0x3f,0x0b,0x80,0x3f,0x0b,0x80,0x3f,0x0b,0x80,0x3f,0x0b,0x80,
    0x3f,0x0b,0x80,0x3f,0x0b,0x80,0x3f,0x0b,0x80,0x3f,0x0b,0x80,0x3f,0x0b,0x80,0x3f,0x0b,0x80,0x3f,0x0b,0x80,0x3f,0x0b,0x80,
    0x3f,0x0b,0x80,0x3f,0x0b,0x80,0x3f,0x0b,0x80,0x3f,0x0b,0x80,0x3f,0x0b,0x80,0x3f,0x0b,0x80,0x3f,0x0b,0x30,0x4d,0x3f,0x0b,
    0x30,0x8f,0x0b,0x30,0x8f,0x0b,0x30,0x8f,0x0b,0x20,0x80,0x09,0x1f,0x04,0xf0,0x00,0x03,0x2f,0x0d,0xf0,0x00,0x09,0x3f,0x04,
    0xe0,0x01,0x0e,0x3f,0x0a,0xe0,0x06,0x5f,0x02,0xd0,0x0c,0x5f,0x08,0xc0,0x04,0x6f,0x0e,0xc0,0x0a,0x2f,0x08,0x0d,0x2f,0x05,
    0xa0,0x01,0x3f,0x02,0x07,0x2f,0x0b,0xa0,0x07,0x2f,0x0b,0x00,0x01,0x3f,0x02,0x90,0x0d,0x2f,0x05,0x10,0x0a,0x2f,0x08,0x80,
    0x04,0x2f,0x0e,0x20,0x04,0x2f,0x0e,0x80,0x0b,0x2f,0x08,0x30,0x0d,0x2f,0x06,0x60,0x02,0x3f,0x03,0x30,0x07,0x2f,0x0c,0x60,
    0x08,0x2f,0x0c,0x40,0x02,0x3f,0x03,0x50,0x0e,0x2f,0x06,0x50,0x0b,0x2f,0x09,0x40,0x05,0x2f,0x0e,0x01,0x50,0x05,0x2f,0x0e,
    0x01,0x30,0x0b,0x2f,0x09,0x70,0x0e,0x2f,0x06,0x20,0x03,0x3f,0x03,0x70,0x08,0x2f,0x0c,0xf0,0xf0,0xf0,0xf0,0xf0,0xf0,0xf0,
    0xf0,0xf0,0xf0,0xf0,0xf0,0xf0,0xf0,0xf0,0xf0,0xf0,0xf0,0xf0,0xf0,0xf0,0xf0,0xf0,0xf0,0xf0,0xf0,0x30,0x00,0xfd,0x6d,0x00,
    0xff,0x6f,0x00,0xff,0x6f,0x00,0xff,0x6f,0x00,0x02,0x48,0x02,0x90,0x0a,0x3f,0x0c,0xa0,0x0c,0x3f,0x07,0x90,0x01,0x0d,0x2f,
    0x0e,0x02,0x90,0x02,0x0e,0x2f,0x0b,0xa0,0x03,0x0e,0x2f,0x06,0xa0,0x05,0x2f,0x0e,0x02,0xa0,0x07,0x2f,0x0b,0xf0,0xf0,0xf0,
    0xf0,0xf0,0xf0,0xf0,0xf0,0xf0,0xf0,0xf0,0xf0,0xf0,0xf0,0xf0,0xf0,0xf0,0xf0,0xf0,0xf0,0xf0,0xf0,0xf0,0xf0,0xf0,0xf0,0xf0,
    0xf0,0xf0,0xf0,0xf0,0xf0,0x30,0xa0,0x03,0x06,0x17,0x06,0x05,0x02,0xf0,0x10,0x05,0x0b,0x7f,0x0d,0x08,0x02,0xc0,0x03,0x0c,
    0xcf,0x07,0xa0,0x05,0xff,0x08,0x80,0x04,0x5f,0x0b,0x08,0x16,0x07,0x0b,0x5f,0x05,0x60,0x01,0x0e,0x3f,0x0a,0x02,0x50,0x02,
    0x0c,0x3f,0x0d,0x60,0x06,0x3f,0x0a,0x80,0x01,0x0d,0x3f,0x04,0x50,0x09,0x3f,0x02,0x90,0x06,0x3f,0x08,0x50,0x02,0x33,0xa0,
    0x02,0x3f,0x0a,0xf0,0x60,0x3f,0x0a,0xf0,0x60,0x3f,0x0b,0xb0,0x02,0x07,0x09,0x0c,0x0d,0x0e,0x8f,0x0b,0x90,0x05,0x0c,0xef,
    0x0b,0x70,0x01,0x0b,0xff,0x0f,0x0b,0x60,0x01,0x0c,0x7f,0x0e,0x4d,0x3f,0x0b,0x60,0x0a,0x4f,0x0d,0x07,0x03,0x01,0x50,0x3f,
    0x0b,0x50,0x03,0x4f,0x06,0x90,0x3f,0x0b,0x50,0x09,0x3f,0x07,0xa0,0x3f,0x0b,0x50,0x0c,0x2f,0x0e,0xb0,0x3f,0x0b,0x50,0x0e,
    0x2f,0x0b,0xb0,0x3f,0x0b,0x50,0x3f,0x0c,0xa0,0x01,0x3f,0x0b,0x50,0x0d,0x2f,0x0e,0xa0,0x0a,0x3f,0x0b,0x50,0x0a,0x3f,0x07,
    0x80,0x08,0x4f,0x0b,0x50,0x04,0x4f,0x06,0x50,0x02,0x0b,0x5f,0x0c,0x60,0x0b,0x4f,0x0c,0x08,0x16,0x08,0x0c,0x7f,0x0d,0x60,
    0x01,0x0d,0xcf,0x0b,0x0d,0x3f,0x01,0x60,0x02,0x0b,0xaf,0x08,0x00,0x0a,0x3f,0x04,0x80,0x06,0x0d,0x5f,0x0e,0x0a,0x02,0x10,
    0x06,0x3f,0x09,0xa0,0x02,0x05,0x17,0x06,0x04,0xc0,0x30,0x3f,0x0b,0xf0,0x70,0x3f,0x0b,0xf0,0x70,0x3f,0x0b,0xf0,0x70,0x3f,
    0x0b,0xf0,0x70,0x3f,0x0b,0xf0,0x70,0x3f,0x0b,0xf0,0x70,0x3f,0x0b,0xf0,0x70,0x3f,0x0b,0xf0,0x70,0x3f,0x0b,0xf0,0x70,0x3f,
    0x0b,0xf0,0x70,0x3f,0x0b,0xf0,0x70,0x3f,0x0b,0x30,0x02,0x05,0x06,0x07,0x06,0x04,0x01,0xc0,0x3f,0x0b,0x10,0x05,0x0c,0x5f,
    0x0e,0x0a,0x02,0xa0,0x3f,0x0b,0x01,0x0b,0xaf,0x07,0x90,0x3f,0x1c,0xcf,0x08,0x80,0x7f,0x0d,0x08,0x16,0x08,0x0b,0x5f,0x05,
    0x70,0x5f,0x0e,0x06,0x50,0x03,0x0d,0x3f,0x0e,0x01,0x60,0x4f,0x0e,0x03,0x70,0x01,0x0d,0x3f,0x08,0x60,0x4f,0x05,0x90,0x03,
    0x3f,0x0d,0x60,0x4f,0xb0,0x0b,0x3f,0x03,0x50,0x4f,0xb0,0x05,0x3f,0x07,0x50,0x3f,0x0b,0xb0,0x01,0x3f,0x0a,0x50,0x3f,0x0b,
    0xc0,0x0e,0x2f,0x0c,0x50,0x3f,0x0b,0xc0,0x0c,0x2f,0x0d,0x50,0x3f,0x0b,0xc0,0x0b,0x2f,0x0e,0x50,0x3f,0x0b,0xc0,0x0b,0x3f,
    0x50,0x3f,0x0b,0xc0,0x0b,0x2f,0x0e,0x50,0x3f,0x0b,0xc0,0x0c,0x2f,0x0d,0x50,0x3f,0x0b,0xc0,0x0e,0x2f,0x0c,0x50,0x3f,0x0b,
    0xb0,0x01,0x3f,0x0a,0x50,0x4f,0xb0,0x06,0x3f,0x07,0x50,0x4f,0xb0,0x0b,0x3f,0x03,0x50,0x4f,0x06,0x90,0x03,0x3f,0x0d,0x60,
    0x4f,0x0e,0x03,0x70,0x01,0x0d,0x3f,0x07,0x60,0x6f,0x06,0x50,0x03,0x0d,0x3f,0x0d,0x70,0x7f,0x0d,0x08,0x16,0x07,0x0b,0x5f,
    0x04,0x70,0x3f,0x09,0x0c,0xcf,0x06,0x80,0x3f,0x06,0x01,0x0b,0x9f,0x0e,0x06,0x90,0x3f,0x05,0x10,0x05,0x0c,0x6f,0x0a,0x02,
    0xf0,0x30,0x02,0x05,0x06,0x17,0x04,0x01,0x80,0x90,0x01,0x04,0x06,0x17,0x06,0x04,0x01,0xf0,0x00,0x03,0x0a,0x7f,0x0c,0x05,
    0xc0,0x01,0x09,0xbf,0x0c,0x02,0x90,0x02,0x0d,0xdf,0x0e,0x03,0x70,0x01,0x0d,0x4f,0x0d,0x08,0x07,0x06,0x08,0x0c,0x4f,0x0e,
    0x02,0x60,0x0a,0x3f,0x0e,0x04,0x50,0x04,0x0d,0x3f,0x0a,0x50,0x04,0x3f,0x0e,0x02,0x70,0x01,0x0d,0x3f,0x03,0x40,0x0b,0x3f,
    0x04,0x90,0x04,0x3f,0x09,0x30,0x02,0x3f,0x0b,0xb0,0x0c,0x2f,0x0c,0x30,0x06,0x3f,0x06,0xb0,0x08,0x2f,0x0e,0x30,0x09,0x3f,
    0x01,0xb0,0x02,0x35,0x30,0x0c,0x2f,0x0e,0xf0,0x50,0x0e,0x2f,0x0c,0xf0,0x50,0x3f,0x0b,0xf0,0x50,0x3f,0x0b,0xf0,0x50,0x3f,
    0x0b,0xf0,0x50,0x0e,0x2f,0x0c,0xf0,0x50,0x0c,0x2f,0x0d,0xf0,0x50,0x09,0x3f,0x01,0xf0,0x40,0x06,0x3f,0x05,0xb0,0x04,0x38,
    0x30,0x02,0x3f,0x0b,0xb0,0x09,0x2f,0x0e,0x40,0x0b,0x3f,0x03,0x90,0x01,0x0e,0x2f,0x0a,0x40,0x04,0x3f,0x0d,0x01,0x80,0x0b,
    0x3f,0x04,0x50,0x0a,0x3f,0x0d,0x04,0x50,0x03,0x0c,0x3f,0x0b,0x60,0x01,0x0d,0x4f,0x0c,0x08,0x16,0x07,0x0b,0x4f,0x0d,0x01,
    0x70,0x02,0x0d,0xdf,0x0d,0x02,0x90,0x01,0x0a,0xbf,0x09,0x01,0xc0,0x04,0x0b,0x7f,0x0a,0x04,0xf0,0x00,0x01,0x04,0x06,0x17,
    0x06,0x04,0x01,0x80,0xf0,0x30,0x0b,0x3f,0xf0,0x70,0x0b,0x3f,0xf0,0x70,0x0b,0x3f,0xf0,0x70,0x0b,0x3f,0xf0,0x70,0x0b,0x3f,
    0xf0,0x70,0x0b,0x3f,0xf0,0x70,0x0b,0x3f,0xf0,0x70,0x0b,0x3f,0xf0,0x70,0x0b,0x3f,0xf0,0x70,0x0b,0x3f,0xf0,0x70,0x0b,0x3f,
    0xd0,0x03,0x05,0x07,0x06,0x05,0x03,0x30,0x0b,0x3f,0xa0,0x01,0x08,0x0e,0x5f,0x0d,0x07,0x10,0x0b,0x3f,0x90,0x04,0x0d,0x9f,
    0x0c,0x02,0x0b,0x3f,0x80,0x04,0xcf,0x0e,0x0d,0x3f,0x70,0x03,0x5f,0x0c,0x08,0x16,0x08,0x0c,0x7f,0x70,0x0c,0x3f,0x0e,0x04,
    0x50,0x04,0x0d,0x5f,0x60,0x06,0x3f,0x0e,0x02,0x70,0x01,0x0d,0x4f,0x60,0x0c,0x3f,0x05,0x90,0x03,0x4f,0x50,0x02,0x3f,0x0c,
    0xb0,0x4f,0x50,0x06,0x3f,0x06,0xb0,0x0d,0x3f,0x50,0x0a,0x3f,0x02,0xb0,0x0b,0x3f,0x50,0x0c,0x2f,0x0e,0xc0,0x0b,0x3f,0x50,
    0x0d,0x2f,0x0c,0xc0,0x0b,0x3f,0x50,0x0e,0x2f,0x0b,0xc0,0x0b,0x3f,0x50,0x3f,0x0b,0xc0,0x0b,0x3f,0x50,0x0e,0x2f,0x0b,0xc0,
    0x0b,0x3f,0x50,0x0d,0x2f,0x0c,0xc0,0x0b,0x3f,0x50,0x0c,0x2f,0x0e,0xc0,0x0b,0x3f,0x50,0x09,0x3f,0x01,0xb0,0x0b,0x3f,0x50,
    0x06,0x3f,0x06,0xb0,0x0d,0x3f,0x50,0x02,0x3f,0x0b,0xb0,0x4f,0x60,0x0b,0x3f,0x04,0x90,0x04,0x4f,0x60,0x05,0x3f,0x0d,0x02,
    0x70,0x02,0x0d,0x4f,0x70,0x0b,0x3f,0x0d,0x04,0x50,0x04,0x0e,0x5f,0x70,0x02,0x0e,0x4f,0x0c,0x08,0x16,0x08,0x0c,0x7f,0x80,
    0x04,0x0e,0xbf,0x0e,0x0a,0x3f,0x90,0x03,0x0d,0x9f,0x0d,0x02,0x06,0x3f,0xa0,0x01,0x08,0x0e,0x5f,0x0d,0x07,0x10,0x05,0x3f,
    0xd0,0x04,0x06,0x07,0x06,0x05,0x02,0xc0,0xa0,0x03,0x05,0x17,0x05,0x03,0xf0,0x20,0x01,0x08,0x0d,0x5f,0x0e,0x09,0x02,0xe0,
    0x07,0x0e,0x9f,0x0e,0x07,0xc0,0x09,0xdf,0x08,0xa0,0x09,0x4f,0x0d,0x08,0x16,0x08,0x0c,0x4f,0x07,0x80,0x06,0x3f,0x0e,0x05,
    0x50,0x06,0x3f,0x0e,0x02,0x60,0x01,0x0e,0x2f,0x0e,0x03,0x70,0x06,0x3f,0x09,0x60,0x08,0x3f,0x06,0x90,0x0b,0x2f,0x0e,0x50,
    0x01,0x0e,0x2f,0x0d,0xa0,0x04,0x3f,0x05,0x40,0x04,0x3f,0x07,0xb0,0x0e,0x2f,0x08,0x40,0x08,0x3f,0x02,0xb0,0x0c,0x2f,0x0b,
    0x40,0x0c,0x2f,0x0e,0xc0,0x0b,0x2f,0x0d,0x40,0x0d,0xff,0x4f,0x0e,0x40,0x0e,0xff,0x5f,0x40,0xff,0x6f,0x40,0x4f,0xfd,0x1d,
    0x40,0x0e,0x2f,0x0c,0xf0,0x60,0x0d,0x2f,0x0d,0xf0,0x60,0x0a,0x3f,0x02,0xf0,0x50,0x07,0x3f,0x07,0xf0,0x50,0x02,0x3f,0x0d,
    0xf0,0x60,0x0b,0x3f,0x08,0xb0,0x09,0x07,0x70,0x04,0x4f,0x06,0x90,0x09,0x1f,0x0a,0x01,0x60,0x09,0x4f,0x09,0x01,0x50,0x03,
    0x0c,0x3f,0x06,0x60,0x01,0x0c,0x5f,0x0a,0x07,0x06,0x07,0x08,0x0c,0x4f,0x09,0x80,0x01,0x0b,0xef,0x0a,0xb0,0x08,0xcf,0x07,
    0xd0,0x02,0x09,0x0d,0x6f,0x0e,0x08,0x01,0xf0,0x10,0x03,0x05,0x06,0x07,0x06,0x05,0x03,0x90,0x90,0x01,0x05,0x09,0x0c,0x0d,
    0x0c,0x0b,0x08,0x80,0x05,0x0e,0x6f,0x70,0x08,0x8f,0x60,0x05,0x9f,0x50,0x01,0x0e,0x3f,0x0d,0x06,0x02,0x00,0x01,0x03,0x50,
    0x06,0x3f,0x0c,0x01,0xa0,0x0a,0x3f,0x04,0xb0,0x0d,0x2f,0x0e,0xc0,0x0e,0x2f,0x0b,0xc0,0x3f,0x0b,0xc0,0x3f,0x0b,0xc0,0x3f,
    0x0b,0xc0,0x3f,0x0b,0x70,0x08,0xdf,0x08,0x10,0x08,0xdf,0x08,0x10,0x08,0xdf,0x08,0x10,0x06,0x3d,0x4f,0x4d,0x06,0x60,0x3f,
    0x0b,0xc0,0x3f,0x0b,0xc0,0x3f,0x0b,0xc0,0x3f,0x0b,0xc0,0x3f,0x0b,0xc0,0x3f,0x0b,0xc0,0x3f,0x0b,0xc0,0x3f,0x0b,0xc0,0x3f,
    0x0b,0xc0,0x3f,0x0b,0xc0,0x3f,0x0b,0xc0,0x3f,0x0b,0xc0,0x3f,0x0b,0xc0,0x3f,0x0b,0xc0,0x3f,0x0b,0xc0,0x3f,0x0b,0xc0,0x3f,
    0x0b,0xc0,0x3f,0x0b,0xc0,0x3f,0x0b,0xc0,0x3f,0x0b,0xc0,0x3f,0x0b,0xc0,0x3f,0x0b,0xc0,0x3f,0x0b,0x60,0x90,0x04,0x05,0x07,
    0x06,0x05,0x02,0xf0,0x30,0x01,0x09,0x0e,0x5f,0x0d,0x07,0x10,0x05,0x3f,0x90,0x05,0x0e,0x9f,0x0c,0x02,0x06,0x3f,0x80,0x05,
    0xcf,0x0d,0x09,0x3f,0x70,0x04,0x5f,0x0c,0x08,0x16,0x08,0x0c,0x7f,0x70,0x0d,0x3f,0x0e,0x04,0x50,0x04,0x0d,0x5f,0x60,0x06,
    0x3f,0x0e,0x02,0x70,0x02,0x0d,0x4f,0x60,0x0c,0x3f,0x05,0x90,0x03,0x4f,0x50,0x03,0x3f,0x0c,0xb0,0x4f,0x50,0x07,0x3f,0x06,
    0xb0,0x0d,0x3f,0x50,0x0a,0x3f,0x02,0xb0,0x0b,0x3f,0x50,0x0c,0x2f,0x0e,0xc0,0x0b,0x3f,0x50,0x0d,0x2f,0x0c,0xc0,0x0b,0x3f,
    0x50,0x0e,0x2f,0x0b,0xc0,0x0b,0x3f,0x50,0x3f,0x0b,0xc0,0x0b,0x3f,0x50,0x0e,0x2f,0x0b,0xc0,0x0b,0x3f,0x50,0x0d,0x2f,0x0c,
    0xc0,0x0b,0x3f,0x50,0x0c,0x2f,0x0e,0xc0,0x0b,0x3f,0x50,0x0a,0x3f,0x01,0xb0,0x0b,0x3f,0x50,0x06,0x3f,0x06,0xb0,0x0e,0x3f,
    0x50,0x03,0x3f,0x0b,0xb0,0x4f,0x60,0x0c,0x3f,0x04,0x90,0x04,0x4f,0x60,0x06,0x3f,0x0d,0x02,0x70,0x02,0x0e,0x4f,0x70,0x0c,
    0x3f,0x0d,0x03,0x50,0x04,0x0e,0x5f,0x70,0x03,0x0e,0x4f,0x0c,0x08,0x16,0x08,0x0c,0x7f,0x80,0x04,0xcf,0x0e,0x0d,0x3f,0x90,
    0x04,0x0d,0x9f,0x0c,0x02,0x0b,0x3f,0xa0,0x01,0x08,0x0e,0x5f,0x0d,0x07,0x10,0x0b,0x3f,0xd0,0x04,0x06,0x07,0x06,0x05,0x02,
    0x30,0x0b,0x3f,0xf0,0x70,0x0d,0x2f,0x0e,0xf0,0x70,0x0e,0x2f,0x0c,0x80,0x02,0xc0,0x05,0x3f,0x09,0x70,0x01,0x0d,0x09,0xb0,
    0x0b,0x3f,0x04,0x70,0x0b,0x1f,0x09,0x90,0x08,0x3f,0x0d,0x70,0x06,0x3f,0x0c,0x03,0x50,0x01,0x0a,0x4f,0x06,0x70,0x01,0x0c,
    0x4f,0x0d,0x08,0x16,0x08,0x0a,0x5f,0x0a,0x90,0x02,0x0c,0xef,0x0b,0x01,0xb0,0x08,0x0e,0xbf,0x08,0xe0,0x01,0x08,0x0d,0x6f,
    0x0e,0x09,0x02,0xf0,0x20,0x02,0x05,0x06,0x17,0x05,0x03,0xb0,0x30,0x3f,0x0b,0xf0,0x70,0x3f,0x0b,0xf0,0x70,0x3f,0x0b,0xf0,
    0x70,0x3f,0x0b,0xf0,0x70,0x3f,0x0b,0xf0,0x70,0x3f,0x0b,0xf0,0x70,0x3f,0x0b,0xf0,0x70,0x3f,0x0b,0xf0,0x70,0x3f,0x0b,0xf0,
    0x70,0x3f,0x0b,0xf0,0x70,0x3f,0x0b,0xf0,0x70,0x3f,0x0b,0x40,0x04,0x06,0x17,0x06,0x03,0xc0,0x3f,0x0b,0x10,0x02,0x09,0x0e,
    0x5f,0x0e,0x08,0x01,0x90,0x3f,0x0b,0x00,0x08,0xaf,0x0d,0x02,0x80,0x3f,0x0b,0x0a,0xcf,0x0d,0x01,0x70,0x7f,0x0e,0x0a,0x07,
    0x06,0x07,0x0a,0x0e,0x4f,0x08,0x70,0x6f,0x08,0x50,0x01,0x0a,0x3f,0x0e,0x01,0x60,0x4f,0x0e,0x04,0x70,0x01,0x0d,0x3f,0x04,
    0x60,0x4f,0x06,0x90,0x06,0x3f,0x07,0x60,0x4f,0xa0,0x02,0x3f,0x09,0x60,0x4f,0xa0,0x01,0x3f,0x0a,0x60,0x3f,0x0b,0xb0,0x3f,
    0x0b,0x60,0x3f,0x0b,0xb0,0x3f,0x0b,0x60,0x3f,0x0b,0xb0,0x3f,0x0b,0x60,0x3f,0x0b,0xb0,0x3f,0x0b,0x60,0x3f,0x0b,0xb0,0x3f,
    0x0b,0x60,0x3f,0x0b,0xb0,0x3f,0x0b,0x60,0x3f,0x0b,0xb0,0x3f,0x0b,0x60,0x3f,0x0b,0xb0,0x3f,0x0b,0x60,0x3f,0x0b,0xb0,0x3f,
    0x0b,0x60,0x3f,0x0b,0xb0,0x3f,0x0b,0x60,0x3f,0x0b,0xb0,0x3f,0x0b,0x60,0x3f,0x0b,0xb0,0x3f,0x0b,0x60,0x3f,0x0b,0xb0,0x3f,
    0x0b,0x60,0x3f,0x0b,0xb0,0x3f,0x0b,0x60,0x3f,0x0b,0xb0,0x3f,0x0b,0x60,0x3f,0x0b,0xb0,0x3f,0x0b,0x60,0x3f,0x0b,0xb0,0x3f,
    0x0b,0x60,0x3f,0x0b,0xb0,0x3f,0x0b,0x20,0x40,0x03,0x16,0x03,0x70,0x06,0x3f,0x06,0x60,0x0e,0x3f,0x0d,0x60,0x0e,0x3f,0x0e,
    0x60,0x06,0x3f,0x06,0x70,0x03,0x07,0x06,0x03,0xf0,0xf0,0xf0,0xf0,0x80,0x0b,0x3f,0x70,0x0b,0x3f,0x70,0x0b,0x3f,0x70,0x0b,
    0x3f,0x70,0x0b,0x3f,0x70,0x0b,0x3f,0x70,0x0b,0x3f,0x70,0x0b,0x3f,0x70,0x0b,0x3f,0x70,0x0b,0x3f,0x70,0x0b,0x3f,0x70,0x0b,
    0x3f,0x70,0x0b,0x3f,0x70,0x0b,0x3f,0x70,0x0b,0x3f,0x70,0x0b,0x3f,0x70,0x0b,0x3f,0x70,0x0b,0x3f,0x70,0x0b,0x3f,0x70,0x0b,
    0x3f,0x70,0x0b,0x3f,0x70,0x0b,0x3f,0x70,0x0b,0x3f,0x70,0x0b,0x3f,0x70,0x0b,0x3f,0x70,0x0b,0x3f,0x70,0x0b,0x3f,0x30,0x50,
    0x03,0x16,0x03,0x80,0x06,0x3f,0x06,0x70,0x0d,0x3f,0x0d,0x70,0x0e,0x3f,0x0e,0x70,0x06,0x3f,0x06,0x80,0x03,0x07,0x06,0x03,
    0xf0,0xf0,0xf0,0xf0,0xe0,0x0b,0x3f,0x80,0x0b,0x3f,0x80,0x0b,0x3f,0x80,0x0b,0x3f,0x80,0x0b,0x3f,0x80,0x0b,0x3f,0x80,0x0b,
    0x3f,0x80,0x0b,0x3f,0x80,0x0b,0x3f,0x80,0x0b,0x3f,0x80,0x0b,0x3f,0x80,0x0b,0x3f,0x80,0x0b,0x3f,0x80,0x0b,0x3f,0x80,0x0b,
    0x3f,0x80,0x0b,0x3f,0x80,0x0b,0x3f,0x80,0x0b,0x3f,0x80,0x0b,0x3f,0x80,0x0b,0x3f,0x80,0x0b,0x3f,0x80,0x0b,0x3f,0x80,0x0b,
    0x3f,0x80,0x0b,0x3f,0x80,0x0b,0x3f,0x80,0x0b,0x3f,0x80,0x0b,0x3f,0x80,0x0b,0x3f,0x80,0x0b,0x3f,0x80,0x0b,0x3f,0x80,0x0b,
    0x3f,0x80,0x0b,0x2f,0x0e,0x80,0x0e,0x2f,0x0d,0x70,0x05,0x3f,0x0a,0x30,0x08,0x16,0x09,0x4f,0x05,0x30,0x7f,0x0c,0x40,0x6f,
    0x0e,0x03,0x40,0x5f,0x0b,0x02,0x50,0x03,0x06,0x17,0x05,0x02,0x70,0x30,0x3f,0x0b,0xf0,0x50,0x3f,0x0b,0xf0,0x50,0x3f,0x0b,
    0xf0,0x50,0x3f,0x0b,0xf0,0x50,0x3f,0x0b,0xf0,0x50,0x3f,0x0b,0xf0,0x50,0x3f,0x0b,0xf0,0x50,0x3f,0x0b,0xf0,0x50,0x3f,0x0b,
    0xf0,0x50,0x3f,0x0b,0xf0,0x50,0x3f,0x0b,0xf0,0x50,0x3f,0x0b,0xf0,0x50,0x3f,0x0b,0x90,0x0b,0x3f,0x0d,0x02,0x40,0x3f,0x0b,
    0x80,0x0a,0x3f,0x0e,0x02,0x50,0x3f,0x0b,0x70,0x0a,0x3f,0x0e,0x03,0x60,0x3f,0x0b,0x60,0x09,0x3f,0x0e,0x03,0x70,0x3f,0x0b,
    0x50,0x08,0x4f,0x04,0x80,0x3f,0x0b,0x40,0x08,0x4f,0x04,0x90,0x3f,0x0b,0x30,0x07,0x4f,0x05,0xa0,0x3f,0x0b,0x20,0x07,0x4f,
    0x06,0xb0,0x3f,0x0b,0x10,0x06,0x4f,0x06,0xc0,0x3f,0x0b,0x00,0x05,0x4f,0x07,0xd0,0x3f,0x0b,0x03,0x0e,0x3f,0x08,0xe0,0x3f,
    0x0c,0x0d,0x4f,0x01,0xe0,0xaf,0x0b,0xe0,0xbf,0x07,0xd0,0x6f,0x0e,0x4f,0x04,0xc0,0x5f,0x0a,0x00,0x08,0x3f,0x0e,0x01,0xb0,
    0x4f,0x0a,0x20,0x0c,0x3f,0x0b,0xb0,0x4f,0x30,0x02,0x0e,0x3f,0x08,0xa0,0x3f,0x0b,0x40,0x04,0x4f,0x04,0x90,0x3f,0x0b,0x50,
    0x08,0x3f,0x0e,0x02,0x80,0x3f,0x0b,0x60,0x0b,0x3f,0x0c,0x80,0x3f,0x0b,0x60,0x01,0x0d,0x3f,0x08,0x70,0x3f,0x0b,0x70,0x04,
    0x4f,0x05,0x60,0x3f,0x0b,0x80,0x07,0x3f,0x0e,0x02,0x50,0x3f,0x0b,0x90,0x0a,0x3f,0x0c,0x50,0x3f,0x0b,0x90,0x01,0x0d,0x3f,
    0x09,0x40,0x3f,0x0b,0xa0,0x03,0x4f,0x05,0x30,0x3f,0x0b,0x70,0x3f,0x0b,0x70,0x3f,0x0b,0x70,0x3f,0x0b,0x70,0x3f,0x0b,0x70,
    0x3f,0x0b,0x70,0x3f,0x0b,0x70,0x3f,0x0b,0x70,0x3f,0x0b,0x70,0x3f,0x0b,0x70,0x3f,0x0b,0x70,0x3f,0x0b,0x70,0x3f,0x0b,0x70,
    0x3f,0x0b,0x70,0x3f,0x0b,0x70,0x3f,0x0b,0x70,0x3f,0x0b,0x70,0x3f,0x0b,0x70,0x3f,0x0b,0x70,0x3f,0x0b,0x70,0x3f,0x0b,0x70,
    0x3f,0x0b,0x70,0x3f,0x0b,0x70,0x3f,0x0b,0x70,0x3f,0x0b,0x70,0x3f,0x0b,0x70,0x3f,0x0b,0x70,0x3f,0x0b,0x70,0x3f,0x0b,0x70,
    0x3f,0x0b,0x70,0x3f,0x0b,0x70,0x3f,0x0b,0x70,0x3f,0x0b,0x70,0x3f,0x0b,0x70,0x3f,0x0b,0x70,0x3f,0x0b,0x70,0x3f,0x0b,0x70,
    0x3f,0x0b,0x70,0x3f,0x0b,0x30,0xc0,0x01,0x04,0x06,0x17,0x05,0x02,0x90,0x02,0x05,0x06,0x07,0x06,0x05,0x02,0xc0,0x3f,0x0b,
    0x10,0x03,0x0a,0x6f,0x0d,0x06,0x50,0x06,0x0c,0x6f,0x0d,0x06,0xa0,0x3f,0x0b,0x01,0x09,0xaf,0x0b,0x01,0x10,0x02,0x0b,0xaf,
    0x0b,0x01,0x80,0x3f,0x1b,0xcf,0x0c,0x00,0x02,0x0d,0xcf,0x0c,0x80,0x7f,0x0c,0x08,0x16,0x07,0x0b,0x5f,0x08,0x0d,0x2f,0x0d,
    0x08,0x16,0x07,0x0a,0x0e,0x4f,0x07,0x70,0x5f,0x0d,0x04,0x50,0x02,0x0c,0x7f,0x07,0x50,0x01,0x0b,0x3f,0x0e,0x70,0x4f,0x0e,
    0x02,0x70,0x01,0x0d,0x5f,0x05,0x70,0x01,0x0c,0x3f,0x04,0x60,0x4f,0x05,0x90,0x07,0x4f,0x0a,0x90,0x06,0x3f,0x07,0x60,0x4f,
    0xa0,0x03,0x4f,0x03,0x90,0x02,0x3f,0x09,0x60,0x4f,0xa0,0x01,0x4f,0xb0,0x3f,0x0a,0x60,0x3f,0x0e,0xb0,0x4f,0xb0,0x3f,0x0b,
    0x60,0x3f,0x0b,0xb0,0x4f,0xb0,0x3f,0x0b,0x60,0x3f,0x0b,0xb0,0x3f,0x0b,0xb0,0x3f,0x0b,0x60,0x3f,0x0b,0xb0,0x3f,0x0b,0xb0,
    0x3f,0x0b,0x60,0x3f,0x0b,0xb0,0x3f,0x0b,0xb0,0x3f,0x0b,0x60,0x3f,0x0b,0xb0,0x3f,0x0b,0xb0,0x3f,0x0b,0x60,0x3f,0x0b,0xb0,
    0x3f,0x0b,0xb0,0x3f,0x0b,0x60,0x3f,0x0b,0xb0,0x3f,0x0b,0xb0,0x3f,0x0b,0x60,0x3f,0x0b,0xb0,0x3f,0x0b,0xb0,0x3f,0x0b,0x60,
    0x3f,0x0b,0xb0,0x3f,0x0b,0xb0,0x3f,0x0b,0x60,0x3f,0x0b,0xb0,0x3f,0x0b,0xb0,0x3f,0x0b,0x60,0x3f,0x0b,0xb0,0x3f,0x0b,0xb0,
    0x3f,0x0b,0x60,0x3f,0x0b,0xb0,0x3f,0x0b,0xb0,0x3f,0x0b,0x60,0x3f,0x0b,0xb0,0x3f,0x0b,0xb0,0x3f,0x0b,0x60,0x3f,0x0b,0xb0,
    0x3f,0x0b,0xb0,0x3f,0x0b,0x60,0x3f,0x0b,0xb0,0x3f,0x0b,0xb0,0x3f,0x0b,0x60,0x3f,0x0b,0xb0,0x3f,0x0b,0xb0,0x3f,0x0b,0x60,
    0x3f,0x0b,0xb0,0x3f,0x0b,0xb0,0x3f,0x0b,0x20,0xd0,0x03,0x05,0x17,0x06,0x03,0xc0,0x3f,0x0b,0x10,0x01,0x08,0x0e,0x5f,0x0e,
    0x08,0x01,0x90,0x3f,0x0b,0x00,0x05,0x0e,0x9f,0x0d,0x02,0x80,0x3f,0x0b,0x06,0xcf,0x0d,0x01,0x70,0x8f,0x0a,0x07,0x06,0x07,
    0x09,0x0e,0x4f,0x08,0x70,0x6f,0x0b,0x02,0x40,0x01,0x0a,0x3f,0x0e,0x01,0x60,0x5f,0x09,0x80,0x0d,0x3f,0x04,0x60,0x4f,0x0b,
    0x90,0x06,0x3f,0x07,0x60,0x4f,0x02,0x90,0x02,0x3f,0x09,0x60,0x4f,0xa0,0x01,0x3f,0x0a,0x60,0x3f,0x0e,0xb0,0x3f,0x0b,0x60,
    0x3f,0x0b,0xb0,0x3f,0x0b,0x60,0x3f,0x0b,0xb0,0x3f,0x0b,0x60,0x3f,0x0b,0xb0,0x3f,0x0b,0x60,0x3f,0x0b,0xb0,0x3f,0x0b,0x60,
    0x3f,0x0b,0xb0,0x3f,0x0b,0x60,0x3f,0x0b,0xb0,0x3f,0x0b,0x60,0x3f,0x0b,0xb0,0x3f,0x0b,0x60,0x3f,0x0b,0xb0,0x3f,0x0b,0x60,
    0x3f,0x0b,0xb0,0x3f,0x0b,0x60,0x3f,0x0b,0xb0,0x3f,0x0b,0x60,0x3f,0x0b,0xb0,0x3f,0x0b,0x60,0x3f,0x0b,0xb0,0x3f,0x0b,0x60,
    0x3f,0x0b,0xb0,0x3f,0x0b,0x60,0x3f,0x0b,0xb0,0x3f,0x0b,0x60,0x3f,0x0b,0xb0,0x3f,0x0b,0x60,0x3f,0x0b,0xb0,0x3f,0x0b,0x60,
    0x3f,0x0b,0xb0,0x3f,0x0b,0x20,0xa0,0x03,0x05,0x27,0x05,0x02,0xf0,0x30,0x01,0x08,0x0e,0x6f,0x0d,0x08,0x01,0xf0,0x06,0x0e,
    0xaf,0x0e,0x06,0xd0,0x09,0xef,0x09,0xb0,0x0a,0x4f,0x0e,0x0a,0x07,0x06,0x07,0x0a,0x0e,0x4f,0x0a,0x90,0x06,0x4f,0x09,0x01,
    0x40,0x01,0x09,0x4f,0x06,0x70,0x02,0x0e,0x3f,0x06,0x80,0x06,0x3f,0x0e,0x02,0x60,0x08,0x3f,0x08,0xa0,0x09,0x3f,0x08,0x50,
    0x01,0x0e,0x2f,0x0e,0x01,0xa0,0x01,0x0e,0x2f,0x0e,0x01,0x40,0x05,0x3f,0x08,0xc0,0x08,0x3f,0x05,0x40,0x08,0x3f,0x03,0xc0,
    0x03,0x3f,0x08,0x40,0x0c,0x3f,0xe0,0x3f,0x0c,0x40,0x0d,0x2f,0x0c,0xe0,0x0c,0x2f,0x0d,0x40,0x0e,0x2f,0x0b,0xe0,0x0b,0x2f,
    0x0e,0x40,0x3f,0x0b,0xe0,0x0b,0x3f,0x40,0x0e,0x2f,0x0b,0xe0,0x0b,0x2f,0x0e,0x40,0x0d,0x2f,0x0c,0xe0,0x0c,0x2f,0x0d,0x40,
    0x0c,0x2f,0x0e,0xe0,0x0e,0x2f,0x0c,0x40,0x09,0x3f,0x03,0xc0,0x03,0x3f,0x08,0x40,0x05,0x3f,0x08,0xc0,0x08,0x3f,0x05,0x40,
    0x01,0x0e,0x2f,0x0d,0x01,0xa0,0x01,0x0e,0x2f,0x0e,0x01,0x50,0x08,0x3f,0x08,0xa0,0x08,0x3f,0x08,0x60,0x02,0x0e,0x3f,0x05,
    0x80,0x05,0x3f,0x0e,0x02,0x70,0x06,0x4f,0x08,0x01,0x40,0x01,0x08,0x4f,0x06,0x90,0x0a,0x4f,0x0e,0x0a,0x07,0x06,0x07,0x09,
    0x0e,0x4f,0x0a,0xb0,0x09,0xef,0x09,0xd0,0x06,0x0e,0xaf,0x0e,0x06,0xf0,0x01,0x08,0x0e,0x6f,0x0e,0x08,0x01,0xf0,0x30,0x03,
    0x05,0x27,0x05,0x03,0xb0,0xc0,0x02,0x05,0x06,0x07,0x06,0x04,0x01,0xc0,0x3f,0x05,0x10,0x06,0x0c,0x5f,0x0e,0x0a,0x02,0xa0,
    0x3f,0x06,0x02,0x0c,0xaf,0x07,0x90,0x3f,0x09,0x0d,0xcf,0x08,0x80,0x7f,0x0c,0x08,0x16,0x08,0x0d,0x5f,0x06,0x70,0x5f,0x0c,
    0x03,0x50,0x05,0x0e,0x3f,0x0e,0x01,0x60,0x4f,0x0c,0x01,0x70,0x02,0x0e,0x3f,0x08,0x60,0x4f,0x02,0x90,0x05,0x3f,0x0d,0x60,
    0x4f,0xb0,0x0c,0x3f,0x04,0x50,0x3f,0x0c,0xb0,0x06,0x3f,0x07,0x50,0x3f,0x0b,0xb0,0x02,0x3f,0x0a,0x50,0x3f,0x0b,0xc0,0x0e,
    0x2f,0x0c,0x50,0x3f,0x0b,0xc0,0x0c,0x2f,0x0d,0x50,0x3f,0x0b,0xc0,0x0b,0x2f,0x0e,0x50,0x3f,0x0b,0xc0,0x0b,0x3f,0x50,0x3f,
    0x0b,0xc0,0x0b,0x2f,0x0e,0x50,0x3f,0x0b,0xc0,0x0c,0x2f,0x0d,0x50,0x3f,0x0b,0xc0,0x0e,0x2f,0x0c,0x50,0x3f,0x0b,0xb0,0x02,
    0x3f,0x0a,0x50,0x3f,0x0b,0xb0,0x06,0x3f,0x07,0x50,0x4f,0xb0,0x0c,0x3f,0x03,0x50,0x4f,0x02,0x90,0x05,0x3f,0x0d,0x60,0x4f,
    0x0c,0x01,0x70,0x02,0x0e,0x3f,0x07,0x60,0x5f,0x0d,0x03,0x50,0x05,0x0e,0x3f,0x0d,0x70,0x7f,0x0c,0x08,0x16,0x08,0x0c,0x5f,
    0x04,0x70,0x3f,0x1e,0xcf,0x07,0x80,0x3f,0x0b,0x03,0x0d,0x9f,0x0e,0x06,0x90,0x3f,0x0b,0x10,0x07,0x0d,0x6f,0x0a,0x02,0xa0,
    0x3f,0x0b,0x30,0x02,0x05,0x06,0x17,0x04,0x01,0xc0,0x3f,0x0b,0xf0,0x70,0x3f,0x0b,0xf0,0x70,0x3f,0x0b,0xf0,0x70,0x3f,0x0b,
    0xf0,0x70,0x3f,0x0b,0xf0,0x70,0x3f,0x0b,0xf0,0x70,0x3f,0x0b,0xf0,0x70,0x3f,0x0b,0xf0,0x70,0x3f,0x0b,0xf0,0x70,0x3f,0x0b,
    0xf0,0x30,0x90,0x04,0x05,0x17,0x05,0x03,0xf0,0x40,0x01,0x08,0x0e,0x5f,0x0d,0x08,0x01,0x00,0x05,0x3f,0xa0,0x05,0x0e,0x9f,
    0x0d,0x04,0x06,0x3f,0x90,0x05,0xcf,0x0e,0x0b,0x3f,0x80,0x04,0x5f,0x0d,0x08,0x16,0x08,0x0c,0x7f,0x80,0x0d,0x3f,0x0e,0x05,
    0x50,0x03,0x0c,0x5f,0x70,0x07,0x3f,0x0e,0x03,0x70,0x01,0x0b,0x4f,0x70,0x0c,0x3f,0x05,0x90,0x01,0x4f,0x60,0x03,0x3f,0x0c,
    0xb0,0x4f,0x60,0x07,0x3f,0x07,0xb0,0x0b,0x3f,0x60,0x0a,0x3f,0x02,0xb0,0x0b,0x3f,0x60,0x0c,0x2f,0x0e,0xc0,0x0b,0x3f,0x60,
    0x0d,0x2f,0x0c,0xc0,0x0b,0x3f,0x60,0x0e,0x2f,0x0b,0xc0,0x0b,0x3f,0x60,0x3f,0x0b,0xc0,0x0b,0x3f,0x60,0x0e,0x2f,0x0b,0xc0,
    0x0b,0x3f,0x60,0x0d,0x2f,0x0c,0xc0,0x0b,0x3f,0x60,0x0c,0x2f,0x0e,0xc0,0x0b,0x3f,0x60,0x0a,0x3f,0x02,0xb0,0x0b,0x3f,0x60,
    0x06,0x3f,0x06,0xb0,0x0b,0x3f,0x60,0x03,0x3f,0x0c,0xb0,0x4f,0x70,0x0c,0x3f,0x05,0x90,0x02,0x4f,0x70,0x06,0x3f,0x0e,0x02,
    0x70,0x01,0x0c,0x4f,0x80,0x0c,0x3f,0x0e,0x05,0x50,0x03,0x0d,0x5f,0x80,0x03,0x0e,0x4f,0x0c,0x08,0x16,0x08,0x0c,0x7f,0x90,
    0x04,0xff,0x2f,0xa0,0x04,0x0d,0x9f,0x0d,0x04,0x0b,0x3f,0xb0,0x01,0x08,0x0e,0x5f,0x0d,0x08,0x01,0x00,0x0b,0x3f,0xe0,0x04,
    0x06,0x17,0x05,0x03,0x30,0x0b,0x3f,0xf0,0x80,0x0b,0x3f,0xf0,0x80,0x0b,0x3f,0xf0,0x80,0x0b,0x3f,0xf0,0x80,0x0b,0x3f,0xf0,
    0x80,0x0b,0x3f,0xf0,0x80,0x0b,0x3f,0xf0,0x80,0x0b,0x3f,0xf0,0x80,0x0b,0x3f,0xf0,0x80,0x0b,0x3f,0xf0,0x80,0x0b,0x3f,0x40,
    0xb0,0x01,0x04,0x06,0x07,0x05,0x40,0x3f,0x0b,0x00,0x01,0x08,0x0e,0x3f,0x40,0x3f,0x0b,0x01,0x0c,0x5f,0x40,0x3f,0x1b,0x6f,
    0x40,0xcf,0x40,0x7f,0x0d,0x09,0x18,0x09,0x40,0x5f,0x0c,0x04,0x90,0x4f,0x0c,0x01,0xa0,0x4f,0x02,0xb0,0x4f,0xc0,0x4f,0xc0,
    0x3f,0x0c,0xc0,0x3f,0x0b,0xc0,0x3f,0x0b,0xc0,0x3f,0x0b,0xc0,0x3f,0x0b,0xc0,0x3f,0x0b,0xc0,0x3f,0x0b,0xc0,0x3f,0x0b,0xc0,
    0x3f,0x0b,0xc0,0x3f,0x0b,0xc0,0x3f,0x0b,0xc0,0x3f,0x0b,0xc0,0x3f,0x0b,0xc0,0x3f,0x0b,0xc0,0x3f,0x0b,0xc0,0x3f,0x0b,0xc0,
    0x3f,0x0b,0x80,0x90,0x03,0x06,0x27,0x05,0x02,0xf0,0x00,0x03,0x0a,0x7f,0x0d,0x07,0x01,0xb0,0x01,0x09,0xbf,0x0e,0x05,0x90,
    0x01,0x0c,0xef,0x06,0x80,0x0b,0x4f,0x0c,0x08,0x16,0x07,0x0b,0x5f,0x04,0x60,0x05,0x3f,0x0e,0x04,0x50,0x03,0x0d,0x3f,0x0d,
    0x60,0x0a,0x3f,0x04,0x70,0x01,0x0d,0x3f,0x04,0x50,0x0e,0x2f,0x0d,0x90,0x05,0x3f,0x08,0x50,0x3f,0x0b,0x90,0x01,0x3f,0x0a,
    0x50,0x0d,0x2f,0x0e,0xf0,0x50,0x09,0x3f,0x0a,0x01,0xf0,0x30,0x03,0x4f,0x0e,0x08,0x03,0xf0,0x20,0x06,0x6f,0x0e,0x0a,0x06,
    0x03,0xf0,0x05,0x0e,0x8f,0x0d,0x09,0x03,0xd0,0x01,0x07,0x0d,0x9f,0x0c,0x04,0xe0,0x04,0x08,0x0c,0x8f,0x09,0xf0,0x00,0x01,
    0x04,0x07,0x0c,0x5f,0x0a,0xf0,0x30,0x02,0x0a,0x4f,0x04,0xf0,0x40,0x08,0x3f,0x0b,0x40,0x35,0x04,0xb0,0x0e,0x2f,0x0e,0x40,
    0x0e,0x2f,0x0c,0xb0,0x0b,0x3f,0x40,0x0b,0x3f,0x01,0xa0,0x0c,0x2f,0x0d,0x40,0x06,0x3f,0x0a,0x90,0x04,0x3f,0x0a,0x40,0x01,
    0x0d,0x3f,0x0b,0x02,0x60,0x05,0x0e,0x3f,0x05,0x50,0x04,0x5f,0x0c,0x08,0x16,0x07,0x09,0x0d,0x4f,0x0b,0x70,0x05,0xff,0x0c,
    0x01,0x80,0x03,0x0d,0xcf,0x09,0x01,0xb0,0x06,0x0c,0x7f,0x0e,0x09,0x03,0xf0,0x01,0x04,0x06,0x17,0x06,0x05,0x03,0x90,0x50,
    0x3f,0x0b,0xb0,0x3f,0x0b,0xb0,0x3f,0x0b,0xb0,0x3f,0x0b,0xb0,0x3f,0x0b,0xb0,0x3f,0x0b,0xb0,0x3f,0x0b,0x60,0xef,0x10,0xef,
    0x10,0xef,0x10,0x4d,0x4f,0x4d,0x60,0x3f,0x0b,0xb0,0x3f,0x0b,0xb0,0x3f,0x0b,0xb0,0x3f,0x0b,0xb0,0x3f,0x0b,0xb0,0x3f,0x0b,
    0xb0,0x3f,0x0b,0xb0,0x3f,0x0b,0xb0,0x3f,0x0b,0xb0,0x3f,0x0b,0xb0,0x3f,0x0b,0xb0,0x3f,0x0b,0xb0,0x3f,0x0b,0xb0,0x3f,0x0b,
    0xb0,0x3f,0x0b,0xb0,0x3f,0x0b,0xb0,0x3f,0x0b,0xb0,0x0e,0x2f,0x0c,0xb0,0x0c,0x3f,0x03,0xa0,0x08,0x3f,0x0e,0x08,0x16,0x08,
    0x01,0x50,0x02,0x8f,0x02,0x60,0x06,0x7f,0x02,0x70,0x05,0x0d,0x5f,0x02,0x90,0x04,0x06,0x17,0x05,0x02,0x00,0x20,0x3f,0x0b,
    0xb0,0x3f,0x0b,0x60,0x3f,0x0b,0xb0,0x3f,0x0b,0x60,0x3f,0x0b,0xb0,0x3f,0x0b,0x60,0x3f,0x0b,0xb0,0x3f,0x0b,0x60,0x3f,0x0b,
    0xb0,0x3f,0x0b,0x60,0x3f,0x0b,0xb0,0x3f,0x0b,0x60,0x3f,0x0b,0xb0,0x3f,0x0b,0x60,0x3f,0x0b,0xb0,0x3f,0x0b,0x60,0x3f,0x0b,
    0xb0,0x3f,0x0b,0x60,0x3f,0x0b,0xb0,0x3f,0x0b,0x60,0x3f,0x0b,0xb0,0x3f,0x0b,0x60,0x3f,0x0b,0xb0,0x3f,0x0b,0x60,0x3f,0x0b,
    0xb0,0x3f,0x0b,0x60,0x3f,0x0b,0xb0,0x3f,0x0b,0x60,0x3f,0x0b,0xb0,0x3f,0x0b,0x60,0x3f,0x0b,0xb0,0x3f,0x0b,0x60,0x3f,0x0b,
    0xb0,0x3f,0x0b,0x60,0x3f,0x0b,0xb0,0x3f,0x0b,0x60,0x0e,0x2f,0x0b,0xb0,0x3f,0x0b,0x60,0x0d,0x2f,0x0d,0xa0,0x02,0x3f,0x0b,
    0x60,0x0b,0x3f,0x02,0x90,0x0a,0x3f,0x0b,0x60,0x07,0x3f,0x09,0x80,0x06,0x4f,0x0b,0x60,0x02,0x4f,0x06,0x50,0x01,0x09,0x5f,
    0x0b,0x70,0x0a,0x4f,0x0c,0x07,0x16,0x07,0x0a,0x0e,0x6f,0x0b,0x70,0x02,0x0e,0xcf,0x0c,0x3f,0x0b,0x80,0x03,0x0d,0xaf,0x0a,
    0x01,0x3f,0x0b,0x90,0x01,0x08,0x0e,0x6f,0x0b,0x04,0x10,0x3f,0x0b,0xc0,0x03,0x06,0x17,0x06,0x04,0x01,0xc0,0x00,0x0e,0x2f,
    0x0c,0xc0,0x0b,0x3f,0x01,0x00,0x09,0x3f,0x02,0xa0,0x01,0x3f,0x0b,0x10,0x04,0x3f,0x07,0xa0,0x06,0x3f,0x05,0x20,0x0d,0x2f,
    0x0d,0xa0,0x0b,0x2f,0x0e,0x30,0x08,0x3f,0x03,0x80,0x01,0x3f,0x09,0x30,0x02,0x3f,0x08,0x80,0x05,0x3f,0x04,0x40,0x0b,0x2f,
    0x0d,0x80,0x0a,0x2f,0x0d,0x50,0x06,0x3f,0x03,0x60,0x01,0x3f,0x08,0x50,0x01,0x3f,0x08,0x60,0x05,0x3f,0x02,0x60,0x0a,0x2f,
    0x0d,0x60,0x0a,0x2f,0x0c,0x70,0x04,0x3f,0x03,0x40,0x01,0x0e,0x2f,0x06,0x80,0x0e,0x2f,0x08,0x40,0x05,0x3f,0x01,0x80,0x08,
    0x2f,0x0d,0x40,0x0a,0x2f,0x0a,0x90,0x03,0x3f,0x03,0x20,0x01,0x0e,0x2f,0x05,0xa0,0x0c,0x2f,0x08,0x20,0x05,0x2f,0x0e,0xb0,
    0x07,0x2f,0x0d,0x20,0x0a,0x2f,0x09,0xb0,0x01,0x3f,0x03,0x10,0x0e,0x2f,0x03,0xc0,0x0b,0x2f,0x08,0x00,0x05,0x2f,0x0d,0xd0,
    0x05,0x2f,0x0d,0x00,0x0a,0x2f,0x07,0xe0,0x0e,0x2f,0x04,0x0e,0x2f,0x02,0xe0,0x09,0x2f,0x0d,0x2f,0x0b,0xf0,0x03,0x6f,0x06,
    0xf0,0x00,0x0d,0x4f,0x0e,0x01,0xf0,0x00,0x07,0x4f,0x0a,0xf0,0x10,0x02,0x4f,0x04,0xf0,0x20,0x0b,0x2f,0x0e,0xf0,0x30,0x06,
    0x2f,0x08,0x90,0x00,0x0b,0x2f,0x0e,0xa0,0x09,0x2f,0x08,0xa0,0x0e,0x2f,0x0b,0x10,0x07,0x3f,0x03,0x90,0x0d,0x2f,0x0d,0x90,
    0x03,0x3f,0x06,0x10,0x03,0x3f,0x07,0x80,0x03,0x4f,0x02,0x80,0x07,0x3f,0x02,0x20,0x0d,0x2f,0x0b,0x80,0x08,0x4f,0x07,0x80,
    0x0b,0x2f,0x0c,0x30,0x09,0x3f,0x80,0x0d,0x4f,0x0c,0x80,0x0e,0x2f,0x08,0x30,0x04,0x3f,0x04,0x60,0x02,0x6f,0x02,0x60,0x03,
    0x3f,0x04,0x40,0x0e,0x2f,0x08,0x60,0x07,0x6f,0x06,0x60,0x07,0x2f,0x0e,0x50,0x0a,0x2f,0x0c,0x60,0x0c,0x2f,0x06,0x2f,0x0b,
    0x60,0x0b,0x2f,0x0a,0x50,0x06,0x3f,0x01,0x40,0x02,0x2f,0x0c,0x00,0x0e,0x2f,0x01,0x50,0x3f,0x05,0x50,0x02,0x3f,0x05,0x40,
    0x06,0x2f,0x07,0x00,0x0a,0x2f,0x06,0x40,0x04,0x3f,0x01,0x60,0x0c,0x2f,0x09,0x40,0x0b,0x2f,0x02,0x00,0x05,0x2f,0x0a,0x40,
    0x08,0x2f,0x0b,0x70,0x08,0x2f,0x0d,0x30,0x01,0x2f,0x0c,0x20,0x0e,0x2f,0x01,0x30,0x0c,0x2f,0x07,0x70,0x03,0x3f,0x02,0x20,
    0x06,0x2f,0x08,0x20,0x0a,0x2f,0x05,0x20,0x01,0x3f,0x03,0x80,0x0e,0x2f,0x06,0x20,0x0b,0x2f,0x03,0x20,0x05,0x2f,0x0a,0x20,
    0x04,0x2f,0x0d,0x90,0x09,0x2f,0x0a,0x10,0x01,0x2f,0x0d,0x30,0x01,0x0e,0x1f,0x0e,0x20,0x08,0x2f,0x09,0x90,0x05,0x2f,0x0e,
    0x10,0x05,0x2f,0x08,0x40,0x0a,0x2f,0x04,0x10,0x0c,0x2f,0x04,0x90,0x01,0x3f,0x03,0x00,0x0a,0x2f,0x04,0x40,0x05,0x2f,0x09,
    0x00,0x01,0x2f,0x0e,0xb0,0x0b,0x2f,0x07,0x00,0x0e,0x1f,0x0e,0x50,0x01,0x2f,0x0e,0x00,0x05,0x2f,0x0a,0xb0,0x07,0x2f,0x0b,
    0x04,0x2f,0x09,0x60,0x0b,0x2f,0x03,0x09,0x2f,0x06,0xb0,0x02,0x3f,0x0a,0x2f,0x04,0x60,0x06,0x2f,0x08,0x0d,0x2f,0x02,0xc0,
    0x0d,0x5f,0x0e,0x70,0x01,0x2f,0x0e,0x2f,0x0c,0xd0,0x08,0x5f,0x0a,0x80,0x0b,0x5f,0x08,0xd0,0x04,0x5f,0x05,0x80,0x06,0x5f,
    0x03,0xe0,0x0e,0x4f,0x01,0x80,0x01,0x4f,0x0e,0xf0,0x0a,0x3f,0x0a,0xa0,0x0b,0x3f,0x09,0xf0,0x06,0x3f,0x06,0xa0,0x06,0x3f,
    0x05,0xf0,0x01,0x3f,0x01,0xa0,0x01,0x3f,0x01,0x70,0x00,0x05,0x3f,0x0e,0x02,0x90,0x07,0x3f,0x0e,0x02,0x20,0x0a,0x3f,0x0a,
    0x80,0x02,0x0e,0x3f,0x05,0x30,0x01,0x0e,0x3f,0x04,0x70,0x0a,0x3f,0x0a,0x50,0x05,0x3f,0x0d,0x60,0x05,0x3f,0x0e,0x01,0x60,
    0x09,0x3f,0x08,0x40,0x01,0x0d,0x3f,0x05,0x70,0x01,0x0d,0x3f,0x02,0x30,0x08,0x3f,0x0a,0x90,0x04,0x3f,0x0b,0x20,0x03,0x3f,
    0x0e,0x01,0xa0,0x09,0x3f,0x05,0x10,0x0c,0x3f,0x05,0xb0,0x01,0x0d,0x2f,0x0d,0x01,0x06,0x3f,0x0a,0xd0,0x04,0x3f,0x0a,0x0e,
    0x2f,0x0e,0x01,0xe0,0x09,0x7f,0x04,0xf0,0x01,0x0d,0x5f,0x09,0xf0,0x10,0x04,0x4f,0x0d,0x01,0xf0,0x20,0x0d,0x3f,0x09,0xf0,
    0x20,0x07,0x5f,0x03,0xf0,0x00,0x03,0x6f,0x0d,0xf0,0x00,0x0c,0x7f,0x08,0xe0,0x08,0x3f,0x07,0x0b,0x3f,0x03,0xc0,0x03,0x3f,
    0x0d,0x00,0x02,0x3f,0x0d,0x01,0xb0,0x0d,0x3f,0x04,0x10,0x07,0x3f,0x09,0xa0,0x08,0x3f,0x09,0x30,0x0d,0x3f,0x04,0x80,0x03,
    0x3f,0x0e,0x01,0x30,0x03,0x3f,0x0d,0x01,0x60,0x01,0x0d,0x3f,0x05,0x50,0x09,0x3f,0x09,0x60,0x09,0x3f,0x0b,0x60,0x01,0x0e,
    0x3f,0x04,0x40,0x04,0x3f,0x0e,0x02,0x70,0x05,0x3f,0x0d,0x01,0x20,0x01,0x0d,0x3f,0x07,0x90,0x0b,0x3f,0x0a,0x20,0x09,0x3f,
    0x0c,0xa0,0x02,0x0e,0x3f,0x05,0x00,0x04,0x3f,0x0d,0xb0,0x03,0x3f,0x0c,0x10,0x0d,0x3f,0x03,0xa0,0x08,0x3f,0x07,0x10,0x08,
    0x3f,0x08,0xa0,0x0d,0x3f,0x02,0x10,0x03,0x3f,0x0d,0x90,0x02,0x3f,0x0b,0x30,0x0c,0x3f,0x03,0x80,0x07,0x3f,0x06,0x30,0x07,
    0x3f,0x08,0x80,0x0b,0x3f,0x01,0x30,0x02,0x3f,0x0d,0x70,0x01,0x3f,0x0b,0x50,0x0b,0x3f,0x03,0x60,0x06,0x3f,0x05,0x50,0x06,
    0x3f,0x08,0x60,0x0a,0x2f,0x0e,0x01,0x50,0x01,0x3f,0x0d,0x50,0x01,0x0e,0x2f,0x0a,0x70,0x0a,0x3f,0x03,0x40,0x05,0x3f,0x05,
    0x70,0x05,0x3f,0x08,0x40,0x09,0x2f,0x0e,0x90,0x0e,0x2f,0x0d,0x40,0x0e,0x2f,0x09,0x90,0x09,0x3f,0x03,0x20,0x03,0x3f,0x04,
    0x90,0x04,0x3f,0x08,0x20,0x08,0x2f,0x0e,0xb0,0x0d,0x2f,0x0d,0x20,0x0d,0x2f,0x09,0xb0,0x08,0x3f,0x03,0x00,0x02,0x3f,0x03,
    0xb0,0x02,0x3f,0x08,0x00,0x07,0x2f,0x0d,0xd0,0x0c,0x2f,0x0d,0x00,0x0c,0x2f,0x08,0xd0,0x07,0x3f,0x04,0x3f,0x03,0xd0,0x01,
    0x3f,0x0e,0x2f,0x0d,0xf0,0x0b,0x6f,0x07,0xf0,0x05,0x6f,0x02,0xf0,0x01,0x0e,0x4f,0x0c,0xf0,0x10,0x0a,0x4f,0x07,0xf0,0x10,
    0x04,0x4f,0x02,0xf0,0x20,0x3f,0x0b,0xf0,0x30,0x3f,0x06,0xf0,0x20,0x01,0x3f,0x01,0xf0,0x20,0x06,0x2f,0x0b,0xf0,0x30,0x0c,
    0x2f,0x05,0xf0,0x20,0x03,0x2f,0x0e,0x01,0xf0,0x20,0x0c,0x2f,0x08,0xf0,0x10,0x01,0x0a,0x3f,0x02,0xd0,0x05,0x06,0x07,0x09,
    0x0e,0x3f,0x08,0xe0,0x0d,0x6f,0x0c,0x01,0xe0,0x0d,0x5f,0x0c,0x01,0xf0,0x0d,0x3f,0x0e,0x08,0x01,0xf0,0x00,0x03,0x06,0x17,
    0x05,0x01,0xf0,0x00,0x10,0xff,0x4f,0x03,0x30,0xff,0x4f,0x03,0x30,0xff,0x4f,0x03,0x30,0xed,0x4f,0x0e,0x01,0xf0,0x10,0x05,
    0x4f,0x05,0xf0,0x10,0x03,0x0e,0x3f,0x08,0xf0,0x10,0x01,0x0d,0x3f,0x0b,0xf0,0x20,0x0a,0x3f,0x0e,0x01,0xf0,0x10,0x07,0x4f,
    0x04,0xf0,0x10,0x03,0x4f,0x07,0xf0,0x10,0x01,0x0d,0x3f,0x0a,0xf0,0x20,0x0b,0x3f,0x0d,0x01,0xf0,0x10,0x08,0x4f,0x03,0xf0,
    0x10,0x04,0x4f,0x06,0xf0,0x10,0x02,0x0e,0x3f,0x0a,0xf0,0x20,0x0c,0x3f,0x0c,0x01,0xf0,0x10,0x09,0x3f,0x0e,0x02,0xf0,0x10,
    0x05,0x4f,0x05,0xf0,0x10,0x02,0x0e,0x3f,0x09,0xf0,0x10,0x01,0x0d,0x3f,0x0c,0xf0,0x20,0x0a,0x3f,0x0e,0x02,0xf0,0x10,0x06,
    0x4f,0x04,0xf0,0x10,0x03,0x4f,0x08,0xf0,0x20,0x0d,0x4f,0xfd,0x30,0xff,0x5f,0x30,0xff,0x5f,0x30,0xff,0x5f,0x10,0xd0,0x01,
    0x05,0x01,0xc0,0x02,0x09,0x1f,0x05,0xb0,0x07,0x3f,0x0b,0xa0,0x0a,0x3f,0x0e,0x08,0x90,0x09,0x3f,0x0a,0x01,0x90,0x05,0x3f,
    0x0a,0xb0,0x0d,0x2f,0x0e,0x01,0xa0,0x03,0x3f,0x08,0xb0,0x07,0x3f,0x03,0xb0,0x0b,0x3f,0xc0,0x0d,0x2f,0x0c,0xc0,0x0e,0x2f,
    0x0b,0xc0,0x3f,0x0b,0xc0,0x3f,0x0b,0xc0,0x3f,0x0b,0xc0,0x3f,0x0b,0xc0,0x3f,0x0b,0xc0,0x3f,0x0b,0xb0,0x01,0x3f,0x0a,0xb0,
    0x03,0x3f,0x08,0xb0,0x08,0x3f,0x05,0xa0,0x01,0x0e,0x3f,0x01,0x90,0x02,0x0c,0x3f,0x09,0x70,0x03,0x08,0x0b,0x4f,0x0e,0x01,
    0x70,0x0e,0x5f,0x0e,0x03,0x80,0x6f,0x02,0x90,0x6f,0x0c,0x02,0x80,0x04,0x09,0x0c,0x4f,0x0c,0x01,0xa0,0x03,0x0d,0x3f,0x08,
    0xb0,0x02,0x0e,0x2f,0x0e,0x01,0xb0,0x08,0x3f,0x05,0xb0,0x04,0x3f,0x08,0xb0,0x01,0x3f,0x0a,0xc0,0x3f,0x0a,0xc0,0x3f,0x0b,
    0xc0,0x3f,0x0b,0xc0,0x3f,0x0b,0xc0,0x3f,0x0b,0xc0,0x3f,0x0b,0xc0,0x0e,0x2f,0x0b,0xc0,0x0d,0x2f,0x0c,0xc0,0x0b,0x3f,0xc0,
    0x08,0x3f,0x03,0xb0,0x04,0x3f,0x08,0xc0,0x0d,0x2f,0x0e,0x01,0xb0,0x05,0x3f,0x0b,0xc0,0x0a,0x3f,0x0b,0x01,0xb0,0x0b,0x3f,
    0x0e,0x08,0xb0,0x08,0x3f,0x0b,0xc0,0x03,0x0a,0x1f,0x06,0xe0,0x02,0x06,0x01,0x00,0x30,0x3f,0x80,0x3f,0x80,0x3f,0x80,0x3f,
    0x80,0x3f,0x80,0x3f,0x80,0x3f,0x80,0x3f,0x80,0x3f,0x80,0x3f,0x80,0x3f,0x80,0x3f,0x80,0x3f,0x80,0x3f,0x80,0x3f,0x80,0x3f,
    0x80,0x3f,0x80,0x3f,0x80,0x3f,0x80,0x3f,0x80,0x3f,0x80,0x3f,0x80,0x3f,0x80,0x3f,0x80,0x3f,0x80,0x3f,0x80,0x3f,0x80,0x3f,
    0x80,0x3f,0x80,0x3f,0x80,0x3f,0x80,0x3f,0x80,0x3f,0x80,0x3f,0x80,0x3f,0x80,0x3f,0x80,0x3f,0x80,0x3f,0x80,0x3f,0x80,0x3f,
    0x80,0x3f,0x80,0x3f,0x80,0x3f,0x80,0x3f,0x40,0x00,0x07,0x0b,0x05,0xe0,0x0c,0x1f,0x0e,0x06,0xb0,0x02,0x4f,0x0b,0x01,0xa0,
    0x04,0x0b,0x3f,0x0c,0x01,0xb0,0x08,0x3f,0x0a,0xc0,0x0a,0x3f,0x04,0xb0,0x01,0x3f,0x0b,0xc0,0x0a,0x3f,0x01,0xb0,0x06,0x3f,
    0x05,0xb0,0x03,0x3f,0x08,0xb0,0x01,0x3f,0x09,0xc0,0x3f,0x0a,0xc0,0x3f,0x0b,0xc0,0x3f,0x0b,0xc0,0x3f,0x0b,0xc0,0x3f,0x0b,
    0xc0,0x3f,0x0b,0xc0,0x3f,0x0b,0xc0,0x0e,0x2f,0x0c,0xc0,0x0b,0x3f,0x01,0xb0,0x07,0x3f,0x06,0xb0,0x01,0x0e,0x2f,0x0e,0x02,
    0xb0,0x07,0x3f,0x0e,0x06,0x01,0xa0,0x09,0x5f,0x0e,0xa0,0x06,0x0e,0x4f,0xa0,0x06,0x0e,0x4f,0x90,0x09,0x4f,0x0e,0x0d,0x80,
    0x07,0x3f,0x0d,0x04,0x90,0x01,0x3f,0x0d,0x01,0xa0,0x07,0x3f,0x05,0xb0,0x0b,0x3f,0xc0,0x0e,0x2f,0x0c,0xc0,0x3f,0x0b,0xc0,
    0x3f,0x0b,0xc0,0x3f,0x0b,0xc0,0x3f,0x0b,0xc0,0x3f,0x0b,0xc0,0x3f,0x0b,0xc0,0x3f,0x0a,0xb0,0x01,0x3f,0x09,0xb0,0x03,0x3f,
    0x08,0xb0,0x06,0x3f,0x04,0xb0,0x0b,0x3f,0x01,0xa0,0x02,0x3f,0x0b,0xb0,0x0b,0x3f,0x04,0xa0,0x0a,0x3f,0x09,0x90,0x06,0x0d,
    0x3f,0x0b,0x90,0x02,0x4f,0x0a,0x01,0xa0,0x0c,0x1f,0x0d,0x05,0xc0,0x06,0x0a,0x04,0xd0,0x60,0x02,0x07,0x0c,0x1e,0x0d,0x0a,
    0x05,0xc0,0x36,0x80,0x06,0x0e,0x6f,0x0c,0x03,0x90,0x01,0x2f,0x0e,0x70,0x08,0xaf,0x07,0x80,0x04,0x2f,0x0c,0x60,0x05,0x5f,
    0x1e,0x4f,0x0a,0x01,0x60,0x09,0x2f,0x09,0x60,0x0d,0x3f,0x09,0x01,0x10,0x04,0x0c,0x3f,0x0c,0x02,0x40,0x03,0x3f,0x04,0x50,
    0x05,0x3f,0x0a,0x50,0x09,0x3f,0x0e,0x06,0x01,0x10,0x05,0x0e,0x2f,0x0d,0x60,0x0a,0x3f,0x02,0x60,0x07,0x5f,0x0d,0x5f,0x04,
    0x60,0x0d,0x2f,0x0d,0x80,0x05,0x0e,0x9f,0x07,0x70,0x0e,0x2f,0x0b,0x90,0x02,0x0b,0x6f,0x0e,0x06,0x80,0x33,0x02,0xb0,0x04,
    0x0a,0x0d,0x1e,0x0c,0x08,0x02,0xf0,0xf0,0xf0,0xf0,0xf0,0xf0,0xf0,0xf0,0xf0,0xf0,0xf0,0xf0,0xf0,0xf0,0xf0,0xf0,0xf0,0xf0,
    0xf0,0xf0,0xf0,0xf0,0x40,0x40,0x03,0x16,0x03,0x70,0x06,0x3f,0x06,0x60,0x0e,0x3f,0x0e,0x60,0x0d,0x3f,0x0d,0x60,0x06,0x3f,
    0x06,0x70,0x03,0x16,0x03,0xf0,0xf0,0xf0,0xf0,0x80,0x0b,0x3f,0x70,0x0b,0x3f,0x70,0x0b,0x3f,0x70,0x0b,0x3f,0x70,0x0b,0x3f,
    0x70,0x0b,0x3f,0x70,0x0b,0x3f,0x70,0x0b,0x3f,0x70,0x0b,0x3f,0x70,0x0b,0x3f,0x70,0x0b,0x3f,0x70,0x0b,0x3f,0x70,0x0b,0x3f,
    0x70,0x0b,0x3f,0x70,0x0b,0x3f,0x70,0x0b,0x3f,0x70,0x0b,0x3f,0x70,0x0b,0x3f,0x70,0x0b,0x3f,0x70,0x0b,0x3f,0x70,0x0b,0x3f,
    0x70,0x0b,0x3f,0x70,0x0b,0x3f,0x70,0x0b,0x3f,0x70,0x0b,0x3f,0x70,0x0b,0x3f,0x70,0x0b,0x3f,0x30,0xb0,0x05,0x38,0xf0,0x60,
    0x0b,0x3f,0xf0,0x60,0x0b,0x3f,0xf0,0x60,0x0b,0x3f,0xf0,0x60,0x0b,0x3f,0xf0,0x60,0x0b,0x3f,0xf0,0x50,0x01,0x0e,0x3f,0x04,
    0x01,0xf0,0x10,0x03,0x0a,0x7f,0x0c,0x05,0xd0,0x01,0x09,0xbf,0x0c,0x02,0xa0,0x02,0x0d,0xdf,0x0e,0x03,0x80,0x01,0x0d,0x4f,
    0x0c,0x08,0x16,0x07,0x0c,0x4f,0x0e,0x02,0x70,0x0a,0x3f,0x0d,0x04,0x50,0x04,0x0e,0x3f,0x0b,0x60,0x04,0x3f,0x0d,0x01,0x70,
    0x02,0x0e,0x3f,0x03,0x50,0x0b,0x3f,0x04,0x90,0x06,0x3f,0x09,0x40,0x02,0x3f,0x0b,0xb0,0x0e,0x2f,0x0c,0x40,0x06,0x3f,0x05,
    0xb0,0x0a,0x2f,0x0e,0x40,0x09,0x3f,0x01,0xb0,0x03,0x35,0x40,0x0c,0x2f,0x0e,0xf0,0x60,0x0e,0x2f,0x0c,0xf0,0x60,0x3f,0x0b,
    0xf0,0x60,0x3f,0x0b,0xf0,0x60,0x3f,0x0b,0xf0,0x60,0x0e,0x2f,0x0c,0xf0,0x60,0x0c,0x2f,0x0d,0xf0,0x60,0x09,0x3f,0x01,0xf0,
    0x50,0x06,0x3f,0x05,0xb0,0x05,0x38,0x40,0x02,0x3f,0x0a,0xb0,0x0b,0x2f,0x0e,0x50,0x0b,0x3f,0x03,0x90,0x03,0x3f,0x0a,0x50,
    0x04,0x3f,0x0d,0x01,0x70,0x01,0x0c,0x3f,0x04,0x60,0x0a,0x3f,0x0d,0x03,0x50,0x03,0x0c,0x3f,0x0b,0x70,0x01,0x0d,0x4f,0x0c,
    0x07,0x16,0x07,0x0b,0x4f,0x0d,0x01,0x80,0x02,0x0d,0xdf,0x0d,0x02,0xa0,0x01,0x0a,0xbf,0x09,0x01,0xd0,0x04,0x0b,0x7f,0x0a,
    0x03,0xf0,0x10,0x01,0x0e,0x3f,0x04,0x01,0xf0,0x40,0x0b,0x3f,0xf0,0x60,0x0b,0x3f,0xf0,0x60,0x0b,0x3f,0xf0,0x60,0x0b,0x3f,
    0xf0,0x60,0x0b,0x3f,0xa0,0xd0,0x03,0x06,0x27,0x05,0x02,0xf0,0x30,0x03,0x09,0x0e,0x6f,0x0d,0x06,0xf0,0x00,0x09,0xbf,0x0d,
    0x03,0xc0,0x01,0x0c,0xdf,0x0e,0x03,0xb0,0x0b,0x4f,0x0d,0x08,0x16,0x08,0x0d,0x4f,0x0e,0x01,0x90,0x07,0x4f,0x06,0x50,0x05,
    0x0e,0x3f,0x09,0x80,0x01,0x0e,0x3f,0x04,0x70,0x03,0x4f,0x01,0x70,0x05,0x3f,0x09,0x90,0x09,0x3f,0x05,0x70,0x0a,0x3f,0x03,
    0x90,0x03,0x3f,0x08,0x70,0x0c,0x2f,0x0e,0xa0,0x01,0x3f,0x0a,0x70,0x0e,0x2f,0x0c,0xb0,0x34,0x03,0x70,0x3f,0x0b,0xf0,0x80,
    0x3f,0x0b,0xf0,0x80,0x3f,0x0b,0xf0,0x80,0x3f,0x0b,0xf0,0x80,0x3f,0x0b,0xf0,0x80,0x3f,0x0b,0xf0,0x80,0x3f,0x0b,0xf0,0x40,
    0x3d,0x4f,0x7d,0x02,0xb0,0xff,0x0f,0x02,0xb0,0xff,0x0f,0x02,0xb0,0xff,0x0f,0x02,0xf0,0x3f,0x0b,0xf0,0x80,0x3f,0x0b,0xf0,
    0x80,0x3f,0x0b,0xf0,0x80,0x3f,0x0b,0xf0,0x80,0x3f,0x0b,0xf0,0x80,0x3f,0x0b,0xf0,0x70,0x01,0x3f,0x0a,0xf0,0x70,0x02,0x3f,
    0x09,0xf0,0x70,0x03,0x3f,0x07,0xf0,0x70,0x06,0x3f,0x04,0xf0,0x70,0x0b,0x3f,0x01,0xf0,0x60,0x04,0x3f,0x0a,0xf0,0x50,0x1d,
    0x5f,0xfd,0x1d,0x30,0xff,0x9f,0x30,0xff,0x9f,0x30,0xff,0x9f,0x10,0x50,0x08,0x01,0xf0,0x60,0x03,0x07,0x70,0x01,0x0b,0x0f,
    0x0d,0x02,0x40,0x03,0x08,0x0b,0x0d,0x0e,0x0f,0x0e,0x0d,0x0a,0x06,0x02,0x40,0x04,0x0e,0x0f,0x08,0x50,0x01,0x0c,0x2f,0x0e,
    0x03,0x10,0x05,0x0d,0xaf,0x0a,0x03,0x10,0x05,0x3f,0x08,0x40,0x09,0x4f,0x0e,0x07,0x0c,0xef,0x09,0x08,0x5f,0x05,0x40,0x0a,
    0xcf,0x0e,0x0d,0xdf,0x08,0x60,0x0a,0x8f,0x0a,0x05,0x01,0x20,0x02,0x07,0x0c,0x8f,0x08,0x80,0x09,0x5f,0x0c,0x03,0x80,0x06,
    0x0e,0x5f,0x07,0x90,0x02,0x4f,0x0a,0xb0,0x02,0x0d,0x4f,0xa0,0x0b,0x3f,0x0b,0xd0,0x01,0x0d,0x3f,0x07,0x80,0x04,0x3f,0x0d,
    0x01,0xe0,0x04,0x3f,0x0e,0x01,0x70,0x0c,0x3f,0x05,0xf0,0x00,0x09,0x3f,0x07,0x60,0x02,0x3f,0x0c,0xf0,0x10,0x02,0x3f,0x0d,
    0x60,0x07,0x3f,0x06,0xf0,0x20,0x0b,0x3f,0x02,0x50,0x0a,0x3f,0x02,0xf0,0x20,0x07,0x3f,0x06,0x50,0x0d,0x2f,0x0e,0xf0,0x30,
    0x03,0x3f,0x08,0x50,0x0e,0x2f,0x0c,0xf0,0x30,0x02,0x3f,0x0a,0x50,0x3f,0x0b,0xf0,0x40,0x3f,0x0a,0x50,0x3f,0x0c,0xf0,0x30,
    0x01,0x3f,0x0a,0x50,0x0e,0x2f,0x0d,0xf0,0x30,0x02,0x3f,0x09,0x50,0x0c,0x3f,0x01,0xf0,0x20,0x05,0x3f,0x07,0x50,0x09,0x3f,
    0x04,0xf0,0x20,0x09,0x3f,0x04,0x50,0x05,0x3f,0x09,0xf0,0x20,0x0d,0x3f,0x01,0x60,0x0e,0x3f,0x02,0xf0,0x00,0x06,0x3f,0x0a,
    0x70,0x08,0x3f,0x09,0xf0,0x01,0x0d,0x3f,0x03,0x70,0x01,0x0e,0x3f,0x05,0xe0,0x09,0x3f,0x0a,0x90,0x06,0x3f,0x0e,0x04,0xc0,
    0x07,0x4f,0x02,0x90,0x0a,0x5f,0x05,0xa0,0x09,0x5f,0x08,0x80,0x0a,0x7f,0x0b,0x03,0x60,0x05,0x0d,0x7f,0x09,0x50,0x01,0x0b,
    0xaf,0x0d,0x08,0x07,0x06,0x07,0x09,0x0e,0xaf,0x09,0x40,0x09,0x4f,0x0d,0x0b,0xff,0x0f,0x0c,0x5f,0x07,0x30,0x01,0x0b,0x2f,
    0x0c,0x01,0x00,0x04,0x0c,0xcf,0x0a,0x02,0x00,0x06,0x3f,0x0c,0x01,0x50,0x0a,0x0f,0x0c,0x01,0x30,0x05,0x0b,0x7f,0x0e,0x09,
    0x03,0x30,0x05,0x1f,0x0c,0x01,0x70,0x06,0x01,0x70,0x03,0x06,0x27,0x05,0x03,0x70,0x05,0x0b,0x01,0xf0,0xf0,0x70,0x06,0x3f,
    0x0e,0x01,0xc0,0x01,0x0e,0x3f,0x06,0x00,0x0d,0x3f,0x08,0xc0,0x07,0x3f,0x0d,0x10,0x06,0x3f,0x0e,0x01,0xb0,0x0e,0x3f,0x05,
    0x20,0x0d,0x3f,0x07,0xa0,0x06,0x3f,0x0c,0x30,0x05,0x3f,0x0d,0xa0,0x0d,0x3f,0x05,0x40,0x0c,0x3f,0x06,0x80,0x05,0x3f,0x0c,
    0x50,0x04,0x3f,0x0d,0x80,0x0c,0x3f,0x04,0x60,0x0b,0x3f,0x05,0x60,0x05,0x3f,0x0b,0x70,0x04,0x3f,0x0c,0x60,0x0c,0x3f,0x03,
    0x80,0x0b,0x3f,0x04,0x40,0x04,0x3f,0x0a,0x90,0x03,0x3f,0x0b,0x40,0x0b,0x3f,0x02,0xa0,0x0a,0x3f,0x03,0x20,0x03,0x3f,0x09,
    0xb0,0x02,0x3f,0x0a,0x20,0x0a,0x3f,0x02,0xc0,0x09,0x3f,0x02,0x00,0x03,0x3f,0x09,0xd0,0x02,0x3f,0x09,0x00,0x0a,0x2f,0x0e,
    0x01,0xe0,0x09,0x3f,0x03,0x3f,0x08,0xf0,0x01,0x0e,0x6f,0x0e,0x01,0xf0,0x00,0x08,0x6f,0x07,0xb0,0xff,0x4f,0x50,0xff,0x4f,
    0x50,0xff,0x4f,0xd0,0x3f,0x0b,0xf0,0x50,0x3f,0x0b,0xf0,0x50,0x3f,0x0b,0xf0,0x50,0x3f,0x0b,0xf0,0x50,0x3f,0x0b,0xd0,0xff,
    0x4f,0x50,0xff,0x4f,0x50,0xff,0x4f,0xd0,0x3f,0x0b,0xf0,0x50,0x3f,0x0b,0xf0,0x50,0x3f,0x0b,0xf0,0x50,0x3f,0x0b,0xf0,0x50,
    0x3f,0x0b,0xf0,0x50,0x3f,0x0b,0xf0,0x50,0x3f,0x0b,0xf0,0x50,0x3f,0x0b,0xa0,0x30,0x3f,0x0b,0x70,0x3f,0x0b,0x70,0x3f,0x0b,
    0x70,0x3f,0x0b,0x70,0x3f,0x0b,0x70,0x3f,0x0b,0x70,0x3f,0x0b,0x70,0x3f,0x0b,0x70,0x3f,0x0b,0x70,0x3f,0x0b,0x70,0x3f,0x0b,
    0x70,0x3f,0x0b,0x70,0x3f,0x0b,0x70,0x3f,0x0b,0x70,0x3f,0x0b,0x70,0x3f,0x0b,0x70,0x3f,0x0b,0x70,0x3f,0x0b,0x70,0x3f,0x0b,
    0xf0,0xf0,0xf0,0xf0,0x80,0x3f,0x0b,0x70,0x3f,0x0b,0x70,0x3f,0x0b,0x70,0x3f,0x0b,0x70,0x3f,0x0b,0x70,0x3f,0x0b,0x70,0x3f,
    0x0b,0x70,0x3f,0x0b,0x70,0x3f,0x0b,0x70,0x3f,0x0b,0x70,0x3f,0x0b,0x70,0x3f,0x0b,0x70,0x3f,0x0b,0x70,0x3f,0x0b,0x70,0x3f,
    0x0b,0x70,0x3f,0x0b,0x70,0x3f,0x0b,0x70,0x3f,0x0b,0x70,0x3f,0x0b,0x70,0x3f,0x0b,0x30,0xa0,0x01,0x04,0x16,0x17,0x06,0x04,
    0x02,0xf0,0x30,0x01,0x07,0x0c,0x8f,0x0d,0x08,0x02,0xf0,0x08,0xef,0x08,0xc0,0x01,0x0c,0xff,0x0f,0x0b,0x01,0x90,0x01,0x0c,
    0x5f,0x0b,0x08,0x07,0x06,0x07,0x08,0x0c,0x5f,0x0b,0x90,0x08,0x4f,0x09,0x01,0x60,0x03,0x0c,0x4f,0x07,0x70,0x01,0x4f,0x05,
    0x90,0x01,0x0a,0x3f,0x0e,0x01,0x60,0x06,0x3f,0x09,0xb0,0x01,0x0d,0x3f,0x06,0x60,0x09,0x3f,0x03,0xc0,0x06,0x3f,0x0a,0x60,
    0x0a,0x3f,0x01,0xc0,0x01,0x0e,0x2f,0x0d,0x60,0x0a,0x3f,0x01,0xd0,0x0c,0x2f,0x0e,0x60,0x08,0x3f,0x04,0xd0,0x06,0x38,0x60,
    0x05,0x3f,0x0c,0xf0,0x90,0x01,0x0e,0x3f,0x0b,0x02,0xf0,0x80,0x07,0x4f,0x0e,0x09,0x02,0xf0,0x70,0x0b,0x6f,0x0c,0x07,0x03,
    0xf0,0x50,0x0a,0x8f,0x0e,0x09,0x05,0x01,0xf0,0x00,0x02,0x0a,0xbf,0x0e,0x09,0x04,0xd0,0x05,0x0e,0xff,0x0c,0x05,0xa0,0x05,
    0x4f,0x0a,0x15,0x09,0x0d,0x9f,0x0b,0x02,0x70,0x01,0x0e,0x3f,0x04,0x40,0x02,0x07,0x0c,0x7f,0x0e,0x03,0x60,0x07,0x3f,0x06,
    0x80,0x02,0x07,0x0d,0x5f,0x0e,0x02,0x50,0x0c,0x2f,0x0e,0xc0,0x05,0x0d,0x4f,0x0a,0x50,0x0e,0x2f,0x0c,0xe0,0x09,0x4f,0x02,
    0x40,0x3f,0x0b,0xf0,0x0a,0x3f,0x06,0x40,0x0d,0x2f,0x0d,0xf0,0x03,0x3f,0x09,0x40,0x0b,0x3f,0x04,0xe0,0x01,0x3f,0x0a,0x40,
    0x07,0x3f,0x0d,0x02,0xd0,0x01,0x3f,0x0a,0x40,0x02,0x0e,0x3f,0x0e,0x06,0xc0,0x05,0x3f,0x08,0x50,0x07,0x5f,0x0e,0x08,0x03,
    0x90,0x0c,0x3f,0x03,0x60,0x09,0x7f,0x0d,0x09,0x04,0x40,0x01,0x0a,0x3f,0x0b,0x80,0x07,0x9f,0x0e,0x0a,0x06,0x04,0x07,0x0d,
    0x3f,0x0e,0x02,0x90,0x03,0x0b,0xff,0x0f,0x0d,0x02,0xc0,0x03,0x09,0x0e,0xcf,0x08,0x01,0xf0,0x00,0x04,0x09,0x0d,0x9f,0x07,
    0xf0,0x40,0x03,0x08,0x0d,0x7f,0x08,0xf0,0x60,0x03,0x09,0x0e,0x5f,0x05,0xf0,0x70,0x01,0x09,0x4f,0x0d,0xf0,0x90,0x04,0x4f,
    0x04,0x50,0x37,0x05,0xe0,0x07,0x3f,0x08,0x50,0x0e,0x2f,0x0c,0xe0,0x02,0x3f,0x09,0x50,0x0d,0x2f,0x0e,0xf0,0x3f,0x0a,0x50,
    0x0a,0x3f,0x04,0xd0,0x02,0x3f,0x09,0x50,0x06,0x3f,0x0b,0xd0,0x07,0x3f,0x07,0x50,0x01,0x4f,0x08,0xb0,0x02,0x0e,0x3f,0x02,
    0x60,0x07,0x4f,0x0a,0x01,0x80,0x04,0x0e,0x3f,0x0b,0x80,0x0c,0x4f,0x0e,0x0a,0x05,0x02,0x01,0x00,0x01,0x03,0x07,0x0b,0x5f,
    0x02,0x80,0x01,0x0b,0xff,0x2f,0x05,0xb0,0x08,0xff,0x0d,0x04,0xd0,0x02,0x09,0x0e,0xaf,0x0d,0x07,0xf0,0x20,0x04,0x07,0x0a,
    0x0b,0x0c,0x0d,0x0c,0x0b,0x09,0x06,0x03,0xa0,0x20,0x02,0x0a,0x1e,0x0a,0x02,0x40,0x02,0x0a,0x1e,0x0a,0x01,0x40,0x0b,0x3f,
    0x0b,0x40,0x0b,0x3f,0x0b,0x40,0x0e,0x3f,0x0e,0x40,0x0e,0x3f,0x0e,0x40,0x0b,0x3f,0x0b,0x40,0x0b,0x3f,0x0b,0x40,0x02,0x0a,
    0x1e,0x0a,0x02,0x40,0x02,0x0a,0x1e,0x0a,0x02,0xf0,0xf0,0xf0,0xf0,0xf0,0xf0,0xf0,0xf0,0xf0,0xf0,0xf0,0xf0,0xf0,0xf0,0xf0,
    0xf0,0xf0,0xf0,0xf0,0xf0,0xf0,0xf0,0xf0,0xf0,0xf0,0xf0,0xf0,0xf0,0xf0,0xf0,0xf0,0xf0,0xf0,0xf0,0xf0,0xf0,0xf0,0xf0,0xf0,
    0xf0,0xf0,0xf0,0xf0,0xf0,0x10,0xd0,0x02,0x06,0x0a,0x0c,0x0e,0x1f,0x0e,0x0c,0x0a,0x06,0x02,0xf0,0xa0,0x05,0x0b,0xbf,0x0b,
    0x05,0xf0,0x60,0x03,0x0c,0xff,0x0c,0x03,0xf0,0x30,0x07,0x4f,0x0b,0x06,0x03,0x01,0x10,0x01,0x03,0x06,0x0b,0x4f,0x08,0xf0,
    0x10,0x0a,0x3f,0x09,0x01,0x90,0x01,0x09,0x3f,0x0a,0xf0,0x0b,0x2f,0x0b,0x02,0xd0,0x02,0x0b,0x2f,0x0b,0xd0,0x0a,0x2f,0x09,
    0xf0,0x10,0x09,0x2f,0x0a,0xb0,0x06,0x2f,0x07,0x50,0x04,0x09,0x0c,0x0d,0x0c,0x0b,0x07,0x02,0x50,0x07,0x2f,0x06,0x90,0x02,
    0x0e,0x1f,0x09,0x40,0x02,0x0c,0x7f,0x0a,0x01,0x40,0x09,0x1f,0x0e,0x02,0x80,0x0a,0x1f,0x0c,0x40,0x03,0x0e,0x9f,0x0d,0x01,
    0x30,0x01,0x0c,0x1f,0x0a,0x70,0x02,0x2f,0x03,0x30,0x01,0x0e,0xbf,0x0b,0x40,0x03,0x2f,0x02,0x60,0x09,0x1f,0x0a,0x40,0x09,
    0x3f,0x09,0x03,0x11,0x04,0x0c,0x3f,0x03,0x40,0x0b,0x1f,0x09,0x60,0x0e,0x1f,0x03,0x30,0x02,0x3f,0x07,0x50,0x0c,0x2f,0x09,
    0x40,0x03,0x1f,0x0e,0x50,0x04,0x1f,0x0c,0x40,0x07,0x2f,0x0d,0x60,0x05,0x2f,0x0c,0x50,0x0c,0x1f,0x04,0x40,0x08,0x1f,0x07,
    0x40,0x0b,0x2f,0x07,0x60,0x01,0x2f,0x0e,0x50,0x08,0x1f,0x08,0x40,0x0b,0x1f,0x04,0x40,0x0d,0x2f,0x03,0x70,0x3a,0x50,0x04,
    0x1f,0x0b,0x40,0x0d,0x1f,0x01,0x40,0x0e,0x2f,0x01,0xf0,0x10,0x02,0x1f,0x0d,0x40,0x0e,0x1f,0x50,0x3f,0xf0,0x30,0x1f,0x0e,
    0x40,0x1f,0x0e,0x50,0x3f,0xf0,0x30,0x0e,0x1f,0x40,0x1f,0x0e,0x50,0x3f,0xf0,0x30,0x0e,0x1f,0x40,0x0e,0x1f,0x50,0x3f,0xf0,
    0x30,0x1f,0x0e,0x40,0x0d,0x1f,0x01,0x40,0x0e,0x2f,0x01,0xf0,0x10,0x02,0x1f,0x0d,0x40,0x0b,0x1f,0x04,0x40,0x0d,0x2f,0x03,
    0x70,0x2b,0x0a,0x50,0x04,0x1f,0x0a,0x40,0x08,0x1f,0x07,0x40,0x0b,0x2f,0x07,0x60,0x01,0x2f,0x0e,0x50,0x08,0x1f,0x07,0x40,
    0x04,0x1f,0x0c,0x40,0x07,0x2f,0x0d,0x60,0x05,0x2f,0x0c,0x50,0x0d,0x1f,0x04,0x50,0x0e,0x1f,0x03,0x30,0x02,0x3f,0x07,0x50,
    0x0c,0x2f,0x09,0x40,0x04,0x1f,0x0e,0x60,0x09,0x1f,0x0b,0x40,0x09,0x3f,0x09,0x03,0x11,0x04,0x0c,0x3f,0x03,0x40,0x0b,0x1f,
    0x09,0x60,0x02,0x2f,0x03,0x30,0x01,0x0e,0xbf,0x0b,0x40,0x04,0x2f,0x02,0x70,0x09,0x1f,0x0c,0x01,0x30,0x03,0x0e,0x9f,0x0d,
    0x01,0x30,0x01,0x0d,0x1f,0x09,0x80,0x01,0x0e,0x1f,0x0a,0x40,0x02,0x0c,0x7f,0x0a,0x01,0x40,0x0a,0x1f,0x0e,0x01,0x90,0x06,
    0x2f,0x07,0x50,0x04,0x09,0x0c,0x0d,0x0c,0x0b,0x07,0x02,0x50,0x08,0x2f,0x05,0xb0,0x09,0x2f,0x09,0xf0,0x10,0x09,0x2f,0x09,
    0xd0,0x0a,0x2f,0x0b,0x02,0xd0,0x02,0x0b,0x2f,0x0a,0xf0,0x0a,0x3f,0x09,0x01,0x90,0x01,0x09,0x3f,0x0a,0xf0,0x10,0x07,0x4f,
    0x0b,0x06,0x03,0x01,0x10,0x01,0x03,0x06,0x0b,0x4f,0x07,0xf0,0x30,0x03,0x0c,0xff,0x0c,0x03,0xf0,0x60,0x05,0x0b,0xbf,0x0b,
    0x05,0xf0,0xa0,0x02,0x06,0x0a,0x0c,0x0e,0x1f,0x0e,0x0c,0x0a,0x06,0x02,0xe0,0x60,0x02,0x07,0x0b,0x0d,0x1e,0x0d,0x0a,0x04,
    0xc0,0x08,0x8f,0x0b,0x02,0x90,0x0a,0xaf,0x0c,0x01,0x70,0x05,0x4f,0x0d,0x1b,0x0e,0x3f,0x08,0x70,0x0c,0x2f,0x0e,0x03,0x20,
    0x01,0x0c,0x2f,0x0e,0x70,0x0d,0x2f,0x07,0x40,0x04,0x3f,0x02,0x80,0x01,0x02,0x01,0x40,0x01,0x3f,0x04,0xf0,0x10,0x3f,0x05,
    0x90,0x01,0x05,0x09,0x0b,0x0c,0x2d,0x3f,0x05,0x80,0x07,0x0e,0xaf,0x05,0x70,0x0a,0xcf,0x05,0x60,0x05,0x3f,0x0c,0x05,0x01,
    0x20,0x3f,0x05,0x60,0x0b,0x2f,0x0c,0x50,0x3f,0x05,0x60,0x0e,0x2f,0x06,0x50,0x3f,0x05,0x60,0x3f,0x06,0x40,0x01,0x3f,0x05,
    0x60,0x0d,0x2f,0x0d,0x01,0x20,0x04,0x0d,0x3f,0x05,0x60,0x09,0x3f,0x0e,0x0b,0x0a,0x0d,0x5f,0x06,0x60,0x02,0x0e,0xcf,0x07,
    0x70,0x04,0x0e,0x6f,0x06,0x0a,0x2f,0x0b,0x80,0x02,0x08,0x0d,0x0e,0x0f,0x0d,0x09,0x02,0x00,0x04,0x29,0x08,0xf0,0xf0,0xf0,
    0xf0,0xf0,0xf0,0xf0,0xf0,0xf0,0xf0,0xf0,0xf0,0xf0,0xf0,0xf0,0xf0,0xf0,0xf0,0xf0,0xf0,0xf0,0xf0,0xf0,0xf0,0x90,0x80,0x05,
    0x2f,0x05,0x20,0x01,0x0d,0x1f,0x0b,0x90,0x02,0x0e,0x1f,0x0a,0x30,0x0b,0x1f,0x0e,0x02,0x80,0x01,0x0d,0x1f,0x0e,0x01,0x20,
    0x07,0x2f,0x06,0x90,0x0a,0x2f,0x05,0x20,0x04,0x2f,0x0b,0x90,0x06,0x2f,0x0a,0x20,0x02,0x0e,0x1f,0x0e,0x02,0x80,0x03,0x2f,
    0x0e,0x01,0x20,0x0c,0x2f,0x06,0x80,0x01,0x0d,0x2f,0x05,0x20,0x09,0x2f,0x0b,0x90,0x0b,0x2f,0x0a,0x20,0x05,0x2f,0x0e,0x02,
    0x80,0x08,0x2f,0x0e,0x01,0x10,0x03,0x0e,0x2f,0x06,0x80,0x05,0x3f,0x06,0x20,0x3f,0x0d,0x90,0x03,0x3f,0x08,0x20,0x0b,0x2f,
    0x0d,0x01,0x90,0x06,0x3f,0x03,0x10,0x01,0x0e,0x2f,0x08,0xa0,0x0a,0x2f,0x0c,0x20,0x04,0x3f,0x03,0x90,0x01,0x0d,0x2f,0x07,
    0x20,0x07,0x2f,0x0c,0xa0,0x02,0x0e,0x1f,0x0e,0x02,0x20,0x0b,0x2f,0x08,0xa0,0x05,0x2f,0x0b,0x20,0x01,0x0d,0x2f,0x03,0xa0,
    0x09,0x2f,0x06,0x20,0x03,0x2f,0x0c,0xb0,0x0c,0x1f,0x0e,0x01,0x20,0x07,0x2f,0x07,0xa0,0x02,0x0e,0x1f,0x0a,0x30,0x0a,0x1f,
    0x0e,0x02,0xa0,0x05,0x2f,0x05,0x20,0x01,0x0d,0x1f,0x0b,0xf0,0xf0,0xf0,0xf0,0xf0,0xf0,0x10,0x20,0x06,0xfd,0x3d,0x09,0x60,
    0x08,0xff,0x3f,0x0b,0x60,0x08,0xff,0x4f,0x60,0x08,0xff,0x4f,0xf0,0x70,0x3f,0x0b,0xf0,0x70,0x3f,0x0b,0xf0,0x70,0x3f,0x0b,
    0xf0,0x70,0x3f,0x0b,0xf0,0x70,0x3f,0x0b,0xf0,0x70,0x3f,0x0b,0xf0,0x70,0x38,0x05,0xf0,0xf0,0xf0,0xf0,0xf0,0xf0,0xf0,0xf0,
    0xf0,0xf0,0xf0,0xf0,0xf0,0xf0,0xf0,0xf0,0x80,0xd0,0x02,0x06,0x0a,0x0c,0x0e,0x1f,0x0e,0x0c,0x0a,0x06,0x02,0xf0,0xa0,0x05,
    0x0b,0xbf,0x0b,0x05,0xf0,0x60,0x03,0x0c,0xff,0x0c,0x03,0xf0,0x30,0x07,0x4f,0x0b,0x06,0x03,0x01,0x10,0x01,0x03,0x06,0x0b,
    0x4f,0x07,0xf0,0x10,0x0a,0x3f,0x09,0x01,0x90,0x01,0x09,0x3f,0x0a,0xf0,0x0b,0x2f,0x0b,0x02,0xd0,0x02,0x0b,0x2f,0x0b,0xd0,
    0x09,0x2f,0x09,0xf0,0x10,0x09,0x2f,0x09,0xb0,0x06,0x2f,0x07,0xf0,0x30,0x07,0x2f,0x06,0x90,0x02,0x0e,0x1f,0x09,0x20,0x7f,
    0x0e,0x0d,0x0a,0x06,0x01,0x50,0x0a,0x1f,0x0e,0x02,0x80,0x0a,0x1f,0x0c,0x30,0xbf,0x0e,0x07,0x40,0x01,0x0c,0x1f,0x0a,0x70,
    0x02,0x2f,0x03,0x30,0xdf,0x09,0x40,0x03,0x2f,0x02,0x60,0x09,0x1f,0x0a,0x40,0x3f,0x30,0x01,0x03,0x08,0x3f,0x05,0x40,0x0b,
    0x1f,0x09,0x60,0x0e,0x1f,0x03,0x40,0x3f,0x60,0x06,0x2f,0x0b,0x40,0x03,0x1f,0x0e,0x50,0x04,0x1f,0x0c,0x50,0x3f,0x60,0x01,
    0x2f,0x0e,0x50,0x0d,0x1f,0x04,0x40,0x08,0x1f,0x07,0x50,0x3f,0x60,0x01,0x3f,0x50,0x08,0x1f,0x08,0x40,0x0b,0x1f,0x04,0x50,
    0x3f,0x60,0x06,0x2f,0x0d,0x50,0x04,0x1f,0x0b,0x40,0x0d,0x1f,0x01,0x50,0x3f,0x40,0x01,0x07,0x3f,0x08,0x50,0x02,0x1f,0x0d,
    0x40,0x0e,0x1f,0x60,0x3f,0x3d,0x0e,0x4f,0x0d,0x01,0x60,0x1f,0x0e,0x40,0x1f,0x0e,0x60,0xcf,0x0b,0x01,0x70,0x2f,0x40,0x1f,
    0x0e,0x60,0xbf,0x0e,0x03,0x80,0x2f,0x40,0x0e,0x1f,0x60,0xdf,0x06,0x70,0x1f,0x0e,0x40,0x0d,0x1f,0x02,0x50,0x3f,0x40,0x02,
    0x07,0x3f,0x03,0x50,0x02,0x1f,0x0d,0x40,0x0b,0x1f,0x04,0x50,0x3f,0x60,0x08,0x2f,0x0a,0x50,0x05,0x1f,0x0a,0x40,0x08,0x1f,
    0x08,0x50,0x3f,0x60,0x02,0x2f,0x0d,0x50,0x08,0x1f,0x07,0x40,0x04,0x1f,0x0c,0x50,0x3f,0x70,0x3f,0x50,0x0d,0x1f,0x04,0x50,
    0x0e,0x1f,0x03,0x40,0x3f,0x70,0x3f,0x40,0x04,0x1f,0x0e,0x60,0x09,0x1f,0x0b,0x40,0x3f,0x70,0x3f,0x40,0x0b,0x1f,0x08,0x60,
    0x02,0x2f,0x03,0x30,0x3f,0x70,0x3f,0x01,0x20,0x04,0x2f,0x02,0x70,0x09,0x1f,0x0c,0x01,0x20,0x3f,0x70,0x0e,0x2f,0x03,0x10,
    0x01,0x0d,0x1f,0x09,0x80,0x01,0x0e,0x1f,0x0a,0x20,0x38,0x70,0x06,0x28,0x02,0x10,0x0a,0x1f,0x0e,0x01,0x90,0x05,0x2f,0x07,
    0xf0,0x30,0x08,0x2f,0x05,0xb0,0x09,0x2f,0x09,0xf0,0x10,0x09,0x2f,0x09,0xd0,0x0a,0x2f,0x0b,0x03,0xd0,0x03,0x0b,0x2f,0x0a,
    0xf0,0x0a,0x3f,0x09,0x02,0x90,0x01,0x09,0x3f,0x0a,0xf0,0x10,0x07,0x4f,0x0b,0x06,0x03,0x01,0x10,0x01,0x03,0x06,0x0b,0x4f,
    0x07,0xf0,0x30,0x03,0x0c,0xff,0x0c,0x03,0xf0,0x60,0x05,0x0b,0xbf,0x0b,0x05,0xf0,0xa0,0x02,0x06,0x0a,0x0c,0x0e,0x1f,0x0e,
    0x0c,0x0a,0x06,0x02,0xe0,0x30,0xfd,0x0d,0x60,0xff,0x0f,0x60,0xff,0x0f,0x60,0xff,0x0f,0xf0,0xf0,0xf0,0xf0,0xf0,0xf0,0xf0,
    0xf0,0xf0,0xf0,0xf0,0xf0,0xf0,0xf0,0xf0,0xf0,0xf0,0xf0,0xf0,0xf0,0xf0,0xf0,0xf0,0xf0,0xf0,0xf0,0xf0,0xf0,0xf0,0xf0,0xf0,
    0xf0,0xf0,0xf0,0xf0,0xf0,0xf0,0xf0,0xf0,0xf0,0xf0,0xf0,0xf0,0xf0,0xf0,0xf0,0xf0,0xf0,0xf0,0xa0,0x50,0x01,0x07,0x0b,0x0c,
    0x0b,0x07,0x01,0xa0,0x04,0x0e,0x4f,0x0e,0x05,0x80,0x04,0x8f,0x05,0x60,0x01,0x0e,0x8f,0x0e,0x01,0x50,0x07,0x2f,0x09,0x03,
    0x01,0x02,0x09,0x2f,0x07,0x50,0x0c,0x1f,0x08,0x40,0x08,0x1f,0x0c,0x50,0x0e,0x1f,0x01,0x40,0x02,0x1f,0x0e,0x50,0x0e,0x1f,
    0x01,0x40,0x01,0x1f,0x0e,0x50,0x0c,0x1f,0x06,0x40,0x06,0x1f,0x0c,0x50,0x08,0x2f,0x07,0x01,0x10,0x06,0x2f,0x08,0x50,0x02,
    0x4f,0x0e,0x4f,0x02,0x60,0x06,0x8f,0x07,0x80,0x07,0x6f,0x07,0xa0,0x03,0x09,0x0d,0x0f,0x0d,0x0a,0x03,0xf0,0xf0,0xf0,0xf0,
    0xf0,0xf0,0xf0,0xf0,0xf0,0xf0,0xf0,0xf0,0xf0,0xf0,0xf0,0xf0,0xf0,0xf0,0xf0,0xf0,0xf0,0xf0,0xf0,0xf0,0xf0,0xf0,0xf0,0xf0,
    0xd0,0xa0,0x0b,0x3f,0xf0,0x60,0x0b,0x3f,0xf0,0x60,0x0b,0x3f,0xf0,0x60,0x0b,0x3f,0xf0,0x60,0x0b,0x3f,0xf0,0x60,0x0b,0x3f,
    0xf0,0x60,0x0b,0x3f,0xf0,0x60,0x0b,0x3f,0xf0,0x60,0x0b,0x3f,0xf0,0x60,0x0b,0x3f,0xd0,0x8d,0x4f,0x8d,0x06,0x30,0xff,0x6f,
    0x08,0x30,0xff,0x6f,0x08,0x30,0xff,0x6f,0x08,0xc0,0x0b,0x3f,0xf0,0x60,0x0b,0x3f,0xf0,0x60,0x0b,0x3f,0xf0,0x60,0x0b,0x3f,
    0xf0,0x60,0x0b,0x3f,0xf0,0x60,0x0b,0x3f,0xf0,0x60,0x0b,0x3f,0xf0,0x60,0x0b,0x3f,0xf0,0x60,0x0b,0x3f,0xf0,0x60,0x0b,0x3f,
    0xf0,0x60,0x07,0x39,0xf0,0xf0,0xf0,0xf0,0xf0,0xf0,0x20,0xfd,0x4d,0x60,0xff,0x4f,0x60,0xff,0x4f,0x60,0xff,0x4f,0x30,0x40,
    0x01,0x06,0x0b,0x0d,0x0f,0x0e,0x0d,0x09,0x04,0x80,0x05,0x0e,0x7f,0x0b,0x02,0x50,0x06,0xaf,0x0d,0x01,0x30,0x02,0x4f,0x0d,
    0x0b,0x0c,0x4f,0x08,0x30,0x08,0x3f,0x05,0x20,0x02,0x0e,0x2f,0x0d,0x30,0x0d,0x2f,0x09,0x40,0x07,0x2f,0x0e,0x30,0x0b,0x2c,
    0x04,0x40,0x05,0x2f,0x0e,0xd0,0x0a,0x2f,0x0a,0xc0,0x04,0x3f,0x03,0xb0,0x03,0x0e,0x2f,0x07,0xb0,0x03,0x0e,0x2f,0x09,0xb0,
    0x04,0x0e,0x2f,0x09,0xb0,0x04,0x0e,0x2f,0x07,0xb0,0x05,0x2f,0x0e,0x05,0xb0,0x06,0x2f,0x0d,0x03,0xb0,0x07,0x2f,0x0b,0x01,
    0xb0,0x08,0x3f,0x9a,0x30,0xef,0x30,0xef,0x30,0xef,0xf0,0xf0,0xf0,0xf0,0xf0,0xf0,0xf0,0xf0,0xf0,0xf0,0xf0,0xf0,0xf0,0xf0,
    0xf0,0xf0,0xf0,0xf0,0xf0,0xf0,0x30,0x40,0x03,0x08,0x0c,0x0e,0x0f,0x0e,0x0c,0x09,0x04,0x70,0x01,0x0a,0x8f,0x0c,0x02,0x40,
    0x01,0x0c,0xaf,0x0e,0x02,0x30,0x07,0x4f,0x0c,0x0a,0x0c,0x4f,0x09,0x30,0x0d,0x2f,0x0c,0x02,0x20,0x02,0x0d,0x2f,0x0d,0x30,
    0x39,0x04,0x40,0x06,0x2f,0x0e,0xd0,0x07,0x2f,0x0c,0xc0,0x05,0x0e,0x2f,0x05,0x80,0x0b,0x1d,0x4f,0x06,0x90,0x6f,0x04,0xa0,
    0x0e,0x6f,0x08,0xc0,0x02,0x06,0x0e,0x2f,0x08,0xd0,0x04,0x2f,0x0e,0x01,0x20,0x32,0x01,0x40,0x01,0x3f,0x03,0x20,0x0e,0x2f,
    0x07,0x40,0x03,0x3f,0x04,0x20,0x0c,0x2f,0x0e,0x04,0x20,0x01,0x0b,0x3f,0x02,0x20,0x06,0x4f,0x0c,0x0a,0x0b,0x0e,0x3f,0x0c,
    0x40,0x0b,0xaf,0x0e,0x03,0x50,0x09,0x8f,0x0c,0x03,0x70,0x02,0x08,0x0c,0x0e,0x0f,0x0e,0x0d,0x09,0x05,0xf0,0xf0,0xf0,0xf0,
    0xf0,0xf0,0xf0,0xf0,0xf0,0xf0,0xf0,0xf0,0xf0,0xf0,0xf0,0xf0,0xf0,0xf0,0xf0,0xf0,0x70,0x60,0x01,0x07,0x38,0x04,0x80,0x09,
    0x3f,0x0c,0x01,0x70,0x04,0x3f,0x0d,0x01,0x70,0x01,0x0d,0x2f,0x0d,0x02,0x80,0x09,0x2f,0x0e,0x02,0x80,0x04,0x2f,0x0e,0x03,
    0x80,0x01,0x0d,0x2f,0x04,0x90,0x08,0x2f,0x05,0xf0,0xf0,0xf0,0xf0,0xf0,0xf0,0xf0,0xf0,0xf0,0xf0,0xf0,0xf0,0xf0,0xf0,0xf0,
    0xf0,0xf0,0xf0,0xf0,0xf0,0xf0,0xf0,0xf0,0xf0,0xf0,0xf0,0xf0,0xf0,0xf0,0xf0,0xf0,0xf0,0x70,0x30,0x3f,0x0b,0xb0,0x3f,0x0b,
    0x60,0x3f,0x0b,0xb0,0x3f,0x0b,0x60,0x3f,0x0b,0xb0,0x3f,0x0b,0x60,0x3f,0x0b,0xb0,0x3f,0x0b,0x60,0x3f,0x0b,0xb0,0x3f,0x0b,
    0x60,0x3f,0x0b,0xb0,0x3f,0x0b,0x60,0x3f,0x0b,0xb0,0x3f,0x0b,0x60,0x3f,0x0b,0xb0,0x3f,0x0b,0x60,0x3f,0x0b,0xb0,0x3f,0x0b,
    0x60,0x3f,0x0b,0xb0,0x3f,0x0b,0x60,0x3f,0x0b,0xb0,0x3f,0x0b,0x60,0x3f,0x0b,0xb0,0x3f,0x0b,0x60,0x3f,0x0b,0xb0,0x3f,0x0b,
    0x60,0x3f,0x0b,0xb0,0x3f,0x0b,0x60,0x3f,0x0b,0xb0,0x3f,0x0b,0x60,0x3f,0x0b,0xb0,0x3f,0x0b,0x60,0x4f,0xb0,0x3f,0x0b,0x60,
    0x4f,0xb0,0x3f,0x0b,0x60,0x4f,0xb0,0x3f,0x0b,0x60,0x4f,0x01,0xa0,0x3f,0x0b,0x60,0x4f,0x05,0x90,0x06,0x3f,0x0b,0x60,0x4f,
    0x0c,0x80,0x03,0x0e,0x3f,0x0b,0x60,0x5f,0x0a,0x01,0x50,0x05,0x0e,0x4f,0x0b,0x60,0x6f,0x0e,0x09,0x16,0x07,0x09,0x0d,0x6f,
    0x0b,0x60,0xff,0x0c,0x0b,0x2f,0x0b,0x60,0xef,0x0c,0x02,0x0a,0x2f,0x0b,0x60,0x3f,0x0b,0x05,0x0c,0x5f,0x0e,0x08,0x10,0x09,
    0x2f,0x0b,0x60,0x3f,0x0b,0x10,0x02,0x05,0x17,0x06,0x04,0xf0,0x3f,0x0b,0xf0,0x70,0x3f,0x0b,0xf0,0x70,0x3f,0x0b,0xf0,0x70,
    0x3f,0x0b,0xf0,0x70,0x3f,0x0b,0xf0,0x70,0x3f,0x0b,0xf0,0x70,0x3f,0x0b,0xf0,0x70,0x3f,0x0b,0xf0,0x70,0x3f,0x0b,0xf0,0x70,
    0x3f,0x0b,0xf0,0x30,0x70,0x01,0x06,0x0a,0x0c,0x0e,0x6f,0x0b,0x90,0x02,0x09,0xbf,0x0b,0x80,0x05,0x0e,0xcf,0x0b,0x70,0x06,
    0xef,0x0b,0x60,0x04,0xff,0x0b,0x60,0x0d,0xff,0x0b,0x50,0x06,0xff,0x0f,0x0b,0x50,0x0c,0xff,0x0f,0x0b,0x40,0x01,0xff,0x1f,
    0x0b,0x40,0x04,0xff,0x1f,0x0b,0x40,0x06,0xff,0x1f,0x0b,0x40,0x07,0xff,0x1f,0x0b,0x40,0x07,0xff,0x1f,0x0b,0x40,0x06,0xff,
    0x1f,0x0b,0x40,0x04,0xff,0x1f,0x0b,0x40,0x01,0xff,0x1f,0x0b,0x50,0x0c,0xff,0x0f,0x0b,0x50,0x06,0xff,0x0f,0x0b,0x60,0x0d,
    0xff,0x0b,0x60,0x04,0xff,0x0b,0x70,0x06,0xef,0x0b,0x80,0x05,0x0e,0xcf,0x0b,0x90,0x02,0x0a,0xbf,0x0b,0xb0,0x02,0x06,0x0a,
    0x0d,0x0e,0x6f,0x0b,0xf0,0x30,0x3f,0x0b,0xf0,0x30,0x3f,0x0b,0xf0,0x30,0x3f,0x0b,0xf0,0x30,0x3f,0x0b,0xf0,0x30,0x3f,0x0b,
    0xf0,0x30,0x3f,0x0b,0xf0,0x30,0x3f,0x0b,0xf0,0x30,0x3f,0x0b,0xf0,0x30,0x3f,0x0b,0xf0,0x30,0x3f,0x0b,0xf0,0x30,0x3f,0x0b,
    0xf0,0x30,0x3f,0x0b,0xf0,0x30,0x3f,0x0b,0x30,0x30,0x01,0x09,0x1e,0x09,0x01,0x70,0x09,0x3f,0x09,0x70,0x0e,0x3f,0x0e,0x70,
    0x0e,0x3f,0x0e,0x70,0x09,0x3f,0x09,0x70,0x01,0x0a,0x1e,0x09,0x01,0xf0,0xf0,0xf0,0xf0,0xf0,0xf0,0xf0,0xf0,0xf0,0xf0,0xf0,
    0xf0,0xf0,0xf0,0x30,0x20,0x05,0x1f,0x0e,0x80,0x08,0x1f,0x0e,0x07,0x02,0x60,0x0b,0x4f,0x08,0x50,0x06,0x08,0x0c,0x3f,0x07,
    0x70,0x07,0x2f,0x0d,0x70,0x01,0x3f,0x70,0x03,0x2f,0x0e,0x60,0x04,0x0d,0x2f,0x09,0x40,0x0e,0x4f,0x0e,0x02,0x40,0x4f,0x0c,
    0x02,0x50,0x0f,0x0e,0x0c,0x09,0x04,0x40,0x90,0x01,0x05,0x0a,0x04,0xb0,0x03,0x07,0x0c,0x2f,0x05,0x80,0x04,0x09,0x0d,0x5f,
    0x05,0x70,0x07,0x8f,0x05,0x70,0x08,0x3f,0x0e,0x3f,0x05,0x70,0x08,0x0f,0x0b,0x07,0x04,0x00,0x3f,0x05,0x70,0x02,0x01,0x30,
    0x3f,0x05,0xd0,0x3f,0x05,0xd0,0x3f,0x05,0xd0,0x3f,0x05,0xd0,0x3f,0x05,0xd0,0x3f,0x05,0xd0,0x3f,0x05,0xd0,0x3f,0x05,0xd0,
    0x3f,0x05,0xd0,0x3f,0x05,0xd0,0x3f,0x05,0xd0,0x3f,0x05,0xd0,0x3f,0x05,0xd0,0x3f,0x05,0xf0,0xf0,0xf0,0xf0,0xf0,0xf0,0xf0,
    0xf0,0xf0,0xf0,0xf0,0xf0,0xf0,0xf0,0xf0,0xf0,0xf0,0xf0,0xf0,0xf0,0x70,0x60,0x01,0x07,0x0b,0x0e,0x0f,0x0e,0x0c,0x09,0x03,
    0xd0,0x06,0x0e,0x7f,0x0a,0x01,0xa0,0x08,0xaf,0x0c,0x01,0x80,0x05,0x4f,0x0c,0x0a,0x0c,0x4f,0x0a,0x70,0x01,0x0e,0x2f,0x0e,
    0x04,0x20,0x02,0x0b,0x3f,0x05,0x60,0x06,0x3f,0x03,0x40,0x01,0x0d,0x2f,0x0b,0x60,0x0b,0x2f,0x0b,0x60,0x06,0x3f,0x01,0x50,
    0x0d,0x2f,0x07,0x60,0x02,0x3f,0x03,0x50,0x3f,0x05,0x60,0x01,0x3f,0x04,0x50,0x3f,0x05,0x70,0x3f,0x05,0x50,0x3f,0x05,0x70,
    0x3f,0x05,0x50,0x3f,0x05,0x60,0x01,0x3f,0x04,0x50,0x0d,0x2f,0x07,0x60,0x02,0x3f,0x03,0x50,0x0b,0x2f,0x0b,0x60,0x06,0x3f,
    0x01,0x50,0x07,0x3f,0x03,0x50,0x0d,0x2f,0x0b,0x60,0x01,0x0e,0x2f,0x0e,0x03,0x20,0x01,0x0b,0x3f,0x05,0x70,0x05,0x4f,0x0c,
    0x0a,0x0b,0x4f,0x0a,0x90,0x09,0xaf,0x0d,0x01,0xa0,0x06,0x8f,0x0a,0x01,0xc0,0x01,0x07,0x0b,0x0e,0x0f,0x0e,0x0d,0x09,0x04,
    0xf0,0xf0,0xf0,0xf0,0xf0,0xf0,0xf0,0xf0,0xf0,0xf0,0xf0,0xf0,0xf0,0xf0,0xf0,0xf0,0xf0,0xf0,0xf0,0xf0,0xf0,0xf0,0xf0,0xf0,
    0xf0,0xf0,0x10,0x02,0x0e,0x1f,0x09,0x30,0x03,0x2f,0x07,0xa0,0x06,0x2f,0x05,0x30,0x08,0x2f,0x04,0xa0,0x0b,0x1f,0x0e,0x02,
    0x20,0x01,0x0d,0x1f,0x0d,0x01,0x90,0x02,0x2f,0x0d,0x01,0x20,0x04,0x2f,0x0b,0xa0,0x07,0x2f,0x0a,0x30,0x09,0x2f,0x08,0xa0,
    0x0c,0x2f,0x06,0x20,0x01,0x0d,0x2f,0x04,0x90,0x03,0x3f,0x03,0x20,0x04,0x2f,0x0e,0x02,0x90,0x08,0x2f,0x0d,0x01,0x20,0x0a,
    0x2f,0x0c,0xa0,0x0d,0x2f,0x0a,0x20,0x01,0x0e,0x2f,0x08,0x90,0x03,0x3f,0x07,0x20,0x05,0x3f,0x05,0x80,0x02,0x3f,0x0a,0x20,
    0x03,0x3f,0x08,0x80,0x0b,0x2f,0x0c,0x20,0x01,0x0d,0x2f,0x0a,0x80,0x06,0x2f,0x0e,0x02,0x20,0x08,0x2f,0x0d,0x01,0x70,0x02,
    0x0e,0x2f,0x04,0x20,0x03,0x2f,0x0e,0x02,0x80,0x0b,0x2f,0x07,0x30,0x0d,0x2f,0x05,0x80,0x06,0x2f,0x0b,0x30,0x08,0x2f,0x09,
    0x80,0x02,0x0e,0x1f,0x0d,0x01,0x20,0x03,0x2f,0x0c,0x90,0x0b,0x2f,0x03,0x30,0x0d,0x1f,0x0e,0x02,0x80,0x06,0x2f,0x06,0x30,
    0x08,0x2f,0x04,0x80,0x02,0x0e,0x1f,0x09,0x30,0x03,0x2f,0x07,0xf0,0xf0,0xf0,0xf0,0xf0,0xf0,0x70,0xa0,0x03,0xf0,0xf0,0x10,
    0x04,0x09,0x0d,0x0f,0xf0,0xd0,0x01,0x05,0x0a,0x0e,0x3f,0xf0,0xb0,0x04,0x0b,0x7f,0xf0,0xb0,0x08,0x8f,0xd0,0x02,0x0c,0x04,
    0xa0,0x08,0x2f,0x0c,0x08,0x3f,0xd0,0x0c,0x1f,0x08,0x90,0x06,0x09,0x05,0x01,0x10,0x3f,0xc0,0x06,0x2f,0x04,0xf0,0x3f,0xb0,
    0x01,0x0e,0x1f,0x0a,0xf0,0x00,0x3f,0xb0,0x0a,0x1f,0x0e,0x01,0xf0,0x00,0x3f,0xa0,0x05,0x2f,0x06,0xf0,0x10,0x3f,0x90,0x01,
    0x0d,0x1f,0x0c,0xf0,0x20,0x3f,0x90,0x09,0x2f,0x03,0xf0,0x20,0x3f,0x80,0x03,0x2f,0x08,0xf0,0x30,0x3f,0x80,0x0c,0x1f,0x0d,
    0x01,0xf0,0x30,0x3f,0x70,0x07,0x2f,0x04,0xf0,0x40,0x3f,0x60,0x02,0x2f,0x0a,0xf0,0x50,0x3f,0x60,0x0b,0x1f,0x0e,0x01,0xf0,
    0x50,0x3f,0x50,0x06,0x2f,0x06,0x50,0x02,0x1f,0x0e,0x08,0xb0,0x3f,0x40,0x01,0x0e,0x1f,0x0c,0x60,0x0c,0x3f,0xb0,0x3f,0x40,
    0x0a,0x2f,0x03,0x50,0x09,0x4f,0xb0,0x38,0x30,0x04,0x2f,0x08,0x50,0x05,0x5f,0xf0,0x20,0x01,0x0d,0x1f,0x0d,0x01,0x40,0x02,
    0x0e,0x5f,0xf0,0x20,0x08,0x2f,0x04,0x40,0x01,0x0c,0x1f,0x0d,0x3f,0xf0,0x10,0x03,0x2f,0x0a,0x50,0x0a,0x1f,0x0e,0x03,0x3f,
    0xf0,0x10,0x0c,0x1f,0x0e,0x01,0x40,0x06,0x2f,0x05,0x00,0x3f,0xf0,0x00,0x07,0x2f,0x06,0x40,0x03,0x2f,0x07,0x10,0x3f,0xf0,
    0x02,0x0e,0x1f,0x0c,0x40,0x01,0x0d,0x1f,0x09,0x20,0x3f,0xf0,0x0b,0x2f,0x03,0x40,0x0a,0x1f,0x0b,0x30,0x3f,0xe0,0x05,0x2f,
    0x08,0x40,0x07,0x1f,0x0d,0x01,0x30,0x3f,0xd0,0x01,0x0e,0x1f,0x0d,0x01,0x30,0x03,0x2f,0x0e,0x4d,0x3f,0x1d,0x06,0xa0,0x09,
    0x2f,0x04,0x40,0x08,0xef,0x08,0x90,0x04,0x2f,0x0a,0x50,0x08,0xef,0x08,0x90,0x0a,0x1f,0x0e,0x01,0x50,0x08,0xef,0x08,0xa0,
    0x07,0x0e,0x06,0xf0,0x00,0x3f,0xe0,0x02,0xf0,0x10,0x3f,0xf0,0xf0,0x10,0x3f,0xf0,0xf0,0x10,0x3f,0xf0,0xf0,0x10,0x38,0x30,
    0xa0,0x04,0xf0,0xf0,0x20,0x01,0x05,0x0a,0x0e,0x0f,0xf0,0xf0,0x02,0x06,0x0b,0x4f,0xf0,0xd0,0x04,0x0c,0x7f,0xf0,0xd0,0x08,
    0x8f,0xc0,0x0b,0x09,0x01,0xd0,0x08,0x1f,0x0e,0x0b,0x07,0x3f,0xb0,0x05,0x1f,0x0e,0x02,0xc0,0x05,0x08,0x04,0x20,0x3f,0xa0,
    0x01,0x0d,0x1f,0x0b,0xf0,0x30,0x3f,0xa0,0x08,0x2f,0x02,0xf0,0x30,0x3f,0x90,0x03,0x2f,0x08,0xf0,0x40,0x3f,0x90,0x0c,0x1f,
    0x0d,0x01,0xf0,0x40,0x3f,0x80,0x06,0x2f,0x05,0xf0,0x50,0x3f,0x70,0x01,0x0e,0x1f,0x0a,0xf0,0x60,0x3f,0x70,0x09,0x1f,0x0e,
    0x02,0xf0,0x60,0x3f,0x60,0x03,0x2f,0x07,0xf0,0x70,0x3f,0x60,0x0c,0x1f,0x0d,0xf0,0x80,0x3f,0x50,0x07,0x2f,0x04,0xf0,0x80,
    0x3f,0x40,0x02,0x0e,0x1f,0x0a,0xf0,0x90,0x3f,0x40,0x0a,0x1f,0x0e,0x02,0x30,0x04,0x09,0x0b,0x1c,0x0a,0x07,0x02,0xd0,0x3f,
    0x30,0x04,0x2f,0x07,0x20,0x03,0x0c,0x7f,0x09,0x01,0xb0,0x3f,0x30,0x0d,0x1f,0x0d,0x20,0x03,0xaf,0x0b,0xb0,0x3f,0x20,0x08,
    0x2f,0x04,0x10,0x01,0x0d,0xbf,0x06,0xf0,0x00,0x02,0x2f,0x0a,0x20,0x07,0x3f,0x08,0x02,0x00,0x02,0x06,0x0e,0x2f,0x0c,0xf0,
    0x00,0x0b,0x1f,0x0e,0x01,0x20,0x0c,0x2f,0x07,0x40,0x05,0x2f,0x0e,0xf0,0x05,0x2f,0x06,0x30,0x0e,0x2f,0x02,0x40,0x01,0x2f,
    0x0e,0xe0,0x01,0x0d,0x1f,0x0c,0x40,0x31,0x50,0x02,0x2f,0x0c,0xe0,0x09,0x2f,0x03,0xe0,0x0a,0x2f,0x06,0xd0,0x03,0x2f,0x09,
    0xe0,0x05,0x2f,0x0c,0xe0,0x0c,0x1f,0x0e,0x01,0xd0,0x05,0x2f,0x0e,0x02,0xd0,0x06,0x2f,0x06,0xd0,0x05,0x2f,0x0e,0x03,0xd0,
    0x01,0x0e,0x1f,0x0c,0xd0,0x06,0x2f,0x0e,0x03,0xe0,0x09,0x2f,0x03,0xc0,0x07,0x2f,0x0d,0x02,0xe0,0x04,0x2f,0x09,0xc0,0x08,
    0x2f,0x0b,0x01,0xf0,0x0c,0x1f,0x0e,0x01,0xb0,0x09,0x2f,0x09,0xf0,0x10,0x01,0x09,0x0f,0x06,0xb0,0x0a,0x2f,0x06,0xf0,0x40,
    0x03,0xb0,0x0b,0x2f,0x0e,0x9d,0xf0,0x80,0xef,0xf0,0x80,0xef,0xf0,0x80,0xef,0x10,0x50,0x02,0x08,0x0c,0x0e,0x0f,0x0e,0x0c,
    0x08,0x03,0xf0,0xd0,0x08,0x8f,0x0a,0x01,0xf0,0xa0,0x0a,0xaf,0x0c,0x01,0xf0,0x80,0x05,0x5f,0x0d,0x5f,0x07,0xf0,0x80,0x0b,
    0x2f,0x0d,0x04,0x20,0x04,0x0d,0x2f,0x0c,0xa0,0x02,0x07,0xb0,0x0e,0x2f,0x03,0x40,0x04,0x2f,0x0e,0xa0,0x0b,0x0f,0x0c,0x03,
    0x90,0x33,0x50,0x01,0x2f,0x0e,0x90,0x06,0x2f,0x04,0xf0,0x30,0x04,0x2f,0x0a,0x80,0x01,0x0e,0x1f,0x0a,0xf0,0x30,0x05,0x0e,
    0x1f,0x0e,0x02,0x80,0x0a,0x1f,0x0e,0x01,0xe0,0x01,0x2d,0x3f,0x0d,0x03,0x80,0x05,0x2f,0x05,0xf0,0x02,0x5f,0x0d,0x01,0x80,
    0x01,0x0d,0x1f,0x0b,0xf0,0x00,0x01,0x6f,0x0e,0x05,0x70,0x09,0x1f,0x0e,0x02,0xf0,0x40,0x01,0x06,0x0e,0x2f,0x04,0x50,0x04,
    0x2f,0x06,0xf0,0x70,0x04,0x2f,0x0b,0x50,0x0d,0x1f,0x0c,0xe0,0x34,0x50,0x01,0x2f,0x0e,0x40,0x08,0x2f,0x02,0xe0,0x0e,0x2f,
    0x04,0x40,0x04,0x2f,0x0e,0x30,0x03,0x2f,0x07,0xf0,0x0b,0x2f,0x0e,0x06,0x02,0x00,0x02,0x06,0x0e,0x2f,0x0c,0x30,0x0c,0x1f,
    0x0c,0xf0,0x00,0x05,0xcf,0x06,0x20,0x06,0x2f,0x03,0x40,0x07,0x3f,0x70,0x09,0xaf,0x0b,0x20,0x02,0x0e,0x1f,0x08,0x40,0x03,
    0x4f,0x80,0x07,0x0e,0x7f,0x08,0x30,0x0b,0x1f,0x0d,0x01,0x30,0x01,0x0d,0x4f,0x90,0x01,0x06,0x0a,0x0c,0x0d,0x0c,0x0a,0x06,
    0x02,0x30,0x05,0x2f,0x04,0x40,0x0b,0x5f,0xf0,0x50,0x01,0x0e,0x1f,0x09,0x40,0x07,0x6f,0xf0,0x50,0x09,0x1f,0x0e,0x01,0x30,
    0x04,0x2f,0x0a,0x3f,0xf0,0x40,0x04,0x2f,0x05,0x30,0x01,0x0d,0x1f,0x0c,0x01,0x3f,0xf0,0x30,0x01,0x0d,0x1f,0x0a,0x40,0x0b,
    0x1f,0x0e,0x02,0x00,0x3f,0xf0,0x30,0x08,0x1f,0x0e,0x02,0x30,0x07,0x2f,0x03,0x10,0x3f,0xf0,0x20,0x03,0x2f,0x06,0x30,0x04,
    0x2f,0x06,0x20,0x3f,0xf0,0x20,0x0c,0x1f,0x0b,0x30,0x01,0x0e,0x1f,0x08,0x30,0x3f,0xf0,0x10,0x07,0x2f,0x02,0x30,0x0b,0x1f,
    0x0b,0x40,0x3f,0xf0,0x00,0x02,0x0e,0x1f,0x07,0x30,0x08,0x2f,0x5d,0x3f,0x1d,0x06,0xd0,0x0b,0x1f,0x0c,0x40,0x0d,0xef,0x08,
    0xc0,0x06,0x2f,0x03,0x40,0x0d,0xef,0x08,0xc0,0x0c,0x1f,0x08,0x50,0x0d,0xef,0x08,0xc0,0x01,0x0b,0x0d,0x01,0xf0,0x3f,0xf0,
    0x10,0x02,0xf0,0x00,0x3f,0xf0,0xf0,0x30,0x3f,0xf0,0xf0,0x30,0x3f,0xf0,0xf0,0x30,0x38,0x30,0xa0,0x04,0x07,0x04,0xf0,0x40,
    0x08,0x2f,0x08,0xf0,0x30,0x0e,0x2f,0x0e,0xf0,0x30,0x0e,0x2f,0x0e,0xf0,0x30,0x08,0x2f,0x08,0xf0,0x40,0x04,0x07,0x04,0xf0,
    0xf0,0xf0,0xf0,0xf0,0xf0,0xf0,0x80,0x01,0x32,0xf0,0x30,0x0b,0x3f,0xf0,0x30,0x0d,0x2f,0x0e,0xf0,0x30,0x0e,0x2f,0x0c,0xf0,
    0x20,0x03,0x3f,0x0a,0xf0,0x20,0x0a,0x3f,0x05,0xf0,0x10,0x05,0x3f,0x0e,0x01,0xf0,0x00,0x04,0x4f,0x05,0xf0,0x00,0x03,0x0e,
    0x3f,0x09,0xf0,0x00,0x02,0x0e,0x3f,0x0c,0x01,0xf0,0x01,0x0d,0x3f,0x0d,0x01,0xf0,0x00,0x0a,0x3f,0x0e,0x02,0xf0,0x00,0x04,
    0x3f,0x0e,0x03,0xf0,0x10,0x0c,0x3f,0x05,0xf0,0x10,0x04,0x3f,0x0b,0xf0,0x20,0x09,0x3f,0x03,0xf0,0x20,0x0c,0x2f,0x0e,0xf0,
    0x30,0x0e,0x2f,0x0c,0xf0,0x30,0x3f,0x0b,0xa0,0x33,0x02,0x30,0x0e,0x2f,0x0c,0x90,0x01,0x3f,0x0a,0x30,0x0c,0x3f,0x01,0x80,
    0x04,0x3f,0x08,0x30,0x08,0x3f,0x06,0x80,0x0b,0x3f,0x05,0x30,0x03,0x3f,0x0e,0x03,0x60,0x08,0x3f,0x0e,0x50,0x0b,0x4f,0x09,
    0x03,0x01,0x00,0x02,0x05,0x0c,0x4f,0x06,0x50,0x02,0x0e,0xef,0x08,0x70,0x03,0x0d,0xcf,0x08,0x90,0x01,0x09,0x0e,0x8f,0x0c,
    0x03,0xc0,0x01,0x05,0x09,0x0b,0x0c,0x0d,0x0c,0x0a,0x07,0x03,0x70,0x80,0x04,0x4f,0x04,0xf0,0xb0,0x06,0x3f,0x0d,0x01,0xf0,
    0xb0,0x08,0x3f,0x09,0xf0,0xc0,0x0a,0x3f,0x03,0xf0,0xb0,0x01,0x0c,0x2f,0x0d,0xf0,0xc0,0x01,0x0d,0x2f,0x08,0xf0,0xc0,0x02,
    0x0e,0x2f,0x03,0xf0,0xc0,0x03,0x28,0x05,0xf0,0xf0,0xf0,0xf0,0xf0,0xf0,0x04,0x3f,0x06,0xf0,0xb0,0x0a,0x3f,0x0c,0xf0,0xa0,
    0x01,0x0e,0x4f,0x03,0xf0,0x90,0x06,0x5f,0x09,0xf0,0x90,0x0c,0x5f,0x0e,0x01,0xf0,0x70,0x02,0x7f,0x06,0xf0,0x70,0x08,0x2f,
    0x0d,0x0c,0x2f,0x0c,0xf0,0x70,0x0e,0x2f,0x08,0x06,0x3f,0x02,0xf0,0x50,0x04,0x3f,0x03,0x01,0x3f,0x08,0xf0,0x50,0x0a,0x2f,
    0x0c,0x10,0x0a,0x2f,0x0e,0xf0,0x40,0x01,0x3f,0x07,0x10,0x04,0x3f,0x05,0xf0,0x30,0x07,0x3f,0x02,0x20,0x0e,0x2f,0x0b,0xf0,
    0x30,0x0c,0x2f,0x0b,0x30,0x08,0x3f,0x02,0xf0,0x10,0x03,0x3f,0x06,0x30,0x02,0x3f,0x08,0xf0,0x10,0x09,0x2f,0x0e,0x01,0x40,
    0x0c,0x2f,0x0d,0xf0,0x10,0x0e,0x2f,0x0a,0x50,0x06,0x3f,0x04,0xf0,0x05,0x3f,0x04,0x50,0x01,0x3f,0x0a,0xf0,0x0b,0x2f,0x0e,
    0x70,0x0a,0x3f,0x01,0xd0,0x01,0x3f,0x09,0x70,0x04,0x3f,0x07,0xd0,0x07,0x3f,0x03,0x80,0x0e,0x2f,0x0d,0xd0,0x0d,0x2f,0x0d,
    0x90,0x08,0x3f,0x03,0xb0,0x03,0x3f,0x07,0x90,0x02,0x3f,0x09,0xb0,0x09,0x3f,0x02,0xa0,0x0c,0x2f,0x0e,0x01,0x90,0x01,0x0e,
    0x3f,0xbd,0x4f,0x06,0x90,0x05,0xff,0x5f,0x0c,0x90,0x0b,0xff,0x6f,0x03,0x70,0x02,0xff,0x7f,0x09,0x70,0x07,0x3f,0x05,0xe0,
    0x0e,0x2f,0x0e,0x70,0x0d,0x2f,0x0e,0xf0,0x08,0x3f,0x05,0x50,0x04,0x3f,0x09,0xf0,0x03,0x3f,0x0b,0x50,0x0a,0x3f,0x04,0xf0,
    0x00,0x0c,0x3f,0x02,0x30,0x01,0x0e,0x2f,0x0d,0xf0,0x10,0x06,0x3f,0x08,0x30,0x06,0x3f,0x08,0xf0,0x10,0x01,0x3f,0x0e,0x30,
    0x0c,0x3f,0x03,0xf0,0x20,0x0a,0x3f,0x05,0x10,0x02,0x3f,0x0c,0xf0,0x30,0x04,0x3f,0x0a,0x10,0x08,0x3f,0x07,0xf0,0x40,0x0e,
    0x3f,0x01,0x00,0x0d,0x3f,0x01,0xf0,0x40,0x08,0x3f,0x07,0xf0,0x20,0x0c,0x3f,0x0c,0x01,0xf0,0x90,0x07,0x3f,0x0d,0x02,0xf0,
    0x90,0x02,0x3f,0x0d,0x02,0xf0,0xa0,0x0c,0x2f,0x0e,0x03,0xf0,0xa0,0x07,0x2f,0x0e,0x03,0xf0,0xa0,0x02,0x3f,0x04,0xf0,0xb0,
    0x0c,0x2f,0x04,0xf0,0xb0,0x02,0x28,0x04,0xf0,0xf0,0xf0,0xf0,0xf0,0xf0,0x00,0x04,0x3f,0x06,0xf0,0xb0,0x0a,0x3f,0x0c,0xf0,
    0xa0,0x01,0x0e,0x4f,0x03,0xf0,0x90,0x06,0x5f,0x09,0xf0,0x90,0x0c,0x5f,0x0e,0x01,0xf0,0x70,0x02,0x7f,0x06,0xf0,0x70,0x08,
    0x2f,0x0d,0x0c,0x2f,0x0c,0xf0,0x70,0x0e,0x2f,0x08,0x06,0x3f,0x02,0xf0,0x50,0x04,0x3f,0x03,0x01,0x3f,0x08,0xf0,0x50,0x0a,
    0x2f,0x0c,0x10,0x0a,0x2f,0x0e,0xf0,0x40,0x01,0x3f,0x07,0x10,0x04,0x3f,0x05,0xf0,0x30,0x07,0x3f,0x02,0x20,0x0e,0x2f,0x0b,
    0xf0,0x30,0x0c,0x2f,0x0b,0x30,0x08,0x3f,0x02,0xf0,0x10,0x03,0x3f,0x06,0x30,0x02,0x3f,0x08,0xf0,0x10,0x09,0x2f,0x0e,0x01,
    0x40,0x0c,0x2f,0x0d,0xf0,0x10,0x0e,0x2f,0x0a,0x50,0x06,0x3f,0x04,0xf0,0x05,0x3f,0x04,0x50,0x01,0x3f,0x0a,0xf0,0x0b,0x2f,
    0x0e,0x70,0x0a,0x3f,0x01,0xd0,0x01,0x3f,0x09,0x70,0x04,0x3f,0x07,0xd0,0x07,0x3f,0x03,0x80,0x0e,0x2f,0x0d,0xd0,0x0d,0x2f,
    0x0d,0x90,0x08,0x3f,0x03,0xb0,0x03,0x3f,0x07,0x90,0x02,0x3f,0x09,0xb0,0x09,0x3f,0x02,0xa0,0x0c,0x2f,0x0e,0x01,0x90,0x01,
    0x0e,0x3f,0xbd,0x4f,0x06,0x90,0x05,0xff,0x5f,0x0c,0x90,0x0b,0xff,0x6f,0x03,0x70,0x02,0xff,0x7f,0x09,0x70,0x07,0x3f,0x05,
    0xe0,0x0e,0x2f,0x0e,0x70,0x0d,0x2f,0x0e,0xf0,0x08,0x3f,0x05,0x50,0x04,0x3f,0x09,0xf0,0x03,0x3f,0x0b,0x50,0x0a,0x3f,0x04,
    0xf0,0x00,0x0c,0x3f,0x02,0x30,0x01,0x0e,0x2f,0x0d,0xf0,0x10,0x06,0x3f,0x08,0x30,0x06,0x3f,0x08,0xf0,0x10,0x01,0x3f,0x0e,
    0x30,0x0c,0x3f,0x03,0xf0,0x20,0x0a,0x3f,0x05,0x10,0x02,0x3f,0x0c,0xf0,0x30,0x04,0x3f,0x0a,0x10,0x08,0x3f,0x07,0xf0,0x40,
    0x0e,0x3f,0x01,0x00,0x0d,0x3f,0x01,0xf0,0x40,0x08,0x3f,0x07,0xe0,0x0b,0x1f,0x0e,0x02,0xf0,0xb0,0x0a,0x3f,0x0d,0x02,0xf0,
    0x90,0x09,0x5f,0x0c,0x01,0xf0,0x70,0x07,0x2f,0x09,0x04,0x2f,0x0c,0x01,0xf0,0x50,0x06,0x2f,0x0a,0x10,0x05,0x2f,0x0b,0xf0,
    0x40,0x05,0x2f,0x0b,0x30,0x06,0x2f,0x0a,0xf0,0x20,0x03,0x2f,0x0c,0x01,0x40,0x06,0x2f,0x09,0xf0,0xf0,0xf0,0xf0,0xf0,0xf0,
    0xf0,0xc0,0x04,0x3f,0x06,0xf0,0xb0,0x0a,0x3f,0x0c,0xf0,0xa0,0x01,0x0e,0x4f,0x03,0xf0,0x90,0x06,0x5f,0x09,0xf0,0x90,0x0c,
    0x5f,0x0e,0x01,0xf0,0x70,0x02,0x7f,0x06,0xf0,0x70,0x08,0x2f,0x0d,0x0c,0x2f,0x0c,0xf0,0x70,0x0e,0x2f,0x08,0x06,0x3f,0x02,
    0xf0,0x50,0x04,0x3f,0x03,0x01,0x3f,0x08,0xf0,0x50,0x0a,0x2f,0x0c,0x10,0x0a,0x2f,0x0e,0xf0,0x40,0x01,0x3f,0x07,0x10,0x04,
    0x3f,0x05,0xf0,0x30,0x07,0x3f,0x02,0x20,0x0e,0x2f,0x0b,0xf0,0x30,0x0c,0x2f,0x0b,0x30,0x08,0x3f,0x02,0xf0,0x10,0x03,0x3f,
    0x06,0x30,0x02,0x3f,0x08,0xf0,0x10,0x09,0x2f,0x0e,0x01,0x40,0x0c,0x2f,0x0d,0xf0,0x10,0x0e,0x2f,0x0a,0x50,0x06,0x3f,0x04,
    0xf0,0x05,0x3f,0x04,0x50,0x01,0x3f,0x0a,0xf0,0x0b,0x2f,0x0e,0x70,0x0a,0x3f,0x01,0xd0,0x01,0x3f,0x09,0x70,0x04,0x3f,0x07,
    0xd0,0x07,0x3f,0x03,0x80,0x0e,0x2f,0x0d,0xd0,0x0d,0x2f,0x0d,0x90,0x08,0x3f,0x03,0xb0,0x03,0x3f,0x07,0x90,0x02,0x3f,0x09,
    0xb0,0x09,0x3f,0x02,0xa0,0x0c,0x2f,0x0e,0x01,0x90,0x01,0x0e,0x3f,0xbd,0x4f,0x06,0x90,0x05,0xff,0x5f,0x0c,0x90,0x0b,0xff,
    0x6f,0x03,0x70,0x02,0xff,0x7f,0x09,0x70,0x07,0x3f,0x05,0xe0,0x0e,0x2f,0x0e,0x70,0x0d,0x2f,0x0e,0xf0,0x08,0x3f,0x05,0x50,
    0x04,0x3f,0x09,0xf0,0x03,0x3f,0x0b,0x50,0x0a,0x3f,0x04,0xf0,0x00,0x0c,0x3f,0x02,0x30,0x01,0x0e,0x2f,0x0d,0xf0,0x10,0x06,
    0x3f,0x08,0x30,0x06,0x3f,0x08,0xf0,0x10,0x01,0x3f,0x0e,0x30,0x0c,0x3f,0x03,0xf0,0x20,0x0a,0x3f,0x05,0x10,0x02,0x3f,0x0c,
    0xf0,0x30,0x04,0x3f,0x0a,0x10,0x08,0x3f,0x07,0xf0,0x40,0x0e,0x3f,0x01,0x00,0x0d,0x3f,0x01,0xf0,0x40,0x08,0x3f,0x07,0xf0,
    0x60,0x06,0x04,0x03,0xf0,0x10,0x01,0x08,0x0d,0x0f,0x0e,0x0a,0x03,0x40,0x03,0x1f,0x0e,0xf0,0x00,0x03,0x0d,0x5f,0x0b,0x04,
    0x10,0x02,0x0c,0x1f,0x0c,0xf0,0x01,0x0d,0x8f,0x0e,0x0d,0x3f,0x07,0xf0,0x06,0x3f,0x0d,0x0e,0x8f,0x0d,0x01,0xf0,0x0c,0x1f,
    0x0c,0x02,0x10,0x04,0x0c,0x5f,0x0e,0x03,0xf0,0x00,0x0e,0x1f,0x03,0x40,0x04,0x0b,0x0e,0x0f,0x0d,0x09,0x02,0xf0,0x10,0x25,
    0xf0,0xf0,0xf0,0xf0,0xf0,0xf0,0x80,0x05,0x3f,0x06,0xf0,0xb0,0x0b,0x3f,0x0c,0xf0,0xa0,0x02,0x5f,0x03,0xf0,0x90,0x07,0x5f,
    0x09,0xf0,0x90,0x0d,0x5f,0x0e,0xf0,0x80,0x04,0x7f,0x05,0xf0,0x70,0x09,0x2f,0x0d,0x0c,0x2f,0x0b,0xf0,0x60,0x01,0x0e,0x2f,
    0x08,0x06,0x3f,0x02,0xf0,0x50,0x06,0x3f,0x03,0x01,0x3f,0x08,0xf0,0x50,0x0b,0x2f,0x0c,0x10,0x0a,0x2f,0x0e,0xf0,0x40,0x02,
    0x3f,0x07,0x10,0x04,0x3f,0x05,0xf0,0x30,0x08,0x3f,0x02,0x20,0x0e,0x2f,0x0b,0xf0,0x30,0x0d,0x2f,0x0b,0x30,0x08,0x3f,0x02,
    0xf0,0x10,0x04,0x3f,0x06,0x30,0x02,0x3f,0x07,0xf0,0x10,0x09,0x2f,0x0e,0x01,0x40,0x0c,0x2f,0x0d,0xf0,0x00,0x01,0x0e,0x2f,
    0x0a,0x50,0x06,0x3f,0x04,0xf0,0x06,0x3f,0x04,0x50,0x01,0x3f,0x0a,0xf0,0x0b,0x2f,0x0e,0x70,0x0a,0x3f,0x01,0xd0,0x02,0x3f,
    0x09,0x70,0x04,0x3f,0x07,0xd0,0x08,0x3f,0x03,0x80,0x0e,0x2f,0x0c,0xd0,0x0d,0x2f,0x0d,0x90,0x08,0x3f,0x03,0xb0,0x04,0x3f,
    0x07,0x90,0x02,0x3f,0x09,0xb0,0x0a,0x3f,0x02,0xa0,0x0c,0x2f,0x0e,0x01,0x90,0x01,0x0e,0x3f,0xbd,0x4f,0x06,0x90,0x06,0xff,
    0x5f,0x0c,0x90,0x0c,0xff,0x6f,0x03,0x70,0x02,0xff,0x7f,0x08,0x70,0x08,0x3f,0x05,0xe0,0x0e,0x2f,0x0e,0x70,0x0d,0x2f,0x0e,
    0xf0,0x08,0x3f,0x05,0x50,0x04,0x3f,0x09,0xf0,0x03,0x3f,0x0b,0x50,0x0a,0x3f,0x04,0xf0,0x00,0x0c,0x3f,0x02,0x30,0x01,0x3f,
    0x0d,0xf0,0x10,0x06,0x3f,0x08,0x30,0x06,0x3f,0x08,0xf0,0x10,0x01,0x3f,0x0d,0x30,0x0c,0x3f,0x03,0xf0,0x20,0x0a,0x3f,0x05,
    0x10,0x02,0x3f,0x0c,0xf0,0x30,0x04,0x3f,0x0a,0x10,0x08,0x3f,0x07,0xf0,0x40,0x0e,0x3f,0x01,0x00,0x0d,0x3f,0x01,0xf0,0x40,
    0x08,0x3f,0x07,0x80,0x02,0x0a,0x1e,0x0a,0x02,0x40,0x02,0x0a,0x1e,0x0a,0x01,0xf0,0x00,0x0b,0x3f,0x0b,0x40,0x0b,0x3f,0x0b,
    0xf0,0x00,0x0e,0x3f,0x0e,0x40,0x0e,0x3f,0x0e,0xf0,0x00,0x0b,0x3f,0x0b,0x40,0x0b,0x3f,0x0b,0xf0,0x00,0x02,0x0a,0x1e,0x0a,
    0x02,0x40,0x02,0x0a,0x1e,0x0a,0x02,0xf0,0xf0,0xf0,0xf0,0xf0,0xf0,0xf0,0xc0,0x0e,0x2f,0x07,0xf0,0xb0,0x05,0x3f,0x0c,0xf0,
    0xb0,0x0b,0x4f,0x03,0xf0,0x90,0x02,0x5f,0x09,0xf0,0x90,0x07,0x5f,0x0e,0x01,0xf0,0x80,0x0d,0x6f,0x06,0xf0,0x70,0x04,0x2f,
    0x0d,0x0c,0x2f,0x0c,0xf0,0x70,0x0a,0x2f,0x08,0x06,0x3f,0x03,0xf0,0x50,0x01,0x3f,0x03,0x01,0x3f,0x08,0xf0,0x50,0x06,0x2f,
    0x0c,0x10,0x0a,0x2f,0x0e,0xf0,0x50,0x0c,0x2f,0x07,0x10,0x04,0x3f,0x05,0xf0,0x30,0x03,0x3f,0x02,0x20,0x0e,0x2f,0x0b,0xf0,
    0x30,0x09,0x2f,0x0b,0x30,0x08,0x3f,0x02,0xf0,0x10,0x01,0x0e,0x2f,0x06,0x30,0x02,0x3f,0x08,0xf0,0x10,0x05,0x2f,0x0e,0x01,
    0x40,0x0c,0x2f,0x0d,0xf0,0x10,0x0b,0x2f,0x0a,0x50,0x06,0x3f,0x04,0xf0,0x02,0x3f,0x04,0x50,0x01,0x3f,0x0a,0xf0,0x08,0x2f,
    0x0e,0x70,0x0a,0x3f,0x01,0xe0,0x0e,0x2f,0x09,0x70,0x04,0x3f,0x07,0xd0,0x05,0x3f,0x03,0x80,0x0e,0x2f,0x0d,0xd0,0x0a,0x2f,
    0x0d,0x90,0x08,0x3f,0x04,0xb0,0x01,0x3f,0x07,0x90,0x02,0x3f,0x09,0xb0,0x07,0x3f,0x02,0xa0,0x0c,0x2f,0x0e,0x01,0xa0,0x0d,
    0x3f,0xbd,0x4f,0x06,0x90,0x04,0xff,0x5f,0x0c,0x90,0x0a,0xff,0x6f,0x03,0x70,0x01,0x0e,0xff,0x6f,0x09,0x70,0x06,0x3f,0x05,
    0xe0,0x0e,0x2f,0x0e,0x70,0x0c,0x2f,0x0e,0xf0,0x08,0x3f,0x05,0x50,0x03,0x3f,0x09,0xf0,0x03,0x3f,0x0b,0x50,0x09,0x3f,0x04,
    0xf0,0x00,0x0c,0x3f,0x02,0x40,0x0e,0x2f,0x0d,0xf0,0x10,0x06,0x3f,0x08,0x30,0x05,0x3f,0x08,0xf0,0x10,0x01,0x3f,0x0e,0x30,
    0x0b,0x3f,0x03,0xf0,0x20,0x0a,0x3f,0x05,0x10,0x02,0x3f,0x0c,0xf0,0x30,0x04,0x3f,0x0a,0x10,0x08,0x3f,0x07,0xf0,0x40,0x0e,
    0x3f,0x02,0x00,0x0d,0x3f,0x01,0xf0,0x40,0x08,0x3f,0x07,0xf0,0x01,0x02,0x01,0xf0,0xc0,0x05,0x0c,0x2f,0x0b,0x04,0xf0,0x90,
    0x08,0x6f,0x06,0xf0,0x70,0x04,0x1f,0x0d,0x04,0x01,0x05,0x0e,0x1f,0x02,0xf0,0x60,0x0b,0x1f,0x04,0x20,0x06,0x1f,0x09,0xf0,
    0x60,0x0e,0x0f,0x0e,0x30,0x01,0x1f,0x0c,0xf0,0x60,0x0e,0x0f,0x0e,0x30,0x01,0x1f,0x0c,0xf0,0x60,0x0c,0x1f,0x04,0x20,0x06,
    0x1f,0x09,0xf0,0x60,0x06,0x1f,0x0d,0x04,0x01,0x05,0x0e,0x1f,0x03,0xf0,0x70,0x09,0x6f,0x07,0xf0,0x90,0x06,0x0d,0x2f,0x0b,
    0x04,0xf0,0xc0,0x01,0x02,0x01,0xf0,0xf0,0xf0,0xf0,0x0d,0x2f,0x05,0xf0,0xb0,0x04,0x3f,0x0b,0xf0,0xb0,0x0a,0x4f,0x02,0xf0,
    0x90,0x01,0x5f,0x08,0xf0,0x90,0x07,0x5f,0x0e,0xf0,0x90,0x0d,0x6f,0x05,0xf0,0x70,0x03,0x2f,0x0d,0x0c,0x2f,0x0b,0xf0,0x70,
    0x09,0x2f,0x08,0x06,0x3f,0x02,0xf0,0x50,0x01,0x0e,0x2f,0x03,0x01,0x3f,0x07,0xf0,0x50,0x06,0x2f,0x0c,0x10,0x0a,0x2f,0x0d,
    0xf0,0x50,0x0c,0x2f,0x07,0x10,0x04,0x3f,0x04,0xf0,0x30,0x03,0x3f,0x02,0x20,0x0e,0x2f,0x0a,0xf0,0x30,0x09,0x2f,0x0b,0x30,
    0x08,0x3f,0x01,0xf0,0x20,0x0e,0x2f,0x06,0x30,0x02,0x3f,0x07,0xf0,0x10,0x05,0x2f,0x0e,0x01,0x40,0x0c,0x2f,0x0d,0xf0,0x10,
    0x0b,0x2f,0x0a,0x50,0x06,0x3f,0x04,0xf0,0x02,0x3f,0x04,0x50,0x01,0x3f,0x09,0xf0,0x08,0x2f,0x0e,0x70,0x0a,0x2f,0x0e,0x01,
    0xe0,0x0d,0x2f,0x09,0x70,0x04,0x3f,0x06,0xd0,0x04,0x3f,0x03,0x80,0x0e,0x2f,0x0c,0xd0,0x0a,0x2f,0x0d,0x90,0x08,0x3f,0x03,
    0xb0,0x01,0x3f,0x07,0x90,0x02,0x3f,0x09,0xb0,0x07,0x3f,0x02,0xa0,0x0c,0x2f,0x0e,0x01,0xa0,0x0d,0x3f,0xbd,0x4f,0x06,0x90,
    0x04,0xff,0x5f,0x0c,0x90,0x09,0xff,0x6f,0x02,0x70,0x01,0x0e,0xff,0x6f,0x08,0x70,0x06,0x3f,0x05,0xe0,0x0e,0x2f,0x0e,0x70,
    0x0c,0x2f,0x0e,0xf0,0x08,0x3f,0x05,0x50,0x03,0x3f,0x09,0xf0,0x03,0x3f,0x0b,0x50,0x09,0x3f,0x04,0xf0,0x00,0x0c,0x3f,0x02,
    0x40,0x0e,0x2f,0x0d,0xf0,0x10,0x06,0x3f,0x08,0x30,0x05,0x3f,0x08,0xf0,0x10,0x01,0x3f,0x0d,0x30,0x0b,0x3f,0x03,0xf0,0x20,
    0x0a,0x3f,0x04,0x10,0x02,0x3f,0x0c,0xf0,0x30,0x04,0x3f,0x0a,0x10,0x08,0x3f,0x07,0xf0,0x40,0x0e,0x3f,0x01,0x00,0x0d,0x3f,
    0x01,0xf0,0x40,0x08,0x3f,0x07,0xf0,0x50,0x0c,0xff,0x6f,0x08,0xf0,0x70,0x07,0xff,0x7f,0x08,0xf0,0x60,0x02,0x0e,0xff,0x7f,
    0x08,0xf0,0x60,0x0a,0x8f,0xfd,0x06,0xf0,0x50,0x04,0x8f,0x04,0xf0,0xf0,0x60,0x0d,0x2f,0x0e,0x0a,0x3f,0x04,0xf0,0xf0,0x50,
    0x07,0x3f,0x07,0x08,0x3f,0x05,0xf0,0xf0,0x40,0x02,0x0e,0x2f,0x0d,0x01,0x08,0x3f,0x05,0xf0,0xf0,0x40,0x0a,0x3f,0x05,0x00,
    0x07,0x3f,0x06,0xf0,0xf0,0x30,0x04,0x3f,0x0c,0x10,0x06,0x3f,0x06,0xf0,0xf0,0x30,0x0d,0x3f,0x03,0x10,0x06,0x3f,0x07,0xf0,
    0xf0,0x20,0x07,0x3f,0x09,0x20,0x05,0x3f,0x07,0xf0,0xf0,0x10,0x02,0x0e,0x2f,0x0e,0x01,0x20,0x04,0x3f,0x08,0xf0,0xf0,0x10,
    0x0a,0x3f,0x07,0x30,0x04,0x3f,0x08,0xf0,0xf0,0x00,0x04,0x3f,0x0d,0x40,0x03,0x3f,0x09,0xf0,0xf0,0x00,0x0d,0x3f,0x05,0x40,
    0x02,0x3f,0x0a,0xf0,0xf0,0x07,0x3f,0x0b,0x50,0x02,0xff,0x2f,0x08,0xf0,0x02,0x0e,0x3f,0x03,0x50,0x01,0xff,0x2f,0x08,0xf0,
    0x0a,0x3f,0x09,0x60,0x01,0xff,0x2f,0x08,0xe0,0x04,0x3f,0x0e,0x01,0x70,0x4f,0xdd,0x06,0xe0,0x0d,0x3f,0x07,0x80,0x0e,0x2f,
    0x0c,0xf0,0xc0,0x07,0x3f,0x0d,0x90,0x0e,0x2f,0x0d,0xf0,0xb0,0x02,0x4f,0x04,0x90,0x0d,0x2f,0x0d,0xf0,0xb0,0x0b,0x3f,0x0b,
    0xa0,0x0d,0x2f,0x0e,0xf0,0xa0,0x05,0xff,0x4f,0x0e,0xf0,0xa0,0x0d,0xff,0x5f,0xf0,0x90,0x08,0xff,0x6f,0xf0,0x80,0x02,0x5f,
    0xcd,0x4f,0x01,0xf0,0x70,0x0b,0x3f,0x0c,0xd0,0x09,0x3f,0x01,0xf0,0x60,0x05,0x4f,0x04,0xd0,0x09,0x3f,0x02,0xf0,0x50,0x01,
    0x0d,0x3f,0x0a,0xe0,0x08,0x3f,0x02,0xf0,0x50,0x08,0x4f,0x02,0xe0,0x07,0x3f,0x03,0xf0,0x40,0x02,0x4f,0x08,0xf0,0x07,0x3f,
    0x03,0xf0,0x40,0x0b,0x3f,0x0e,0x01,0xf0,0x06,0x4f,0xfd,0x0d,0x06,0x10,0x05,0x4f,0x06,0xf0,0x00,0x06,0xff,0x5f,0x08,0x00,
    0x01,0x0d,0x3f,0x0c,0xf0,0x10,0x05,0xff,0x5f,0x08,0x00,0x08,0x4f,0x03,0xf0,0x10,0x04,0xff,0x5f,0x08,0x00,0xd0,0x02,0x04,
    0x06,0x17,0x06,0x05,0x03,0xf0,0x60,0x02,0x08,0x0d,0x7f,0x0e,0x0a,0x04,0xf0,0x10,0x01,0x09,0xdf,0x0b,0x02,0xe0,0x03,0x0e,
    0xff,0x0e,0x05,0xc0,0x04,0x5f,0x0e,0x0a,0x08,0x16,0x07,0x09,0x0d,0x5f,0x05,0xa0,0x03,0x4f,0x0e,0x05,0x70,0x04,0x0d,0x4f,
    0x03,0x90,0x0c,0x3f,0x0b,0x01,0x90,0x01,0x0b,0x3f,0x0c,0x80,0x08,0x3f,0x0b,0xc0,0x01,0x0e,0x3f,0x05,0x60,0x01,0x0e,0x2f,
    0x0e,0x01,0xd0,0x05,0x3f,0x0c,0x60,0x07,0x3f,0x06,0xf0,0x0e,0x3f,0x02,0x50,0x0d,0x2f,0x0e,0xf0,0x00,0x09,0x3f,0x06,0x40,
    0x03,0x3f,0x09,0xf0,0x00,0x05,0x3f,0x09,0x40,0x07,0x3f,0x04,0xf0,0x00,0x02,0x3c,0x09,0x40,0x0a,0x3f,0x01,0xf0,0xb0,0x0c,
    0x2f,0x0e,0xf0,0xc0,0x0e,0x2f,0x0c,0xf0,0xc0,0x0e,0x2f,0x0b,0xf0,0xc0,0x3f,0x0b,0xf0,0xc0,0x3f,0x0b,0xf0,0xc0,0x3f,0x0b,
    0xf0,0xc0,0x3f,0x0b,0xf0,0xc0,0x3f,0x0b,0xf0,0xc0,0x3f,0x0b,0xf0,0xc0,0x0e,0x2f,0x0c,0xf0,0xc0,0x0c,0x2f,0x0e,0xf0,0xc0,
    0x0a,0x3f,0x02,0xf0,0xb0,0x07,0x3f,0x04,0xf0,0x00,0x02,0x3b,0x08,0x40,0x03,0x3f,0x09,0xf0,0x00,0x05,0x3f,0x09,0x50,0x0d,
    0x2f,0x0e,0xf0,0x00,0x09,0x3f,0x06,0x50,0x07,0x3f,0x06,0xf0,0x0e,0x3f,0x02,0x50,0x01,0x3f,0x0d,0x01,0xd0,0x05,0x3f,0x0b,
    0x70,0x08,0x3f,0x0a,0xc0,0x01,0x0e,0x3f,0x05,0x70,0x01,0x0d,0x3f,0x09,0xa0,0x01,0x0b,0x3f,0x0c,0x90,0x03,0x4f,0x0c,0x03,
    0x70,0x05,0x0d,0x3f,0x0e,0x02,0xa0,0x04,0x0e,0x4f,0x0c,0x08,0x26,0x07,0x0a,0x0d,0x5f,0x04,0xc0,0x04,0x0e,0xff,0x0e,0x04,
    0xe0,0x01,0x09,0xdf,0x0a,0x02,0xf0,0x10,0x03,0x09,0x0e,0x7f,0x0d,0x09,0x03,0xf0,0x60,0x03,0x0a,0x2f,0x06,0x04,0x02,0xf0,
    0xa0,0x0a,0x1f,0x0d,0x03,0xf0,0xc0,0x0d,0x3f,0x0c,0x04,0xf0,0x90,0x01,0x0c,0x0e,0x4f,0x04,0xf0,0xb0,0x02,0x0b,0x2f,0x0b,
    0xf0,0xc0,0x02,0x2f,0x0e,0xf0,0xc0,0x01,0x2f,0x0e,0xf0,0xc0,0x09,0x2f,0x0b,0xf0,0x80,0x01,0x06,0x08,0x0c,0x3f,0x05,0xf0,
    0x80,0x03,0x5f,0x07,0xf0,0x90,0x03,0x3f,0x0b,0x04,0xf0,0xa0,0x02,0x07,0x06,0x04,0x01,0xe0,0x60,0x04,0x4f,0x06,0xf0,0x70,
    0x05,0x3f,0x0e,0x02,0xf0,0x70,0x07,0x3f,0x0b,0xf0,0x80,0x08,0x3f,0x06,0xf0,0x80,0x0a,0x2f,0x0e,0x02,0xf0,0x80,0x0c,0x2f,
    0x0b,0xf0,0x80,0x01,0x0d,0x2f,0x06,0xf0,0x80,0x02,0x28,0x07,0xf0,0xf0,0xf0,0xf0,0xb0,0xff,0x6f,0x60,0xff,0x6f,0x60,0xff,
    0x6f,0x60,0x4f,0xfd,0x1d,0x60,0x3f,0x0b,0xf0,0x80,0x3f,0x0b,0xf0,0x80,0x3f,0x0b,0xf0,0x80,0x3f,0x0b,0xf0,0x80,0x3f,0x0b,
    0xf0,0x80,0x3f,0x0b,0xf0,0x80,0x3f,0x0b,0xf0,0x80,0x3f,0x0b,0xf0,0x80,0x3f,0x0b,0xf0,0x80,0x3f,0x0b,0xf0,0x80,0x3f,0x0b,
    0xf0,0x80,0x3f,0x0b,0xf0,0x80,0xff,0x4f,0x80,0xff,0x4f,0x80,0xff,0x4f,0x80,0x4f,0xfd,0x80,0x3f,0x0b,0xf0,0x80,0x3f,0x0b,
    0xf0,0x80,0x3f,0x0b,0xf0,0x80,0x3f,0x0b,0xf0,0x80,0x3f,0x0b,0xf0,0x80,0x3f,0x0b,0xf0,0x80,0x3f,0x0b,0xf0,0x80,0x3f,0x0b,
    0xf0,0x80,0x3f,0x0b,0xf0,0x80,0x3f,0x0b,0xf0,0x80,0x3f,0x0b,0xf0,0x80,0x3f,0x0b,0xf0,0x80,0x3f,0x0b,0xf0,0x80,0x4f,0xfd,
    0x1d,0x06,0x50,0xff,0x6f,0x08,0x50,0xff,0x6f,0x08,0x50,0xff,0x6f,0x08,0x10,0xf0,0x00,0x09,0x3f,0x0e,0x02,0xf0,0x50,0x04,
    0x3f,0x0e,0x03,0xf0,0x50,0x01,0x0d,0x2f,0x0e,0x03,0xf0,0x60,0x09,0x3f,0x04,0xf0,0x60,0x04,0x3f,0x05,0xf0,0x60,0x01,0x0d,
    0x2f,0x06,0xf0,0x70,0x09,0x2f,0x07,0xf0,0x70,0x01,0x07,0x18,0x06,0xf0,0xf0,0xf0,0xf0,0xc0,0xff,0x6f,0x60,0xff,0x6f,0x60,
    0xff,0x6f,0x60,0x4f,0xfd,0x1d,0x60,0x3f,0x0b,0xf0,0x80,0x3f,0x0b,0xf0,0x80,0x3f,0x0b,0xf0,0x80,0x3f,0x0b,0xf0,0x80,0x3f,
    0x0b,0xf0,0x80,0x3f,0x0b,0xf0,0x80,0x3f,0x0b,0xf0,0x80,0x3f,0x0b,0xf0,0x80,0x3f,0x0b,0xf0,0x80,0x3f,0x0b,0xf0,0x80,0x3f,
    0x0b,0xf0,0x80,0x3f,0x0b,0xf0,0x80,0xff,0x4f,0x80,0xff,0x4f,0x80,0xff,0x4f,0x80,0x4f,0xfd,0x80,0x3f,0x0b,0xf0,0x80,0x3f,
    0x0b,0xf0,0x80,0x3f,0x0b,0xf0,0x80,0x3f,0x0b,0xf0,0x80,0x3f,0x0b,0xf0,0x80,0x3f,0x0b,0xf0,0x80,0x3f,0x0b,0xf0,0x80,0x3f,
    0x0b,0xf0,0x80,0x3f,0x0b,0xf0,0x80,0x3f,0x0b,0xf0,0x80,0x3f,0x0b,0xf0,0x80,0x3f,0x0b,0xf0,0x80,0x3f,0x0b,0xf0,0x80,0x4f,
    0xfd,0x1d,0x06,0x50,0xff,0x6f,0x08,0x50,0xff,0x6f,0x08,0x50,0xff,0x6f,0x08,0x10,0xc0,0x08,0x2f,0x04,0xf0,0x70,0x07,0x3f,
    0x0e,0x03,0xf0,0x50,0x06,0x5f,0x0e,0x02,0xf0,0x30,0x06,0x2f,0x0b,0x03,0x0e,0x1f,0x0d,0x02,0xf0,0x10,0x05,0x2f,0x0c,0x01,
    0x00,0x03,0x0e,0x1f,0x0d,0x01,0xf0,0x04,0x2f,0x0c,0x01,0x20,0x03,0x0e,0x1f,0x0c,0x01,0xd0,0x03,0x0e,0x1f,0x0d,0x01,0x40,
    0x04,0x2f,0x0b,0xf0,0xf0,0xf0,0xf0,0xf0,0xf0,0x40,0xff,0x6f,0x60,0xff,0x6f,0x60,0xff,0x6f,0x60,0x4f,0xfd,0x1d,0x60,0x3f,
    0x0b,0xf0,0x80,0x3f,0x0b,0xf0,0x80,0x3f,0x0b,0xf0,0x80,0x3f,0x0b,0xf0,0x80,0x3f,0x0b,0xf0,0x80,0x3f,0x0b,0xf0,0x80,0x3f,
    0x0b,0xf0,0x80,0x3f,0x0b,0xf0,0x80,0x3f,0x0b,0xf0,0x80,0x3f,0x0b,0xf0,0x80,0x3f,0x0b,0xf0,0x80,0x3f,0x0b,0xf0,0x80,0xff,
    0x4f,0x80,0xff,0x4f,0x80,0xff,0x4f,0x80,0x4f,0xfd,0x80,0x3f,0x0b,0xf0,0x80,0x3f,0x0b,0xf0,0x80,0x3f,0x0b,0xf0,0x80,0x3f,
    0x0b,0xf0,0x80,0x3f,0x0b,0xf0,0x80,0x3f,0x0b,0xf0,0x80,0x3f,0x0b,0xf0,0x80,0x3f,0x0b,0xf0,0x80,0x3f,0x0b,0xf0,0x80,0x3f,
    0x0b,0xf0,0x80,0x3f,0x0b,0xf0,0x80,0x3f,0x0b,0xf0,0x80,0x3f,0x0b,0xf0,0x80,0x4f,0xfd,0x1d,0x06,0x50,0xff,0x6f,0x08,0x50,
    0xff,0x6f,0x08,0x50,0xff,0x6f,0x08,0x10,0x60,0x02,0x0a,0x1e,0x0a,0x02,0x40,0x02,0x0a,0x1e,0x0a,0x01,0xc0,0x0b,0x3f,0x0b,
    0x40,0x0b,0x3f,0x0b,0xc0,0x0e,0x3f,0x0e,0x40,0x0e,0x3f,0x0e,0xc0,0x0b,0x3f,0x0b,0x40,0x0b,0x3f,0x0b,0xc0,0x02,0x0a,0x1e,
    0x0a,0x02,0x40,0x02,0x0a,0x1e,0x0a,0x02,0xf0,0xf0,0xf0,0xf0,0xf0,0xf0,0xf0,0xf0,0x10,0xff,0x6f,0x60,0xff,0x6f,0x60,0xff,
    0x6f,0x60,0x4f,0xfd,0x1d,0x60,0x3f,0x0b,0xf0,0x80,0x3f,0x0b,0xf0,0x80,0x3f,0x0b,0xf0,0x80,0x3f,0x0b,0xf0,0x80,0x3f,0x0b,
    0xf0,0x80,0x3f,0x0b,0xf0,0x80,0x3f,0x0b,0xf0,0x80,0x3f,0x0b,0xf0,0x80,0x3f,0x0b,0xf0,0x80,0x3f,0x0b,0xf0,0x80,0x3f,0x0b,
    0xf0,0x80,0x3f,0x0b,0xf0,0x80,0xff,0x4f,0x80,0xff,0x4f,0x80,0xff,0x4f,0x80,0x4f,0xfd,0x80,0x3f,0x0b,0xf0,0x80,0x3f,0x0b,
    0xf0,0x80,0x3f,0x0b,0xf0,0x80,0x3f,0x0b,0xf0,0x80,0x3f,0x0b,0xf0,0x80,0x3f,0x0b,0xf0,0x80,0x3f,0x0b,0xf0,0x80,0x3f,0x0b,
    0xf0,0x80,0x3f,0x0b,0xf0,0x80,0x3f,0x0b,0xf0,0x80,0x3f,0x0b,0xf0,0x80,0x3f,0x0b,0xf0,0x80,0x3f,0x0b,0xf0,0x80,0x4f,0xfd,
    0x1d,0x06,0x50,0xff,0x6f,0x08,0x50,0xff,0x6f,0x08,0x50,0xff,0x6f,0x08,0x10,0x02,0x0e,0x3f,0x08,0x80,0x03,0x0e,0x3f,0x02,
    0x80,0x05,0x3f,0x0b,0x90,0x07,0x3f,0x06,0x90,0x09,0x2f,0x0e,0x01,0x90,0x0a,0x2f,0x0a,0x90,0x01,0x0c,0x2f,0x04,0x90,0x01,
    0x07,0x18,0x06,0xf0,0xf0,0x70,0x3f,0x0b,0x90,0x3f,0x0b,0x90,0x3f,0x0b,0x90,0x3f,0x0b,0x90,0x3f,0x0b,0x90,0x3f,0x0b,0x90,
    0x3f,0x0b,0x90,0x3f,0x0b,0x90,0x3f,0x0b,0x90,0x3f,0x0b,0x90,0x3f,0x0b,0x90,0x3f,0x0b,0x90,0x3f,0x0b,0x90,0x3f,0x0b,0x90,
    0x3f,0x0b,0x90,0x3f,0x0b,0x90,0x3f,0x0b,0x90,0x3f,0x0b,0x90,0x3f,0x0b,0x90,0x3f,0x0b,0x90,0x3f,0x0b,0x90,0x3f,0x0b,0x90,
    0x3f,0x0b,0x90,0x3f,0x0b,0x90,0x3f,0x0b,0x90,0x3f,0x0b,0x90,0x3f,0x0b,0x90,0x3f,0x0b,0x90,0x3f,0x0b,0x90,0x3f,0x0b,0x90,
    0x3f,0x0b,0x90,0x3f,0x0b,0x90,0x3f,0x0b,0x90,0x3f,0x0b,0x90,0x3f,0x0b,0x90,0x3f,0x0b,0x90,0x3f,0x0b,0x30,0x80,0x0b,0x3f,
    0x0b,0x80,0x06,0x3f,0x0c,0x01,0x70,0x01,0x0e,0x2f,0x0d,0x02,0x80,0x09,0x2f,0x0e,0x02,0x80,0x04,0x2f,0x0e,0x03,0x90,0x0d,
    0x2f,0x04,0x90,0x08,0x2f,0x06,0xa0,0x07,0x18,0x05,0xf0,0xf0,0xb0,0x3f,0x0b,0xa0,0x3f,0x0b,0xa0,0x3f,0x0b,0xa0,0x3f,0x0b,
    0xa0,0x3f,0x0b,0xa0,0x3f,0x0b,0xa0,0x3f,0x0b,0xa0,0x3f,0x0b,0xa0,0x3f,0x0b,0xa0,0x3f,0x0b,0xa0,0x3f,0x0b,0xa0,0x3f,0x0b,
    0xa0,0x3f,0x0b,0xa0,0x3f,0x0b,0xa0,0x3f,0x0b,0xa0,0x3f,0x0b,0xa0,0x3f,0x0b,0xa0,0x3f,0x0b,0xa0,0x3f,0x0b,0xa0,0x3f,0x0b,
    0xa0,0x3f,0x0b,0xa0,0x3f,0x0b,0xa0,0x3f,0x0b,0xa0,0x3f,0x0b,0xa0,0x3f,0x0b,0xa0,0x3f,0x0b,0xa0,0x3f,0x0b,0xa0,0x3f,0x0b,
    0xa0,0x3f,0x0b,0xa0,0x3f,0x0b,0xa0,0x3f,0x0b,0xa0,0x3f,0x0b,0xa0,0x3f,0x0b,0xa0,0x3f,0x0b,0xa0,0x3f,0x0b,0xa0,0x3f,0x0b,
    0xa0,0x3f,0x0b,0x50,0x50,0x07,0x1f,0x0e,0x03,0x90,0x06,0x3f,0x0e,0x02,0x70,0x05,0x5f,0x0d,0x01,0x50,0x04,0x2f,0x0b,0x03,
    0x0e,0x1f,0x0c,0x01,0x30,0x03,0x0e,0x1f,0x0c,0x01,0x00,0x03,0x2f,0x0b,0x20,0x02,0x0e,0x1f,0x0d,0x02,0x20,0x05,0x2f,0x09,
    0x00,0x01,0x0d,0x1f,0x0e,0x03,0x40,0x06,0x2f,0x08,0xf0,0xf0,0xf0,0x50,0x3f,0x0b,0xa0,0x3f,0x0b,0xa0,0x3f,0x0b,0xa0,0x3f,
    0x0b,0xa0,0x3f,0x0b,0xa0,0x3f,0x0b,0xa0,0x3f,0x0b,0xa0,0x3f,0x0b,0xa0,0x3f,0x0b,0xa0,0x3f,0x0b,0xa0,0x3f,0x0b,0xa0,0x3f,
    0x0b,0xa0,0x3f,0x0b,0xa0,0x3f,0x0b,0xa0,0x3f,0x0b,0xa0,0x3f,0x0b,0xa0,0x3f,0x0b,0xa0,0x3f,0x0b,0xa0,0x3f,0x0b,0xa0,0x3f,
    0x0b,0xa0,0x3f,0x0b,0xa0,0x3f,0x0b,0xa0,0x3f,0x0b,0xa0,0x3f,0x0b,0xa0,0x3f,0x0b,0xa0,0x3f,0x0b,0xa0,0x3f,0x0b,0xa0,0x3f,
    0x0b,0xa0,0x3f,0x0b,0xa0,0x3f,0x0b,0xa0,0x3f,0x0b,0xa0,0x3f,0x0b,0xa0,0x3f,0x0b,0xa0,0x3f,0x0b,0xa0,0x3f,0x0b,0xa0,0x3f,
    0x0b,0xa0,0x3f,0x0b,0x40,0x02,0x0a,0x1e,0x0a,0x02,0x40,0x02,0x0a,0x1e,0x0a,0x01,0x0b,0x3f,0x0b,0x40,0x0b,0x3f,0x0b,0x0e,
    0x3f,0x0e,0x40,0x0e,0x3f,0x0e,0x0b,0x3f,0x0b,0x40,0x0b,0x3f,0x0b,0x02,0x0a,0x1e,0x0a,0x02,0x40,0x02,0x0a,0x1e,0x0a,0x02,
    0xf0,0xf0,0xf0,0xf0,0x90,0x3f,0x0b,0xb0,0x3f,0x0b,0xb0,0x3f,0x0b,0xb0,0x3f,0x0b,0xb0,0x3f,0x0b,0xb0,0x3f,0x0b,0xb0,0x3f,
    0x0b,0xb0,0x3f,0x0b,0xb0,0x3f,0x0b,0xb0,0x3f,0x0b,0xb0,0x3f,0x0b,0xb0,0x3f,0x0b,0xb0,0x3f,0x0b,0xb0,0x3f,0x0b,0xb0,0x3f,
    0x0b,0xb0,0x3f,0x0b,0xb0,0x3f,0x0b,0xb0,0x3f,0x0b,0xb0,0x3f,0x0b,0xb0,0x3f,0x0b,0xb0,0x3f,0x0b,0xb0,0x3f,0x0b,0xb0,0x3f,
    0x0b,0xb0,0x3f,0x0b,0xb0,0x3f,0x0b,0xb0,0x3f,0x0b,0xb0,0x3f,0x0b,0xb0,0x3f,0x0b,0xb0,0x3f,0x0b,0xb0,0x3f,0x0b,0xb0,0x3f,
    0x0b,0xb0,0x3f,0x0b,0xb0,0x3f,0x0b,0xb0,0x3f,0x0b,0xb0,0x3f,0x0b,0xb0,0x3f,0x0b,0xb0,0x3f,0x0b,0x50,0x40,0xaf,0x0e,0x0d,
    0x0b,0x09,0x05,0x01,0xf0,0x10,0xff,0x0e,0x09,0x02,0xf0,0xff,0x2f,0x08,0xe0,0x4f,0x5d,0x0e,0x7f,0x0c,0x02,0xc0,0x3f,0x0b,
    0x70,0x03,0x07,0x0c,0x4f,0x0d,0x02,0xb0,0x3f,0x0b,0xa0,0x06,0x0d,0x3f,0x0d,0x01,0xa0,0x3f,0x0b,0xb0,0x02,0x0d,0x3f,0x0a,
    0xa0,0x3f,0x0b,0xc0,0x01,0x0d,0x3f,0x04,0x90,0x3f,0x0b,0xd0,0x04,0x3f,0x0c,0x90,0x3f,0x0b,0xe0,0x0a,0x3f,0x04,0x80,0x3f,
    0x0b,0xe0,0x03,0x3f,0x0a,0x80,0x3f,0x0b,0xf0,0x0c,0x2f,0x0e,0x80,0x3f,0x0b,0xf0,0x09,0x3f,0x03,0x70,0x3f,0x0b,0xf0,0x05,
    0x3f,0x06,0x70,0x3f,0x0b,0xf0,0x03,0x3f,0x08,0x70,0x3f,0x0b,0xf0,0x02,0x3f,0x09,0x30,0x3d,0x4f,0x6d,0x80,0x01,0x3f,0x0a,
    0x30,0xff,0x90,0x3f,0x0b,0x30,0xff,0x90,0x3f,0x0b,0x30,0xff,0x90,0x3f,0x0b,0x70,0x3f,0x0b,0xf0,0x01,0x3f,0x0a,0x70,0x3f,
    0x0b,0xf0,0x01,0x3f,0x09,0x70,0x3f,0x0b,0xf0,0x03,0x3f,0x08,0x70,0x3f,0x0b,0xf0,0x06,0x3f,0x06,0x70,0x3f,0x0b,0xf0,0x09,
    0x3f,0x03,0x70,0x3f,0x0b,0xf0,0x0d,0x2f,0x0e,0x80,0x3f,0x0b,0xe0,0x04,0x3f,0x0a,0x80,0x3f,0x0b,0xe0,0x0b,0x3f,0x04,0x80,
    0x3f,0x0b,0xd0,0x05,0x3f,0x0c,0x90,0x3f,0x0b,0xc0,0x03,0x0e,0x3f,0x04,0x90,0x3f,0x0b,0xb0,0x03,0x0e,0x3f,0x0a,0xa0,0x3f,
    0x0b,0x90,0x01,0x07,0x4f,0x0c,0x01,0xa0,0x3f,0x0b,0x60,0x01,0x04,0x08,0x0e,0x4f,0x0d,0x02,0xb0,0x4f,0x5d,0x0e,0x7f,0x0b,
    0x01,0xc0,0xff,0x1f,0x0e,0x07,0xe0,0xff,0x0e,0x08,0x01,0xf0,0xaf,0x0e,0x0d,0x0b,0x08,0x04,0xd0,0xf0,0x70,0x06,0x04,0x03,
    0xf0,0x40,0x01,0x08,0x0d,0x0f,0x0e,0x0a,0x03,0x40,0x03,0x1f,0x0e,0xf0,0x30,0x03,0x0d,0x5f,0x0b,0x04,0x10,0x02,0x0c,0x1f,
    0x0c,0xf0,0x20,0x01,0x0d,0x8f,0x0e,0x0d,0x3f,0x07,0xf0,0x20,0x06,0x3f,0x0d,0x0e,0x8f,0x0d,0x01,0xf0,0x20,0x0c,0x1f,0x0c,
    0x02,0x10,0x04,0x0c,0x5f,0x0e,0x03,0xf0,0x30,0x0e,0x1f,0x03,0x40,0x04,0x0b,0x0e,0x0f,0x0d,0x09,0x02,0xf0,0x40,0x25,0xf0,
    0xf0,0xf0,0xf0,0xf0,0xf0,0x60,0x3f,0x0e,0x02,0xf0,0x10,0x3f,0x0b,0x70,0x4f,0x0b,0xf0,0x10,0x3f,0x0b,0x70,0x5f,0x06,0xf0,
    0x00,0x3f,0x0b,0x70,0x5f,0x0e,0x02,0xf0,0x3f,0x0b,0x70,0x6f,0x0b,0xf0,0x3f,0x0b,0x70,0x7f,0x06,0xe0,0x3f,0x0b,0x70,0x7f,
    0x0e,0x02,0xd0,0x3f,0x0b,0x70,0x8f,0x0b,0xd0,0x3f,0x0b,0x70,0x3f,0x0e,0x4f,0x07,0xc0,0x3f,0x0b,0x70,0x3f,0x0b,0x09,0x3f,
    0x0e,0x02,0xb0,0x3f,0x0b,0x70,0x3f,0x0b,0x01,0x0d,0x3f,0x0c,0xb0,0x3f,0x0b,0x70,0x3f,0x0b,0x00,0x04,0x4f,0x07,0xa0,0x3f,
    0x0b,0x70,0x3f,0x0b,0x10,0x09,0x4f,0x02,0x90,0x3f,0x0b,0x70,0x3f,0x0b,0x10,0x01,0x0d,0x3f,0x0c,0x90,0x3f,0x0b,0x70,0x3f,
    0x0b,0x20,0x04,0x4f,0x07,0x80,0x3f,0x0b,0x70,0x3f,0x0b,0x30,0x09,0x4f,0x03,0x70,0x3f,0x0b,0x70,0x3f,0x0b,0x30,0x01,0x0d,
    0x3f,0x0c,0x70,0x3f,0x0b,0x70,0x3f,0x0b,0x40,0x04,0x4f,0x08,0x60,0x3f,0x0b,0x70,0x3f,0x0b,0x50,0x09,0x4f,0x03,0x50,0x3f,
    0x0b,0x70,0x3f,0x0b,0x50,0x01,0x0d,0x3f,0x0c,0x50,0x3f,0x0b,0x70,0x3f,0x0b,0x60,0x04,0x4f,0x08,0x40,0x3f,0x0b,0x70,0x3f,
    0x0b,0x70,0x08,0x4f,0x03,0x30,0x3f,0x0b,0x70,0x3f,0x0b,0x70,0x01,0x0d,0x3f,0x0d,0x30,0x3f,0x0b,0x70,0x3f,0x0b,0x80,0x03,
    0x4f,0x08,0x20,0x3f,0x0b,0x70,0x3f,0x0b,0x90,0x08,0x4f,0x04,0x10,0x3f,0x0b,0x70,0x3f,0x0b,0x90,0x01,0x0d,0x3f,0x0d,0x01,
    0x00,0x3f,0x0b,0x70,0x3f,0x0b,0xa0,0x03,0x4f,0x09,0x00,0x3f,0x0b,0x70,0x3f,0x0b,0xb0,0x08,0x4f,0x04,0x3f,0x0b,0x70,0x3f,
    0x0b,0xc0,0x0d,0x3f,0x0d,0x3f,0x0b,0x70,0x3f,0x0b,0xc0,0x03,0x8f,0x0b,0x70,0x3f,0x0b,0xd0,0x08,0x7f,0x0b,0x70,0x3f,0x0b,
    0xe0,0x0d,0x6f,0x0b,0x70,0x3f,0x0b,0xe0,0x03,0x6f,0x0b,0x70,0x3f,0x0b,0xf0,0x08,0x5f,0x0b,0x70,0x3f,0x0b,0xf0,0x00,0x0c,
    0x4f,0x0b,0x70,0x3f,0x0b,0xf0,0x00,0x03,0x4f,0x0b,0x70,0x3f,0x0b,0xf0,0x10,0x08,0x3f,0x0b,0x30,0x90,0x0a,0x3f,0x0e,0x01,
    0xf0,0xd0,0x0b,0x3f,0x0a,0xf0,0xd0,0x01,0x0d,0x3f,0x05,0xf0,0xd0,0x02,0x0d,0x2f,0x0e,0x01,0xf0,0xd0,0x03,0x0e,0x2f,0x09,
    0xf0,0xe0,0x04,0x3f,0x04,0xf0,0xe0,0x05,0x2f,0x0d,0x01,0xf0,0xe0,0x05,0x28,0x03,0xf0,0xf0,0xf0,0xf0,0x00,0x02,0x05,0x06,
    0x17,0x06,0x04,0x01,0xf0,0x80,0x02,0x08,0x0d,0x7f,0x0c,0x07,0x01,0xf0,0x30,0x01,0x08,0xcf,0x0e,0x06,0xf0,0x10,0x02,0x0d,
    0xff,0x0b,0x01,0xe0,0x03,0x0e,0x4f,0x0e,0x0a,0x07,0x16,0x08,0x0b,0x5f,0x0c,0x01,0xc0,0x01,0x0e,0x3f,0x0e,0x06,0x60,0x01,
    0x08,0x4f,0x0b,0xc0,0x0b,0x3f,0x0c,0x01,0x90,0x03,0x0d,0x3f,0x07,0xa0,0x06,0x3f,0x0c,0x01,0xb0,0x02,0x0e,0x3f,0x02,0x90,
    0x0d,0x3f,0x02,0xd0,0x05,0x3f,0x0a,0x80,0x05,0x3f,0x08,0xf0,0x0b,0x3f,0x01,0x70,0x0b,0x3f,0x01,0xf0,0x05,0x3f,0x07,0x60,
    0x01,0x3f,0x0b,0xf0,0x10,0x0e,0x2f,0x0c,0x60,0x05,0x3f,0x06,0xf0,0x10,0x0a,0x3f,0x01,0x50,0x09,0x3f,0x03,0xf0,0x10,0x07,
    0x3f,0x04,0x50,0x0b,0x3f,0xf0,0x20,0x04,0x3f,0x07,0x50,0x0d,0x2f,0x0d,0xf0,0x20,0x02,0x3f,0x08,0x50,0x0e,0x2f,0x0c,0xf0,
    0x20,0x01,0x3f,0x0a,0x50,0x3f,0x0b,0xf0,0x20,0x01,0x3f,0x0a,0x50,0x3f,0x0b,0xf0,0x30,0x3f,0x0b,0x50,0x3f,0x0b,0xf0,0x30,
    0x3f,0x0b,0x50,0x3f,0x0b,0xf0,0x30,0x3f,0x0b,0x50,0x3f,0x0b,0xf0,0x20,0x01,0x3f,0x0a,0x50,0x0e,0x2f,0x0c,0xf0,0x20,0x01,
    0x3f,0x0a,0x50,0x0d,0x2f,0x0d,0xf0,0x20,0x02,0x3f,0x08,0x50,0x0b,0x3f,0xf0,0x20,0x04,0x3f,0x07,0x50,0x08,0x3f,0x03,0xf0,
    0x10,0x07,0x3f,0x04,0x50,0x05,0x3f,0x06,0xf0,0x10,0x0a,0x3f,0x01,0x50,0x01,0x3f,0x0b,0xf0,0x10,0x0e,0x2f,0x0c,0x70,0x0b,
    0x3f,0x01,0xf0,0x05,0x3f,0x08,0x70,0x05,0x3f,0x08,0xf0,0x0b,0x3f,0x02,0x80,0x0d,0x3f,0x02,0xd0,0x05,0x3f,0x0a,0x90,0x06,
    0x3f,0x0c,0x01,0xb0,0x02,0x0e,0x3f,0x03,0xa0,0x0a,0x3f,0x0c,0x01,0x90,0x02,0x0d,0x3f,0x08,0xb0,0x01,0x0e,0x3f,0x0e,0x06,
    0x60,0x01,0x07,0x0e,0x3f,0x0c,0xd0,0x03,0x0e,0x4f,0x0e,0x0a,0x07,0x16,0x08,0x0a,0x5f,0x0d,0x01,0xe0,0x02,0x0d,0xff,0x0b,
    0x01,0xf0,0x10,0x08,0xcf,0x0e,0x07,0xf0,0x40,0x02,0x08,0x0d,0x7f,0x0c,0x07,0x01,0xf0,0x80,0x02,0x05,0x06,0x17,0x06,0x04,
    0x01,0xd0,0xf0,0x20,0x02,0x0e,0x3f,0x08,0xf0,0xc0,0x0b,0x3f,0x09,0xf0,0xc0,0x06,0x3f,0x0b,0xf0,0xc0,0x02,0x0e,0x2f,0x0b,
    0x01,0xf0,0xc0,0x0b,0x2f,0x0c,0x01,0xf0,0xc0,0x06,0x2f,0x0d,0x01,0xf0,0xc0,0x02,0x0e,0x1f,0x0e,0x02,0xf0,0xd0,0x04,0x28,
    0x03,0xf0,0xf0,0xf0,0xf0,0x10,0x02,0x05,0x06,0x17,0x06,0x04,0x01,0xf0,0x80,0x02,0x08,0x0d,0x7f,0x0c,0x07,0x01,0xf0,0x30,
    0x01,0x08,0xcf,0x0e,0x06,0xf0,0x10,0x02,0x0d,0xff,0x0b,0x01,0xe0,0x03,0x0e,0x4f,0x0e,0x0a,0x07,0x16,0x08,0x0b,0x5f,0x0c,
    0x01,0xc0,0x01,0x0e,0x3f,0x0e,0x06,0x60,0x01,0x08,0x4f,0x0b,0xc0,0x0b,0x3f,0x0c,0x01,0x90,0x03,0x0d,0x3f,0x07,0xa0,0x06,
    0x3f,0x0c,0x01,0xb0,0x02,0x0e,0x3f,0x02,0x90,0x0d,0x3f,0x02,0xd0,0x05,0x3f,0x0a,0x80,0x05,0x3f,0x08,0xf0,0x0b,0x3f,0x01,
    0x70,0x0b,0x3f,0x01,0xf0,0x05,0x3f,0x07,0x60,0x01,0x3f,0x0b,0xf0,0x10,0x0e,0x2f,0x0c,0x60,0x05,0x3f,0x06,0xf0,0x10,0x0a,
    0x3f,0x01,0x50,0x09,0x3f,0x03,0xf0,0x10,0x07,0x3f,0x04,0x50,0x0b,0x3f,0xf0,0x20,0x04,0x3f,0x07,0x50,0x0d,0x2f,0x0d,0xf0,
    0x20,0x02,0x3f,0x08,0x50,0x0e,0x2f,0x0c,0xf0,0x20,0x01,0x3f,0x0a,0x50,0x3f,0x0b,0xf0,0x20,0x01,0x3f,0x0a,0x50,0x3f,0x0b,
    0xf0,0x30,0x3f,0x0b,0x50,0x3f,0x0b,0xf0,0x30,0x3f,0x0b,0x50,0x3f,0x0b,0xf0,0x30,0x3f,0x0b,0x50,0x3f,0x0b,0xf0,0x20,0x01,
    0x3f,0x0a,0x50,0x0e,0x2f,0x0c,0xf0,0x20,0x01,0x3f,0x0a,0x50,0x0d,0x2f,0x0d,0xf0,0x20,0x02,0x3f,0x08,0x50,0x0b,0x3f,0xf0,
    0x20,0x04,0x3f,0x07,0x50,0x08,0x3f,0x03,0xf0,0x10,0x07,0x3f,0x04,0x50,0x05,0x3f,0x06,0xf0,0x10,0x0a,0x3f,0x01,0x50,0x01,
    0x3f,0x0b,0xf0,0x10,0x0e,0x2f,0x0c,0x70,0x0b,0x3f,0x01,0xf0,0x05,0x3f,0x08,0x70,0x05,0x3f,0x08,0xf0,0x0b,0x3f,0x02,0x80,
    0x0d,0x3f,0x02,0xd0,0x05,0x3f,0x0a,0x90,0x06,0x3f,0x0c,0x01,0xb0,0x02,0x0e,0x3f,0x03,0xa0,0x0a,0x3f,0x0c,0x01,0x90,0x02,
    0x0d,0x3f,0x08,0xb0,0x01,0x0e,0x3f,0x0e,0x06,0x60,0x01,0x07,0x0e,0x3f,0x0c,0xd0,0x03,0x0e,0x4f,0x0e,0x0a,0x07,0x16,0x08,
    0x0a,0x5f,0x0d,0x01,0xe0,0x02,0x0d,0xff,0x0b,0x01,0xf0,0x10,0x08,0xcf,0x0e,0x07,0xf0,0x40,0x02,0x08,0x0d,0x7f,0x0c,0x07,
    0x01,0xf0,0x80,0x02,0x05,0x06,0x17,0x06,0x04,0x01,0xd0,0xe0,0x02,0x0d,0x1f,0x0c,0x01,0xf0,0xc0,0x01,0x0d,0x3f,0x0b,0xf0,
    0xb0,0x01,0x0c,0x5f,0x09,0xf0,0x90,0x01,0x0c,0x2f,0x05,0x07,0x2f,0x08,0xf0,0x80,0x0b,0x2f,0x06,0x10,0x08,0x2f,0x07,0xf0,
    0x60,0x0a,0x2f,0x07,0x30,0x09,0x2f,0x06,0xf0,0x40,0x09,0x2f,0x08,0x50,0x0a,0x2f,0x04,0xf0,0xf0,0xf0,0xf0,0xf0,0xf0,0x02,
    0x05,0x06,0x17,0x06,0x04,0x01,0xf0,0x80,0x02,0x08,0x0d,0x7f,0x0c,0x07,0x01,0xf0,0x30,0x01,0x08,0xcf,0x0e,0x06,0xf0,0x10,
    0x02,0x0d,0xff,0x0b,0x01,0xe0,0x03,0x0e,0x4f,0x0e,0x0a,0x07,0x16,0x08,0x0b,0x5f,0x0c,0x01,0xc0,0x01,0x0e,0x3f,0x0e,0x06,
    0x60,0x01,0x08,0x4f,0x0b,0xc0,0x0b,0x3f,0x0c,0x01,0x90,0x03,0x0d,0x3f,0x07,0xa0,0x06,0x3f,0x0c,0x01,0xb0,0x02,0x0e,0x3f,
    0x02,0x90,0x0d,0x3f,0x02,0xd0,0x05,0x3f,0x0a,0x80,0x05,0x3f,0x08,0xf0,0x0b,0x3f,0x01,0x70,0x0b,0x3f,0x01,0xf0,0x05,0x3f,
    0x07,0x60,0x01,0x3f,0x0b,0xf0,0x10,0x0e,0x2f,0x0c,0x60,0x05,0x3f,0x06,0xf0,0x10,0x0a,0x3f,0x01,0x50,0x09,0x3f,0x03,0xf0,
    0x10,0x07,0x3f,0x04,0x50,0x0b,0x3f,0xf0,0x20,0x04,0x3f,0x07,0x50,0x0d,0x2f,0x0d,0xf0,0x20,0x02,0x3f,0x08,0x50,0x0e,0x2f,
    0x0c,0xf0,0x20,0x01,0x3f,0x0a,0x50,0x3f,0x0b,0xf0,0x20,0x01,0x3f,0x0a,0x50,0x3f,0x0b,0xf0,0x30,0x3f,0x0b,0x50,0x3f,0x0b,
    0xf0,0x30,0x3f,0x0b,0x50,0x3f,0x0b,0xf0,0x30,0x3f,0x0b,0x50,0x3f,0x0b,0xf0,0x20,0x01,0x3f,0x0a,0x50,0x0e,0x2f,0x0c,0xf0,
    0x20,0x01,0x3f,0x0a,0x50,0x0d,0x2f,0x0d,0xf0,0x20,0x02,0x3f,0x08,0x50,0x0b,0x3f,0xf0,0x20,0x04,0x3f,0x07,0x50,0x08,0x3f,
    0x03,0xf0,0x10,0x07,0x3f,0x04,0x50,0x05,0x3f,0x06,0xf0,0x10,0x0a,0x3f,0x01,0x50,0x01,0x3f,0x0b,0xf0,0x10,0x0e,0x2f,0x0c,
    0x70,0x0b,0x3f,0x01,0xf0,0x05,0x3f,0x08,0x70,0x05,0x3f,0x08,0xf0,0x0b,0x3f,0x02,0x80,0x0d,0x3f,0x02,0xd0,0x05,0x3f,0x0a,
    0x90,0x06,0x3f,0x0c,0x01,0xb0,0x02,0x0e,0x3f,0x03,0xa0,0x0a,0x3f,0x0c,0x01,0x90,0x02,0x0d,0x3f,0x08,0xb0,0x01,0x0e,0x3f,
    0x0e,0x06,0x60,0x01,0x07,0x0e,0x3f,0x0c,0xd0,0x03,0x0e,0x4f,0x0e,0x0a,0x07,0x16,0x08,0x0a,0x5f,0x0d,0x01,0xe0,0x02,0x0d,
    0xff,0x0b,0x01,0xf0,0x10,0x08,0xcf,0x0e,0x07,0xf0,0x40,0x02,0x08,0x0d,0x7f,0x0c,0x07,0x01,0xf0,0x80,0x02,0x05,0x06,0x17,
    0x06,0x04,0x01,0xd0,0xf0,0x70,0x06,0x04,0x03,0xf0,0x30,0x01,0x08,0x0d,0x0f,0x0e,0x0a,0x03,0x40,0x03,0x1f,0x0e,0xf0,0x20,
    0x03,0x0d,0x5f,0x0b,0x04,0x10,0x02,0x0c,0x1f,0x0c,0xf0,0x10,0x01,0x0d,0x8f,0x0e,0x0d,0x3f,0x07,0xf0,0x10,0x06,0x3f,0x0d,
    0x0e,0x8f,0x0d,0x01,0xf0,0x10,0x0c,0x1f,0x0c,0x02,0x10,0x04,0x0c,0x5f,0x0e,0x03,0xf0,0x20,0x0e,0x1f,0x03,0x40,0x04,0x0b,
    0x0e,0x0f,0x0d,0x09,0x02,0xf0,0x30,0x25,0xf0,0xf0,0xf0,0xf0,0x90,0x02,0x05,0x06,0x17,0x06,0x04,0x01,0xf0,0x80,0x02,0x08,
    0x0d,0x7f,0x0c,0x07,0x01,0xf0,0x30,0x01,0x08,0xcf,0x0e,0x06,0xf0,0x10,0x02,0x0d,0xff,0x0b,0x01,0xe0,0x03,0x0e,0x4f,0x0e,
    0x0a,0x07,0x16,0x08,0x0b,0x5f,0x0c,0x01,0xc0,0x01,0x0e,0x3f,0x0e,0x06,0x60,0x01,0x08,0x4f,0x0b,0xc0,0x0b,0x3f,0x0c,0x01,
    0x90,0x03,0x0d,0x3f,0x07,0xa0,0x06,0x3f,0x0c,0x01,0xb0,0x02,0x0e,0x3f,0x02,0x90,0x0d,0x3f,0x02,0xd0,0x05,0x3f,0x0a,0x80,
    0x05,0x3f,0x08,0xf0,0x0b,0x3f,0x01,0x70,0x0b,0x3f,0x01,0xf0,0x05,0x3f,0x07,0x60,0x01,0x3f,0x0b,0xf0,0x10,0x0e,0x2f,0x0c,
    0x60,0x05,0x3f,0x06,0xf0,0x10,0x0a,0x3f,0x01,0x50,0x09,0x3f,0x03,0xf0,0x10,0x07,0x3f,0x04,0x50,0x0b,0x3f,0xf0,0x20,0x04,
    0x3f,0x07,0x50,0x0d,0x2f,0x0d,0xf0,0x20,0x02,0x3f,0x08,0x50,0x0e,0x2f,0x0c,0xf0,0x20,0x01,0x3f,0x0a,0x50,0x3f,0x0b,0xf0,
    0x20,0x01,0x3f,0x0a,0x50,0x3f,0x0b,0xf0,0x30,0x3f,0x0b,0x50,0x3f,0x0b,0xf0,0x30,0x3f,0x0b,0x50,0x3f,0x0b,0xf0,0x30,0x3f,
    0x0b,0x50,0x3f,0x0b,0xf0,0x20,0x01,0x3f,0x0a,0x50,0x0e,0x2f,0x0c,0xf0,0x20,0x01,0x3f,0x0a,0x50,0x0d,0x2f,0x0d,0xf0,0x20,
    0x02,0x3f,0x08,0x50,0x0b,0x3f,0xf0,0x20,0x04,0x3f,0x07,0x50,0x08,0x3f,0x03,0xf0,0x10,0x07,0x3f,0x04,0x50,0x05,0x3f,0x06,
    0xf0,0x10,0x0a,0x3f,0x01,0x50,0x01,0x3f,0x0b,0xf0,0x10,0x0e,0x2f,0x0c,0x70,0x0b,0x3f,0x01,0xf0,0x05,0x3f,0x08,0x70,0x05,
    0x3f,0x08,0xf0,0x0b,0x3f,0x02,0x80,0x0d,0x3f,0x02,0xd0,0x05,0x3f,0x0a,0x90,0x06,0x3f,0x0c,0x01,0xb0,0x02,0x0e,0x3f,0x03,
    0xa0,0x0a,0x3f,0x0c,0x01,0x90,0x02,0x0d,0x3f,0x08,0xb0,0x01,0x0e,0x3f,0x0e,0x06,0x60,0x01,0x07,0x0e,0x3f,0x0c,0xd0,0x03,
    0x0e,0x4f,0x0e,0x0a,0x07,0x16,0x08,0x0a,0x5f,0x0d,0x01,0xe0,0x02,0x0d,0xff,0x0b,0x01,0xf0,0x10,0x08,0xcf,0x0e,0x07,0xf0,
    0x40,0x02,0x08,0x0d,0x7f,0x0c,0x07,0x01,0xf0,0x80,0x02,0x05,0x06,0x17,0x06,0x04,0x01,0xd0,0x90,0x02,0x0a,0x1e,0x0a,0x02,
    0x30,0x02,0x0a,0x1e,0x0a,0x01,0xf0,0x30,0x0b,0x3f,0x0b,0x30,0x0b,0x3f,0x0b,0xf0,0x30,0x0e,0x3f,0x0e,0x30,0x0e,0x3f,0x0e,
    0xf0,0x30,0x0b,0x3f,0x0b,0x30,0x0b,0x3f,0x0b,0xf0,0x30,0x02,0x0a,0x1e,0x0a,0x02,0x30,0x02,0x0a,0x1e,0x0a,0x02,0xf0,0xf0,
    0xf0,0xf0,0xf0,0xf0,0x02,0x05,0x06,0x17,0x06,0x04,0x01,0xf0,0x80,0x02,0x08,0x0d,0x7f,0x0c,0x07,0x01,0xf0,0x30,0x01,0x08,
    0xcf,0x0e,0x06,0xf0,0x10,0x02,0x0d,0xff,0x0b,0x01,0xe0,0x03,0x0e,0x4f,0x0e,0x0a,0x07,0x16,0x08,0x0b,0x5f,0x0c,0x01,0xc0,
    0x01,0x0e,0x3f,0x0e,0x06,0x60,0x01,0x08,0x4f,0x0b,0xc0,0x0b,0x3f,0x0c,0x01,0x90,0x03,0x0d,0x3f,0x07,0xa0,0x06,0x3f,0x0c,
    0x01,0xb0,0x02,0x0e,0x3f,0x02,0x90,0x0d,0x3f,0x02,0xd0,0x05,0x3f,0x0a,0x80,0x05,0x3f,0x08,0xf0,0x0b,0x3f,0x01,0x70,0x0b,
    0x3f,0x01,0xf0,0x05,0x3f,0x07,0x60,0x01,0x3f,0x0b,0xf0,0x10,0x0e,0x2f,0x0c,0x60,0x05,0x3f,0x06,0xf0,0x10,0x0a,0x3f,0x01,
    0x50,0x09,0x3f,0x03,0xf0,0x10,0x07,0x3f,0x04,0x50,0x0b,0x3f,0xf0,0x20,0x04,0x3f,0x07,0x50,0x0d,0x2f,0x0d,0xf0,0x20,0x02,
    0x3f,0x08,0x50,0x0e,0x2f,0x0c,0xf0,0x20,0x01,0x3f,0x0a,0x50,0x3f,0x0b,0xf0,0x20,0x01,0x3f,0x0a,0x50,0x3f,0x0b,0xf0,0x30,
    0x3f,0x0b,0x50,0x3f,0x0b,0xf0,0x30,0x3f,0x0b,0x50,0x3f,0x0b,0xf0,0x30,0x3f,0x0b,0x50,0x3f,0x0b,0xf0,0x20,0x01,0x3f,0x0a,
    0x50,0x0e,0x2f,0x0c,0xf0,0x20,0x01,0x3f,0x0a,0x50,0x0d,0x2f,0x0d,0xf0,0x20,0x02,0x3f,0x08,0x50,0x0b,0x3f,0xf0,0x20,0x04,
    0x3f,0x07,0x50,0x08,0x3f,0x03,0xf0,0x10,0x07,0x3f,0x04,0x50,0x05,0x3f,0x06,0xf0,0x10,0x0a,0x3f,0x01,0x50,0x01,0x3f,0x0b,
    0xf0,0x10,0x0e,0x2f,0x0c,0x70,0x0b,0x3f,0x01,0xf0,0x05,0x3f,0x08,0x70,0x05,0x3f,0x08,0xf0,0x0b,0x3f,0x02,0x80,0x0d,0x3f,
    0x02,0xd0,0x05,0x3f,0x0a,0x90,0x06,0x3f,0x0c,0x01,0xb0,0x02,0x0e,0x3f,0x03,0xa0,0x0a,0x3f,0x0c,0x01,0x90,0x02,0x0d,0x3f,
    0x08,0xb0,0x01,0x0e,0x3f,0x0e,0x06,0x60,0x01,0x07,0x0e,0x3f,0x0c,0xd0,0x03,0x0e,0x4f,0x0e,0x0a,0x07,0x16,0x08,0x0a,0x5f,
    0x0d,0x01,0xe0,0x02,0x0d,0xff,0x0b,0x01,0xf0,0x10,0x08,0xcf,0x0e,0x07,0xf0,0x40,0x02,0x08,0x0d,0x7f,0x0c,0x07,0x01,0xf0,
    0x80,0x02,0x05,0x06,0x17,0x06,0x04,0x01,0xd0,0x40,0x04,0xe0,0x02,0x03,0x80,0x0a,0x0f,0x06,0xc0,0x02,0x0d,0x0e,0x02,0x60,
    0x09,0x2f,0x06,0xa0,0x02,0x0d,0x1f,0x0d,0x02,0x40,0x06,0x4f,0x05,0x80,0x01,0x0d,0x3f,0x0c,0x50,0x0b,0x4f,0x05,0x60,0x01,
    0x0d,0x3f,0x0e,0x03,0x50,0x01,0x0b,0x4f,0x05,0x40,0x01,0x0c,0x3f,0x0e,0x04,0x70,0x01,0x0b,0x4f,0x05,0x20,0x01,0x0c,0x3f,
    0x0e,0x04,0x90,0x01,0x0c,0x4f,0x04,0x00,0x01,0x0c,0x4f,0x04,0xb0,0x01,0x0c,0x4f,0x05,0x0c,0x4f,0x04,0xd0,0x01,0x0c,0x9f,
    0x04,0xf0,0x01,0x0c,0x7f,0x05,0xf0,0x10,0x01,0x0d,0x5f,0x05,0xf0,0x30,0x0c,0x5f,0x03,0xf0,0x20,0x0b,0x6f,0x0e,0x03,0xf0,
    0x00,0x0b,0x8f,0x0e,0x03,0xe0,0x0a,0x4f,0x08,0x0d,0x3f,0x0e,0x03,0xc0,0x0a,0x4f,0x06,0x00,0x02,0x0d,0x3f,0x0e,0x03,0xa0,
    0x0a,0x4f,0x06,0x20,0x02,0x0d,0x3f,0x0e,0x02,0x80,0x09,0x4f,0x07,0x40,0x02,0x0e,0x3f,0x0d,0x02,0x60,0x09,0x4f,0x07,0x60,
    0x02,0x0e,0x3f,0x0d,0x02,0x40,0x07,0x4f,0x07,0x80,0x03,0x0e,0x3f,0x0d,0x40,0x01,0x0c,0x2f,0x08,0xa0,0x03,0x0e,0x2f,0x05,
    0x50,0x01,0x0d,0x0f,0x08,0xc0,0x03,0x0e,0x0f,0x05,0x70,0x02,0x07,0xe0,0x03,0x05,0xf0,0xf0,0xf0,0xf0,0xf0,0xf0,0xf0,0xf0,
    0xf0,0x00,0xd0,0x02,0x05,0x06,0x17,0x06,0x04,0x01,0x60,0x09,0x1f,0x0d,0xd0,0x02,0x08,0x0d,0x7f,0x0c,0x06,0x01,0x20,0x04,
    0x2f,0x04,0xb0,0x01,0x08,0xcf,0x0e,0x06,0x10,0x0d,0x1f,0x09,0xb0,0x02,0x0d,0xff,0x0b,0x08,0x1f,0x0e,0x01,0xa0,0x03,0x0e,
    0x4f,0x0e,0x0a,0x07,0x16,0x08,0x0b,0x0e,0x7f,0x05,0xa0,0x01,0x0e,0x3f,0x0e,0x06,0x60,0x01,0x07,0x0e,0x4f,0x0b,0xb0,0x0b,
    0x3f,0x0c,0x01,0x90,0x03,0x0d,0x3f,0x09,0xa0,0x06,0x3f,0x0c,0x01,0xb0,0x04,0x4f,0x02,0x90,0x0d,0x3f,0x02,0xc0,0x0a,0x4f,
    0x0a,0x80,0x05,0x3f,0x08,0xc0,0x04,0x6f,0x02,0x70,0x0b,0x3f,0x01,0xb0,0x01,0x0d,0x1f,0x0d,0x3f,0x07,0x60,0x01,0x3f,0x0b,
    0xc0,0x08,0x1f,0x0d,0x01,0x0e,0x2f,0x0c,0x60,0x05,0x3f,0x06,0xb0,0x03,0x2f,0x04,0x00,0x0a,0x3f,0x01,0x50,0x09,0x3f,0x03,
    0xb0,0x0c,0x1f,0x0a,0x10,0x06,0x3f,0x04,0x50,0x0b,0x3f,0xb0,0x07,0x1f,0x0e,0x01,0x10,0x04,0x3f,0x06,0x50,0x0d,0x2f,0x0d,
    0xa0,0x02,0x0e,0x1f,0x06,0x20,0x02,0x3f,0x08,0x50,0x0e,0x2f,0x0c,0xa0,0x0b,0x1f,0x0c,0x30,0x01,0x3f,0x09,0x50,0x3f,0x0b,
    0x90,0x05,0x2f,0x02,0x40,0x3f,0x0a,0x50,0x3f,0x0b,0x80,0x01,0x0e,0x1f,0x08,0x50,0x3f,0x0b,0x50,0x3f,0x0b,0x80,0x09,0x1f,
    0x0d,0x60,0x3f,0x0b,0x50,0x3f,0x0b,0x70,0x04,0x2f,0x04,0x60,0x3f,0x0b,0x50,0x0e,0x2f,0x0b,0x70,0x0d,0x1f,0x09,0x60,0x01,
    0x3f,0x0a,0x50,0x0e,0x2f,0x0c,0x60,0x08,0x1f,0x0e,0x01,0x60,0x01,0x3f,0x0a,0x50,0x0d,0x2f,0x0d,0x50,0x02,0x2f,0x05,0x70,
    0x02,0x3f,0x08,0x50,0x0b,0x3f,0x50,0x0c,0x1f,0x0b,0x80,0x04,0x3f,0x07,0x50,0x08,0x3f,0x02,0x30,0x06,0x1f,0x0e,0x02,0x80,
    0x07,0x3f,0x04,0x50,0x05,0x3f,0x06,0x20,0x01,0x0e,0x1f,0x07,0x90,0x0a,0x3f,0x01,0x50,0x01,0x3f,0x0a,0x20,0x0a,0x1f,0x0c,
    0xa0,0x0e,0x2f,0x0c,0x70,0x0b,0x3f,0x01,0x00,0x05,0x2f,0x03,0x90,0x05,0x3f,0x08,0x70,0x06,0x3f,0x08,0x01,0x0d,0x1f,0x09,
    0xa0,0x0b,0x3f,0x02,0x80,0x0d,0x3f,0x0b,0x1f,0x0d,0x01,0x90,0x05,0x3f,0x0a,0x90,0x06,0x6f,0x05,0x90,0x02,0x0e,0x3f,0x03,
    0xa0,0x0b,0x4f,0x0c,0x90,0x02,0x0d,0x3f,0x08,0xb0,0x01,0x0d,0x4f,0x06,0x60,0x01,0x07,0x0e,0x3f,0x0c,0xd0,0x04,0x5f,0x0e,
    0x0a,0x07,0x16,0x08,0x0a,0x5f,0x0d,0x01,0xd0,0x0b,0xff,0x1f,0x0b,0x01,0xd0,0x05,0x2f,0x0a,0xcf,0x0e,0x07,0xe0,0x01,0x0e,
    0x1f,0x08,0x00,0x01,0x08,0x0d,0x7f,0x0c,0x07,0x01,0xf0,0x09,0x1f,0x0d,0x40,0x01,0x05,0x06,0x17,0x06,0x04,0x01,0xf0,0x10,
    0x04,0x2f,0x04,0xf0,0xe0,0x06,0x18,0x06,0xf0,0xb0,0x80,0x04,0x4f,0x06,0xf0,0xb0,0x05,0x3f,0x0e,0x02,0xf0,0xb0,0x07,0x3f,
    0x0b,0xf0,0xc0,0x09,0x3f,0x06,0xf0,0xc0,0x0a,0x2f,0x0e,0x02,0xf0,0xc0,0x0c,0x2f,0x0b,0xf0,0xc0,0x01,0x0d,0x2f,0x06,0xf0,
    0xc0,0x02,0x28,0x07,0xf0,0xf0,0xf0,0xf0,0xf0,0x50,0x3f,0x0b,0xf0,0x00,0x3f,0x0b,0x60,0x3f,0x0b,0xf0,0x00,0x3f,0x0b,0x60,
    0x3f,0x0b,0xf0,0x00,0x3f,0x0b,0x60,0x3f,0x0b,0xf0,0x00,0x3f,0x0b,0x60,0x3f,0x0b,0xf0,0x00,0x3f,0x0b,0x60,0x3f,0x0b,0xf0,
    0x00,0x3f,0x0b,0x60,0x3f,0x0b,0xf0,0x00,0x3f,0x0b,0x60,0x3f,0x0b,0xf0,0x00,0x3f,0x0b,0x60,0x3f,0x0b,0xf0,0x00,0x3f,0x0b,
    0x60,0x3f,0x0b,0xf0,0x00,0x3f,0x0b,0x60,0x3f,0x0b,0xf0,0x00,0x3f,0x0b,0x60,0x3f,0x0b,0xf0,0x00,0x3f,0x0b,0x60,0x3f,0x0b,
    0xf0,0x00,0x3f,0x0b,0x60,0x3f,0x0b,0xf0,0x00,0x3f,0x0b,0x60,0x3f,0x0b,0xf0,0x00,0x3f,0x0b,0x60,0x3f,0x0b,0xf0,0x00,0x3f,
    0x0b,0x60,0x3f,0x0b,0xf0,0x00,0x3f,0x0b,0x60,0x3f,0x0b,0xf0,0x00,0x3f,0x0b,0x60,0x3f,0x0b,0xf0,0x00,0x3f,0x0b,0x60,0x3f,
    0x0b,0xf0,0x00,0x3f,0x0b,0x60,0x3f,0x0b,0xf0,0x00,0x3f,0x0b,0x60,0x3f,0x0b,0xf0,0x00,0x3f,0x0b,0x60,0x3f,0x0b,0xf0,0x00,
    0x3f,0x0b,0x60,0x3f,0x0b,0xf0,0x00,0x3f,0x0b,0x60,0x3f,0x0b,0xf0,0x00,0x3f,0x0b,0x60,0x3f,0x0b,0xf0,0x00,0x3f,0x0a,0x60,
    0x0e,0x2f,0x0c,0xf0,0x01,0x3f,0x09,0x60,0x0c,0x2f,0x0e,0xf0,0x03,0x3f,0x07,0x60,0x09,0x3f,0x03,0xe0,0x07,0x3f,0x04,0x60,
    0x05,0x3f,0x09,0xe0,0x0d,0x2f,0x0e,0x01,0x60,0x01,0x0e,0x3f,0x04,0xc0,0x08,0x3f,0x09,0x80,0x07,0x3f,0x0e,0x03,0xa0,0x06,
    0x4f,0x02,0x90,0x0c,0x4f,0x07,0x01,0x60,0x02,0x0a,0x4f,0x06,0xa0,0x02,0x0d,0x5f,0x0b,0x08,0x07,0x06,0x07,0x08,0x0c,0x5f,
    0x09,0xc0,0x02,0x0d,0xff,0x0f,0x08,0xe0,0x01,0x08,0xdf,0x0c,0x04,0xf0,0x10,0x01,0x07,0x0c,0x7f,0x0e,0x0a,0x04,0xf0,0x60,
    0x01,0x04,0x06,0x27,0x05,0x03,0xc0,0xf0,0x20,0x09,0x3f,0x0d,0x02,0xf0,0x90,0x04,0x3f,0x0e,0x03,0xf0,0x90,0x01,0x0d,0x2f,
    0x0e,0x03,0xf0,0xa0,0x09,0x3f,0x04,0xf0,0xa0,0x04,0x3f,0x05,0xf0,0xa0,0x01,0x0d,0x2f,0x06,0xf0,0xb0,0x09,0x2f,0x07,0xf0,
    0xb0,0x01,0x07,0x18,0x06,0xf0,0xf0,0xf0,0xf0,0xf0,0x60,0x3f,0x0b,0xf0,0x00,0x3f,0x0b,0x60,0x3f,0x0b,0xf0,0x00,0x3f,0x0b,
    0x60,0x3f,0x0b,0xf0,0x00,0x3f,0x0b,0x60,0x3f,0x0b,0xf0,0x00,0x3f,0x0b,0x60,0x3f,0x0b,0xf0,0x00,0x3f,0x0b,0x60,0x3f,0x0b,
    0xf0,0x00,0x3f,0x0b,0x60,0x3f,0x0b,0xf0,0x00,0x3f,0x0b,0x60,0x3f,0x0b,0xf0,0x00,0x3f,0x0b,0x60,0x3f,0x0b,0xf0,0x00,0x3f,
    0x0b,0x60,0x3f,0x0b,0xf0,0x00,0x3f,0x0b,0x60,0x3f,0x0b,0xf0,0x00,0x3f,0x0b,0x60,0x3f,0x0b,0xf0,0x00,0x3f,0x0b,0x60,0x3f,
    0x0b,0xf0,0x00,0x3f,0x0b,0x60,0x3f,0x0b,0xf0,0x00,0x3f,0x0b,0x60,0x3f,0x0b,0xf0,0x00,0x3f,0x0b,0x60,0x3f,0x0b,0xf0,0x00,
    0x3f,0x0b,0x60,0x3f,0x0b,0xf0,0x00,0x3f,0x0b,0x60,0x3f,0x0b,0xf0,0x00,0x3f,0x0b,0x60,0x3f,0x0b,0xf0,0x00,0x3f,0x0b,0x60,
    0x3f,0x0b,0xf0,0x00,0x3f,0x0b,0x60,0x3f,0x0b,0xf0,0x00,0x3f,0x0b,0x60,0x3f,0x0b,0xf0,0x00,0x3f,0x0b,0x60,0x3f,0x0b,0xf0,
    0x00,0x3f,0x0b,0x60,0x3f,0x0b,0xf0,0x00,0x3f,0x0b,0x60,0x3f,0x0b,0xf0,0x00,0x3f,0x0b,0x60,0x3f,0x0b,0xf0,0x00,0x3f,0x0a,
    0x60,0x0e,0x2f,0x0c,0xf0,0x01,0x3f,0x09,0x60,0x0c,0x2f,0x0e,0xf0,0x03,0x3f,0x07,0x60,0x09,0x3f,0x03,0xe0,0x07,0x3f,0x04,
    0x60,0x05,0x3f,0x09,0xe0,0x0d,0x2f,0x0e,0x01,0x60,0x01,0x0e,0x3f,0x04,0xc0,0x08,0x3f,0x09,0x80,0x07,0x3f,0x0e,0x03,0xa0,
    0x06,0x4f,0x02,0x90,0x0c,0x4f,0x07,0x01,0x60,0x02,0x0a,0x4f,0x06,0xa0,0x02,0x0d,0x5f,0x0b,0x08,0x07,0x06,0x07,0x08,0x0c,
    0x5f,0x09,0xc0,0x02,0x0d,0xff,0x0f,0x08,0xe0,0x01,0x08,0xdf,0x0c,0x04,0xf0,0x10,0x01,0x07,0x0c,0x7f,0x0e,0x0a,0x04,0xf0,
    0x60,0x01,0x04,0x06,0x27,0x05,0x03,0xc0,0xe0,0x08,0x2f,0x04,0xf0,0xb0,0x07,0x3f,0x0e,0x03,0xf0,0x90,0x06,0x5f,0x0e,0x02,
    0xf0,0x70,0x06,0x2f,0x0b,0x03,0x0e,0x1f,0x0d,0x02,0xf0,0x50,0x05,0x2f,0x0c,0x01,0x00,0x03,0x0e,0x1f,0x0d,0x01,0xf0,0x30,
    0x04,0x2f,0x0d,0x01,0x20,0x03,0x0e,0x1f,0x0c,0x01,0xf0,0x10,0x03,0x0e,0x1f,0x0d,0x02,0x40,0x04,0x2f,0x0b,0xf0,0xf0,0xf0,
    0xf0,0xf0,0xf0,0xf0,0x20,0x3f,0x0b,0xf0,0x00,0x3f,0x0b,0x60,0x3f,0x0b,0xf0,0x00,0x3f,0x0b,0x60,0x3f,0x0b,0xf0,0x00,0x3f,
    0x0b,0x60,0x3f,0x0b,0xf0,0x00,0x3f,0x0b,0x60,0x3f,0x0b,0xf0,0x00,0x3f,0x0b,0x60,0x3f,0x0b,0xf0,0x00,0x3f,0x0b,0x60,0x3f,
    0x0b,0xf0,0x00,0x3f,0x0b,0x60,0x3f,0x0b,0xf0,0x00,0x3f,0x0b,0x60,0x3f,0x0b,0xf0,0x00,0x3f,0x0b,0x60,0x3f,0x0b,0xf0,0x00,
    0x3f,0x0b,0x60,0x3f,0x0b,0xf0,0x00,0x3f,0x0b,0x60,0x3f,0x0b,0xf0,0x00,0x3f,0x0b,0x60,0x3f,0x0b,0xf0,0x00,0x3f,0x0b,0x60,
    0x3f,0x0b,0xf0,0x00,0x3f,0x0b,0x60,0x3f,0x0b,0xf0,0x00,0x3f,0x0b,0x60,0x3f,0x0b,0xf0,0x00,0x3f,0x0b,0x60,0x3f,0x0b,0xf0,
    0x00,0x3f,0x0b,0x60,0x3f,0x0b,0xf0,0x00,0x3f,0x0b,0x60,0x3f,0x0b,0xf0,0x00,0x3f,0x0b,0x60,0x3f,0x0b,0xf0,0x00,0x3f,0x0b,
    0x60,0x3f,0x0b,0xf0,0x00,0x3f,0x0b,0x60,0x3f,0x0b,0xf0,0x00,0x3f,0x0b,0x60,0x3f,0x0b,0xf0,0x00,0x3f,0x0b,0x60,0x3f,0x0b,
    0xf0,0x00,0x3f,0x0b,0x60,0x3f,0x0b,0xf0,0x00,0x3f,0x0b,0x60,0x3f,0x0b,0xf0,0x00,0x3f,0x0a,0x60,0x0e,0x2f,0x0c,0xf0,0x01,
    0x3f,0x09,0x60,0x0c,0x2f,0x0e,0xf0,0x03,0x3f,0x07,0x60,0x09,0x3f,0x03,0xe0,0x07,0x3f,0x04,0x60,0x05,0x3f,0x09,0xe0,0x0d,
    0x2f,0x0e,0x01,0x60,0x01,0x0e,0x3f,0x04,0xc0,0x08,0x3f,0x09,0x80,0x07,0x3f,0x0e,0x03,0xa0,0x06,0x4f,0x02,0x90,0x0c,0x4f,
    0x07,0x01,0x60,0x02,0x0a,0x4f,0x06,0xa0,0x02,0x0d,0x5f,0x0b,0x08,0x07,0x06,0x07,0x08,0x0c,0x5f,0x09,0xc0,0x02,0x0d,0xff,
    0x0f,0x08,0xe0,0x01,0x08,0xdf,0x0c,0x04,0xf0,0x10,0x01,0x07,0x0c,0x7f,0x0e,0x0a,0x04,0xf0,0x60,0x01,0x04,0x06,0x27,0x05,
    0x03,0xc0,0x80,0x02,0x0a,0x1e,0x0a,0x02,0x40,0x02,0x0a,0x1e,0x0a,0x01,0xf0,0x00,0x0b,0x3f,0x0b,0x40,0x0b,0x3f,0x0b,0xf0,
    0x00,0x0e,0x3f,0x0e,0x40,0x0e,0x3f,0x0e,0xf0,0x00,0x0b,0x3f,0x0b,0x40,0x0b,0x3f,0x0b,0xf0,0x00,0x02,0x0a,0x1e,0x0a,0x02,
    0x40,0x02,0x0a,0x1e,0x0a,0x02,0xf0,0xf0,0xf0,0xf0,0xf0,0xf0,0xf0,0x10,0x3f,0x0b,0xf0,0x00,0x3f,0x0b,0x60,0x3f,0x0b,0xf0,
    0x00,0x3f,0x0b,0x60,0x3f,0x0b,0xf0,0x00,0x3f,0x0b,0x60,0x3f,0x0b,0xf0,0x00,0x3f,0x0b,0x60,0x3f,0x0b,0xf0,0x00,0x3f,0x0b,
    0x60,0x3f,0x0b,0xf0,0x00,0x3f,0x0b,0x60,0x3f,0x0b,0xf0,0x00,0x3f,0x0b,0x60,0x3f,0x0b,0xf0,0x00,0x3f,0x0b,0x60,0x3f,0x0b,
    0xf0,0x00,0x3f,0x0b,0x60,0x3f,0x0b,0xf0,0x00,0x3f,0x0b,0x60,0x3f,0x0b,0xf0,0x00,0x3f,0x0b,0x60,0x3f,0x0b,0xf0,0x00,0x3f,
    0x0b,0x60,0x3f,0x0b,0xf0,0x00,0x3f,0x0b,0x60,0x3f,0x0b,0xf0,0x00,0x3f,0x0b,0x60,0x3f,0x0b,0xf0,0x00,0x3f,0x0b,0x60,0x3f,
    0x0b,0xf0,0x00,0x3f,0x0b,0x60,0x3f,0x0b,0xf0,0x00,0x3f,0x0b,0x60,0x3f,0x0b,0xf0,0x00,0x3f,0x0b,0x60,0x3f,0x0b,0xf0,0x00,
    0x3f,0x0b,0x60,0x3f,0x0b,0xf0,0x00,0x3f,0x0b,0x60,0x3f,0x0b,0xf0,0x00,0x3f,0x0b,0x60,0x3f,0x0b,0xf0,0x00,0x3f,0x0b,0x60,
    0x3f,0x0b,0xf0,0x00,0x3f,0x0b,0x60,0x3f,0x0b,0xf0,0x00,0x3f,0x0b,0x60,0x3f,0x0b,0xf0,0x00,0x3f,0x0b,0x60,0x3f,0x0b,0xf0,
    0x00,0x3f,0x0a,0x60,0x0e,0x2f,0x0c,0xf0,0x01,0x3f,0x09,0x60,0x0c,0x2f,0x0e,0xf0,0x03,0x3f,0x07,0x60,0x09,0x3f,0x03,0xe0,
    0x07,0x3f,0x04,0x60,0x05,0x3f,0x09,0xe0,0x0d,0x2f,0x0e,0x01,0x60,0x01,0x0e,0x3f,0x04,0xc0,0x08,0x3f,0x09,0x80,0x07,0x3f,
    0x0e,0x03,0xa0,0x06,0x4f,0x02,0x90,0x0c,0x4f,0x07,0x01,0x60,0x02,0x0a,0x4f,0x06,0xa0,0x02,0x0d,0x5f,0x0b,0x08,0x07,0x06,
    0x07,0x08,0x0c,0x5f,0x09,0xc0,0x02,0x0d,0xff,0x0f,0x08,0xe0,0x01,0x08,0xdf,0x0c,0x04,0xf0,0x10,0x01,0x07,0x0c,0x7f,0x0e,
    0x0a,0x04,0xf0,0x60,0x01,0x04,0x06,0x27,0x05,0x03,0xc0,0xf0,0x00,0x09,0x3f,0x0d,0x01,0xf0,0x60,0x04,0x3f,0x0d,0x02,0xf0,
    0x70,0x0d,0x2f,0x0e,0x03,0xf0,0x70,0x08,0x3f,0x04,0xf0,0x70,0x02,0x3f,0x05,0xf0,0x80,0x0b,0x2f,0x06,0xf0,0x80,0x06,0x2f,
    0x08,0xf0,0x90,0x06,0x18,0x06,0xf0,0xf0,0xf0,0xf0,0xb0,0x07,0x4f,0x02,0xf0,0x00,0x06,0x4f,0x03,0x01,0x0d,0x3f,0x0a,0xf0,
    0x00,0x0d,0x3f,0x09,0x10,0x06,0x4f,0x02,0xe0,0x06,0x3f,0x0e,0x02,0x20,0x0c,0x3f,0x0a,0xe0,0x0d,0x3f,0x08,0x30,0x04,0x4f,
    0x03,0xc0,0x06,0x3f,0x0e,0x01,0x40,0x0b,0x3f,0x0a,0xc0,0x0d,0x3f,0x06,0x50,0x03,0x4f,0x03,0xa0,0x07,0x3f,0x0d,0x70,0x09,
    0x3f,0x0b,0x90,0x01,0x0e,0x3f,0x05,0x70,0x02,0x0e,0x3f,0x03,0x80,0x07,0x3f,0x0c,0x90,0x08,0x3f,0x0b,0x70,0x01,0x0e,0x3f,
    0x03,0x90,0x01,0x0e,0x3f,0x04,0x60,0x07,0x3f,0x0a,0xb0,0x06,0x3f,0x0b,0x50,0x01,0x0e,0x3f,0x02,0xc0,0x0d,0x3f,0x04,0x40,
    0x08,0x3f,0x09,0xd0,0x05,0x3f,0x0b,0x30,0x01,0x0e,0x2f,0x0e,0x01,0xe0,0x0c,0x3f,0x04,0x20,0x08,0x3f,0x07,0xf0,0x03,0x3f,
    0x0c,0x10,0x01,0x0e,0x2f,0x0d,0x01,0xf0,0x00,0x0a,0x3f,0x04,0x00,0x09,0x3f,0x06,0xf0,0x10,0x02,0x3f,0x0c,0x02,0x3f,0x0c,
    0xf0,0x30,0x09,0x3f,0x0c,0x3f,0x04,0xf0,0x30,0x01,0x0e,0x6f,0x0b,0xf0,0x50,0x07,0x6f,0x03,0xf0,0x60,0x0d,0x4f,0x09,0xf0,
    0x70,0x06,0x3f,0x0e,0x02,0xf0,0x80,0x3f,0x0b,0xf0,0x90,0x3f,0x0b,0xf0,0x90,0x3f,0x0b,0xf0,0x90,0x3f,0x0b,0xf0,0x90,0x3f,
    0x0b,0xf0,0x90,0x3f,0x0b,0xf0,0x90,0x3f,0x0b,0xf0,0x90,0x3f,0x0b,0xf0,0x90,0x3f,0x0b,0xf0,0x90,0x3f,0x0b,0xf0,0x90,0x3f,
    0x0b,0xf0,0x90,0x3f,0x0b,0xf0,0x90,0x3f,0x0b,0xf0,0x90,0x3f,0x0b,0xc0,0x30,0x3f,0x0b,0xf0,0x90,0x3f,0x0b,0xf0,0x90,0x3f,
    0x0b,0xf0,0x90,0x3f,0x0b,0xf0,0x90,0x3f,0x0b,0xf0,0x90,0x3f,0x0b,0xf0,0x90,0x3f,0x0b,0xf0,0x90,0x4f,0x6d,0x1c,0x0a,0x07,
    0x03,0xd0,0xff,0x0f,0x0d,0x06,0xb0,0xff,0x2f,0x0c,0x02,0x90,0xff,0x3f,0x0e,0x02,0x80,0x3f,0x0b,0x60,0x01,0x02,0x06,0x0b,
    0x4f,0x0d,0x01,0x70,0x3f,0x0b,0xa0,0x06,0x4f,0x09,0x70,0x3f,0x0b,0xb0,0x05,0x4f,0x02,0x60,0x3f,0x0b,0xc0,0x0a,0x3f,0x07,
    0x60,0x3f,0x0b,0xc0,0x03,0x3f,0x0b,0x60,0x3f,0x0b,0xd0,0x0e,0x2f,0x0d,0x60,0x3f,0x0b,0xd0,0x0c,0x2f,0x0e,0x60,0x3f,0x0b,
    0xd0,0x0b,0x3f,0x60,0x3f,0x0b,0xd0,0x0d,0x2f,0x0e,0x60,0x3f,0x0b,0xc0,0x02,0x3f,0x0b,0x60,0x3f,0x0b,0xc0,0x08,0x3f,0x07,
    0x60,0x3f,0x0b,0xb0,0x03,0x4f,0x02,0x60,0x3f,0x0b,0xa0,0x04,0x0e,0x3f,0x0a,0x70,0x3f,0x0b,0x80,0x03,0x09,0x4f,0x0e,0x02,
    0x70,0x4f,0x7d,0x7f,0x04,0x80,0xff,0x2f,0x0d,0x03,0x90,0xff,0x0f,0x0e,0x08,0x01,0xa0,0xcf,0x0e,0x0c,0x09,0x05,0x01,0xc0,
    0x3f,0x0b,0xf0,0x90,0x3f,0x0b,0xf0,0x90,0x3f,0x0b,0xf0,0x90,0x3f,0x0b,0xf0,0x90,0x3f,0x0b,0xf0,0x90,0x3f,0x0b,0xf0,0x90,
    0x3f,0x0b,0xf0,0x90,0x3f,0x0b,0xf0,0x50,0x90,0x04,0x08,0x0b,0x1c,0x0b,0x0a,0x06,0x01,0xf0,0x30,0x05,0x0d,0x8f,0x0a,0x01,
    0xf0,0x00,0x09,0xbf,0x0e,0x03,0xe0,0x09,0xdf,0x0e,0x02,0xc0,0x04,0x4f,0x0a,0x04,0x11,0x03,0x08,0x4f,0x0b,0xc0,0x0c,0x3f,
    0x07,0x50,0x04,0x4f,0x03,0xa0,0x04,0x3f,0x0b,0x70,0x09,0x3f,0x07,0xa0,0x08,0x3f,0x04,0x70,0x03,0x3f,0x09,0xa0,0x0b,0x3f,
    0x01,0x70,0x01,0x3f,0x0a,0xa0,0x0d,0x2f,0x0d,0x80,0x01,0x3f,0x0a,0xa0,0x0e,0x2f,0x0c,0x80,0x02,0x3f,0x08,0xa0,0x3f,0x0b,
    0x80,0x07,0x3f,0x05,0xa0,0x3f,0x0b,0x70,0x01,0x0e,0x2f,0x0e,0x01,0xa0,0x3f,0x0b,0x70,0x09,0x3f,0x08,0xb0,0x3f,0x0b,0x60,
    0x03,0x3f,0x0d,0x01,0xb0,0x3f,0x0b,0x60,0x0b,0x3f,0x04,0xc0,0x3f,0x0b,0x50,0x04,0x3f,0x0a,0xd0,0x3f,0x0b,0x50,0x08,0x3f,
    0x04,0xd0,0x3f,0x0b,0x50,0x0a,0x3f,0x01,0xd0,0x3f,0x0b,0x50,0x0a,0x3f,0x01,0xd0,0x3f,0x0b,0x50,0x08,0x3f,0x05,0xd0,0x3f,
    0x0b,0x50,0x03,0x3f,0x0d,0x01,0xc0,0x3f,0x0b,0x60,0x0c,0x3f,0x0c,0x01,0xb0,0x3f,0x0b,0x60,0x02,0x0e,0x3f,0x0d,0x02,0xa0,
    0x3f,0x0b,0x70,0x04,0x0e,0x3f,0x0e,0x04,0x90,0x3f,0x0b,0x80,0x03,0x0e,0x4f,0x07,0x80,0x3f,0x0b,0x90,0x02,0x0c,0x4f,0x08,
    0x70,0x3f,0x0b,0xa0,0x01,0x0a,0x4f,0x06,0x60,0x3f,0x0b,0xc0,0x09,0x4f,0x02,0x50,0x3f,0x0b,0xd0,0x0a,0x3f,0x08,0x50,0x3f,
    0x0b,0xd0,0x02,0x3f,0x0d,0x50,0x3f,0x0b,0xe0,0x0c,0x2f,0x0e,0x50,0x3f,0x0b,0xe0,0x0b,0x2f,0x0e,0x50,0x3f,0x0b,0xe0,0x0e,
    0x2f,0x0d,0x50,0x3f,0x0b,0x20,0x01,0x90,0x06,0x3f,0x0a,0x50,0x3f,0x0b,0x20,0x08,0x0d,0x06,0x60,0x05,0x0e,0x3f,0x05,0x50,
    0x3f,0x0b,0x20,0x0c,0x1f,0x0e,0x0a,0x07,0x16,0x08,0x0c,0x4f,0x0c,0x60,0x3f,0x0b,0x10,0x01,0xdf,0x0e,0x02,0x60,0x3f,0x0b,
    0x10,0x03,0xcf,0x0c,0x03,0x70,0x3f,0x0b,0x20,0x02,0x08,0x0c,0x7f,0x0c,0x06,0xf0,0x40,0x01,0x04,0x06,0x17,0x06,0x05,0x01,
    0x70,0x60,0x08,0x3f,0x0d,0x01,0xf0,0x50,0x0a,0x3f,0x09,0xf0,0x50,0x01,0x0c,0x3f,0x04,0xf0,0x50,0x01,0x0d,0x2f,0x0d,0x01,
    0xf0,0x50,0x02,0x0e,0x2f,0x09,0xf0,0x60,0x04,0x3f,0x04,0xf0,0x60,0x06,0x2f,0x0d,0x01,0xf0,0x60,0x05,0x28,0x03,0xf0,0xf0,
    0xf0,0xf0,0xf0,0xf0,0x80,0x03,0x06,0x17,0x06,0x05,0x02,0xf0,0x10,0x05,0x0b,0x7f,0x0d,0x08,0x02,0xc0,0x03,0x0c,0xcf,0x07,
    0xa0,0x05,0xff,0x08,0x80,0x04,0x5f,0x0b,0x08,0x16,0x07,0x0b,0x5f,0x05,0x60,0x01,0x0e,0x3f,0x0a,0x02,0x50,0x02,0x0c,0x3f,
    0x0d,0x60,0x06,0x3f,0x0a,0x80,0x01,0x0d,0x3f,0x04,0x50,0x09,0x3f,0x02,0x90,0x06,0x3f,0x08,0x50,0x02,0x33,0xa0,0x02,0x3f,
    0x0a,0xf0,0x60,0x3f,0x0a,0xf0,0x60,0x3f,0x0b,0xb0,0x02,0x07,0x09,0x0c,0x0d,0x0e,0x8f,0x0b,0x90,0x05,0x0c,0xef,0x0b,0x70,
    0x01,0x0b,0xff,0x0f,0x0b,0x60,0x01,0x0c,0x7f,0x0e,0x4d,0x3f,0x0b,0x60,0x0a,0x4f,0x0d,0x07,0x03,0x01,0x50,0x3f,0x0b,0x50,
    0x03,0x4f,0x06,0x90,0x3f,0x0b,0x50,0x09,0x3f,0x07,0xa0,0x3f,0x0b,0x50,0x0c,0x2f,0x0e,0xb0,0x3f,0x0b,0x50,0x0e,0x2f,0x0b,
    0xb0,0x3f,0x0b,0x50,0x3f,0x0c,0xa0,0x01,0x3f,0x0b,0x50,0x0d,0x2f,0x0e,0xa0,0x0a,0x3f,0x0b,0x50,0x0a,0x3f,0x07,0x80,0x08,
    0x4f,0x0b,0x50,0x04,0x4f,0x06,0x50,0x02,0x0b,0x5f,0x0c,0x60,0x0b,0x4f,0x0c,0x08,0x16,0x08,0x0c,0x7f,0x0d,0x60,0x01,0x0d,
    0xcf,0x0b,0x0d,0x3f,0x01,0x60,0x02,0x0b,0xaf,0x08,0x00,0x0a,0x3f,0x04,0x80,0x06,0x0d,0x5f,0x0e,0x0a,0x02,0x10,0x06,0x3f,
    0x09,0xa0,0x02,0x05,0x17,0x06,0x04,0xc0,0xf0,0x02,0x0e,0x3f,0x08,0xf0,0x40,0x0b,0x3f,0x09,0xf0,0x40,0x06,0x3f,0x0a,0xf0,
    0x40,0x02,0x0e,0x2f,0x0b,0xf0,0x50,0x0b,0x2f,0x0c,0x01,0xf0,0x40,0x06,0x2f,0x0d,0x01,0xf0,0x40,0x02,0x0e,0x1f,0x0d,0x02,
    0xf0,0x50,0x04,0x28,0x03,0xf0,0xf0,0xf0,0xf0,0xf0,0xf0,0x90,0x03,0x06,0x17,0x06,0x05,0x02,0xf0,0x10,0x05,0x0b,0x7f,0x0d,
    0x08,0x02,0xc0,0x03,0x0c,0xcf,0x07,0xa0,0x05,0xff,0x08,0x80,0x04,0x5f,0x0b,0x08,0x16,0x07,0x0b,0x5f,0x05,0x60,0x01,0x0e,
    0x3f,0x0a,0x02,0x50,0x02,0x0c,0x3f,0x0d,0x60,0x06,0x3f,0x0a,0x80,0x01,0x0d,0x3f,0x04,0x50,0x09,0x3f,0x02,0x90,0x06,0x3f,
    0x08,0x50,0x02,0x33,0xa0,0x02,0x3f,0x0a,0xf0,0x60,0x3f,0x0a,0xf0,0x60,0x3f,0x0b,0xb0,0x02,0x07,0x09,0x0c,0x0d,0x0e,0x8f,
    0x0b,0x90,0x05,0x0c,0xef,0x0b,0x70,0x01,0x0b,0xff,0x0f,0x0b,0x60,0x01,0x0c,0x7f,0x0e,0x4d,0x3f,0x0b,0x60,0x0a,0x4f,0x0d,
    0x07,0x03,0x01,0x50,0x3f,0x0b,0x50,0x03,0x4f,0x06,0x90,0x3f,0x0b,0x50,0x09,0x3f,0x07,0xa0,0x3f,0x0b,0x50,0x0c,0x2f,0x0e,
    0xb0,0x3f,0x0b,0x50,0x0e,0x2f,0x0b,0xb0,0x3f,0x0b,0x50,0x3f,0x0c,0xa0,0x01,0x3f,0x0b,0x50,0x0d,0x2f,0x0e,0xa0,0x0a,0x3f,
    0x0b,0x50,0x0a,0x3f,0x07,0x80,0x08,0x4f,0x0b,0x50,0x04,0x4f,0x06,0x50,0x02,0x0b,0x5f,0x0c,0x60,0x0b,0x4f,0x0c,0x08,0x16,
    0x08,0x0c,0x7f,0x0d,0x60,0x01,0x0d,0xcf,0x0b,0x0d,0x3f,0x01,0x60,0x02,0x0b,0xaf,0x08,0x00,0x0a,0x3f,0x04,0x80,0x06,0x0d,
    0x5f,0x0e,0x0a,0x02,0x10,0x06,0x3f,0x09,0xa0,0x02,0x05,0x17,0x06,0x04,0xc0,0xb0,0x02,0x0e,0x1f,0x0b,0x01,0xf0,0x40,0x01,
    0x0d,0x3f,0x0a,0xf0,0x30,0x01,0x0c,0x5f,0x09,0xf0,0x20,0x0b,0x2f,0x05,0x08,0x2f,0x08,0xf0,0x00,0x0a,0x2f,0x06,0x10,0x09,
    0x2f,0x07,0xe0,0x08,0x2f,0x06,0x30,0x09,0x2f,0x05,0xc0,0x07,0x2f,0x07,0x50,0x0a,0x2f,0x04,0xf0,0xf0,0xf0,0xf0,0xf0,0xf0,
    0xf0,0xf0,0x03,0x06,0x17,0x06,0x05,0x02,0xf0,0x10,0x05,0x0b,0x7f,0x0d,0x08,0x02,0xc0,0x03,0x0c,0xcf,0x07,0xa0,0x05,0xff,
    0x08,0x80,0x04,0x5f,0x0b,0x08,0x16,0x07,0x0b,0x5f,0x05,0x60,0x01,0x0e,0x3f,0x0a,0x02,0x50,0x02,0x0c,0x3f,0x0d,0x60,0x06,
    0x3f,0x0a,0x80,0x01,0x0d,0x3f,0x04,0x50,0x09,0x3f,0x02,0x90,0x06,0x3f,0x08,0x50,0x02,0x33,0xa0,0x02,0x3f,0x0a,0xf0,0x60,
    0x3f,0x0a,0xf0,0x60,0x3f,0x0b,0xb0,0x02,0x07,0x09,0x0c,0x0d,0x0e,0x8f,0x0b,0x90,0x05,0x0c,0xef,0x0b,0x70,0x01,0x0b,0xff,
    0x0f,0x0b,0x60,0x01,0x0c,0x7f,0x0e,0x4d,0x3f,0x0b,0x60,0x0a,0x4f,0x0d,0x07,0x03,0x01,0x50,0x3f,0x0b,0x50,0x03,0x4f,0x06,
    0x90,0x3f,0x0b,0x50,0x09,0x3f,0x07,0xa0,0x3f,0x0b,0x50,0x0c,0x2f,0x0e,0xb0,0x3f,0x0b,0x50,0x0e,0x2f,0x0b,0xb0,0x3f,0x0b,
    0x50,0x3f,0x0c,0xa0,0x01,0x3f,0x0b,0x50,0x0d,0x2f,0x0e,0xa0,0x0a,0x3f,0x0b,0x50,0x0a,0x3f,0x07,0x80,0x08,0x4f,0x0b,0x50,
    0x04,0x4f,0x06,0x50,0x02,0x0b,0x5f,0x0c,0x60,0x0b,0x4f,0x0c,0x08,0x16,0x08,0x0c,0x7f,0x0d,0x60,0x01,0x0d,0xcf,0x0b,0x0d,
    0x3f,0x01,0x60,0x02,0x0b,0xaf,0x08,0x00,0x0a,0x3f,0x04,0x80,0x06,0x0d,0x5f,0x0e,0x0a,0x02,0x10,0x06,0x3f,0x09,0xa0,0x02,
    0x05,0x17,0x06,0x04,0xc0,0xf0,0x40,0x06,0x04,0x03,0xb0,0x01,0x08,0x0d,0x0f,0x0e,0x0a,0x03,0x40,0x03,0x1f,0x0e,0xa0,0x03,
    0x0d,0x5f,0x0b,0x04,0x10,0x02,0x0c,0x1f,0x0c,0x90,0x01,0x0d,0x8f,0x0e,0x0d,0x3f,0x07,0x90,0x06,0x3f,0x0d,0x0e,0x8f,0x0d,
    0x01,0x90,0x0b,0x1f,0x0c,0x02,0x10,0x04,0x0c,0x5f,0x0e,0x03,0xa0,0x0e,0x1f,0x03,0x40,0x04,0x0b,0x0e,0x0f,0x0d,0x09,0x02,
    0xb0,0x25,0xf0,0xf0,0xf0,0xf0,0xf0,0xf0,0xf0,0x10,0x03,0x06,0x17,0x06,0x05,0x02,0xf0,0x10,0x05,0x0b,0x7f,0x0d,0x08,0x02,
    0xc0,0x03,0x0c,0xcf,0x07,0xa0,0x05,0xff,0x08,0x80,0x04,0x5f,0x0b,0x08,0x16,0x07,0x0b,0x5f,0x05,0x60,0x01,0x0e,0x3f,0x0a,
    0x02,0x50,0x02,0x0c,0x3f,0x0d,0x60,0x06,0x3f,0x0a,0x80,0x01,0x0d,0x3f,0x04,0x50,0x09,0x3f,0x02,0x90,0x06,0x3f,0x08,0x50,
    0x02,0x33,0xa0,0x02,0x3f,0x0a,0xf0,0x60,0x3f,0x0a,0xf0,0x60,0x3f,0x0b,0xb0,0x02,0x06,0x09,0x0c,0x0d,0x0e,0x8f,0x0b,0x90,
    0x04,0x0c,0xef,0x0b,0x70,0x01,0x0a,0xff,0x0f,0x0b,0x60,0x01,0x0c,0x7f,0x0e,0x4d,0x3f,0x0b,0x60,0x0a,0x4f,0x0d,0x07,0x03,
    0x01,0x50,0x3f,0x0b,0x50,0x03,0x4f,0x07,0x90,0x3f,0x0b,0x50,0x09,0x3f,0x07,0xa0,0x3f,0x0b,0x50,0x0c,0x2f,0x0e,0xb0,0x3f,
    0x0b,0x50,0x0e,0x2f,0x0b,0xb0,0x3f,0x0b,0x50,0x3f,0x0c,0xa0,0x01,0x3f,0x0b,0x50,0x0d,0x2f,0x0e,0xa0,0x0a,0x3f,0x0b,0x50,
    0x0a,0x3f,0x07,0x80,0x08,0x4f,0x0b,0x50,0x04,0x4f,0x06,0x50,0x02,0x0b,0x5f,0x0c,0x60,0x0b,0x4f,0x0c,0x08,0x16,0x08,0x0c,
    0x7f,0x0d,0x60,0x01,0x0d,0xcf,0x0b,0x0d,0x3f,0x01,0x60,0x02,0x0b,0xaf,0x08,0x00,0x09,0x3f,0x04,0x80,0x06,0x0d,0x5f,0x0e,
    0x0a,0x02,0x10,0x05,0x3f,0x09,0xa0,0x02,0x05,0x17,0x06,0x04,0x01,0xb0,0x70,0x03,0x16,0x03,0x60,0x03,0x16,0x03,0xb0,0x06,
    0x3f,0x06,0x40,0x06,0x3f,0x06,0xa0,0x0d,0x3f,0x0d,0x40,0x0e,0x3f,0x0d,0xa0,0x0e,0x3f,0x0e,0x40,0x0e,0x3f,0x0e,0xa0,0x06,
    0x3f,0x06,0x40,0x06,0x3f,0x06,0xb0,0x03,0x16,0x03,0x60,0x03,0x07,0x06,0x03,0xf0,0xf0,0xf0,0xf0,0xf0,0xf0,0xf0,0xf0,0x03,
    0x06,0x17,0x06,0x05,0x02,0xf0,0x10,0x05,0x0b,0x7f,0x0d,0x08,0x02,0xc0,0x03,0x0c,0xcf,0x07,0xa0,0x05,0xff,0x08,0x80,0x04,
    0x5f,0x0b,0x08,0x16,0x07,0x0b,0x5f,0x05,0x60,0x01,0x0e,0x3f,0x0a,0x02,0x50,0x02,0x0c,0x3f,0x0d,0x60,0x06,0x3f,0x0a,0x80,
    0x01,0x0d,0x3f,0x04,0x50,0x09,0x3f,0x02,0x90,0x06,0x3f,0x08,0x50,0x02,0x33,0xa0,0x02,0x3f,0x0a,0xf0,0x60,0x3f,0x0a,0xf0,
    0x60,0x3f,0x0b,0xb0,0x02,0x06,0x09,0x0c,0x0d,0x0e,0x8f,0x0b,0x90,0x04,0x0c,0xef,0x0b,0x70,0x01,0x0b,0xff,0x0f,0x0b,0x60,
    0x01,0x0c,0x7f,0x0e,0x4d,0x3f,0x0b,0x60,0x0a,0x4f,0x0d,0x07,0x03,0x01,0x50,0x3f,0x0b,0x50,0x03,0x4f,0x06,0x90,0x3f,0x0b,
    0x50,0x09,0x3f,0x07,0xa0,0x3f,0x0b,0x50,0x0c,0x2f,0x0e,0xb0,0x3f,0x0b,0x50,0x0e,0x2f,0x0b,0xb0,0x3f,0x0b,0x50,0x3f,0x0c,
    0xa0,0x01,0x3f,0x0b,0x50,0x0d,0x2f,0x0e,0xa0,0x0a,0x3f,0x0b,0x50,0x0a,0x3f,0x07,0x80,0x08,0x4f,0x0b,0x50,0x04,0x4f,0x06,
    0x50,0x02,0x0b,0x5f,0x0c,0x60,0x0b,0x4f,0x0c,0x08,0x16,0x08,0x0c,0x7f,0x0d,0x60,0x01,0x0d,0xcf,0x0e,0x4f,0x01,0x60,0x01,
    0x0b,0xaf,0x0b,0x02,0x0a,0x3f,0x04,0x80,0x05,0x0c,0x6f,0x0c,0x05,0x10,0x05,0x3f,0x09,0xa0,0x02,0x05,0x17,0x06,0x05,0x01,
    0xb0,0xd0,0x12,0xf0,0x60,0x02,0x0a,0x2f,0x0e,0x09,0x02,0xf0,0x20,0x05,0x6f,0x0e,0x03,0xf0,0x00,0x02,0x0e,0x0f,0x0e,0x06,
    0x01,0x02,0x08,0x1f,0x0e,0x01,0xf0,0x09,0x1f,0x06,0x30,0x09,0x1f,0x07,0xf0,0x0c,0x1f,0x01,0x30,0x03,0x1f,0x0a,0xf0,0x0c,
    0x1f,0x02,0x30,0x04,0x1f,0x09,0xf0,0x09,0x1f,0x08,0x30,0x0a,0x1f,0x06,0xf0,0x02,0x0e,0x1f,0x09,0x14,0x0a,0x1f,0x0d,0x01,
    0xf0,0x00,0x04,0x0e,0x5f,0x0d,0x03,0xf0,0x20,0x02,0x08,0x0d,0x0f,0x0e,0x0c,0x07,0x01,0xf0,0xf0,0xf0,0xf0,0xf0,0xf0,0x70,
    0x04,0x06,0x17,0x06,0x05,0x02,0xf0,0x10,0x05,0x0b,0x7f,0x0d,0x08,0x01,0xc0,0x03,0x0c,0xbf,0x0e,0x05,0xa0,0x05,0xff,0x06,
    0x80,0x04,0x5f,0x0b,0x08,0x16,0x07,0x0b,0x5f,0x03,0x60,0x01,0x0e,0x3f,0x0a,0x02,0x50,0x02,0x0c,0x3f,0x0b,0x60,0x06,0x3f,
    0x0a,0x80,0x01,0x0d,0x3f,0x02,0x50,0x09,0x3f,0x02,0x90,0x06,0x3f,0x05,0x50,0x02,0x33,0xa0,0x02,0x3f,0x07,0xf0,0x60,0x3f,
    0x08,0xf0,0x60,0x3f,0x08,0xb0,0x02,0x06,0x09,0x0c,0x0d,0x0e,0x8f,0x08,0x90,0x04,0x0b,0xef,0x08,0x70,0x01,0x0a,0xff,0x0f,
    0x08,0x60,0x01,0x0c,0x7f,0x0e,0x4d,0x3f,0x08,0x60,0x0a,0x4f,0x0d,0x07,0x03,0x01,0x50,0x3f,0x08,0x50,0x03,0x4f,0x07,0x90,
    0x3f,0x08,0x50,0x09,0x3f,0x07,0xa0,0x3f,0x08,0x50,0x0c,0x2f,0x0e,0xb0,0x3f,0x08,0x50,0x0e,0x2f,0x0b,0xb0,0x3f,0x08,0x50,
    0x3f,0x0c,0xa0,0x01,0x3f,0x08,0x50,0x0d,0x2f,0x0e,0xa0,0x0a,0x3f,0x08,0x50,0x0a,0x3f,0x07,0x80,0x08,0x4f,0x09,0x50,0x04,
    0x4f,0x06,0x50,0x02,0x0b,0x5f,0x0a,0x60,0x0b,0x4f,0x0c,0x08,0x16,0x08,0x0c,0x7f,0x0b,0x60,0x01,0x0d,0xcf,0x0b,0x0d,0x2f,
    0x0d,0x70,0x02,0x0b,0xaf,0x08,0x00,0x09,0x3f,0x02,0x80,0x06,0x0d,0x5f,0x0e,0x0a,0x02,0x10,0x04,0x3f,0x07,0xa0,0x02,0x05,
    0x17,0x06,0x04,0x01,0xb0,0x90,0x02,0x05,0x06,0x17,0x06,0x03,0xa0,0x04,0x06,0x17,0x05,0x03,0xf0,0x00,0x02,0x08,0x0e,0x6f,
    0x0e,0x09,0x02,0x40,0x03,0x0a,0x0e,0x5f,0x0e,0x0a,0x02,0xc0,0x08,0xcf,0x07,0x10,0x01,0x09,0xbf,0x09,0x90,0x01,0x0b,0xef,
    0x08,0x01,0x0b,0xdf,0x0b,0x01,0x70,0x0a,0x4f,0x0e,0x0a,0x07,0x06,0x07,0x09,0x0e,0xaf,0x0d,0x08,0x16,0x08,0x0c,0x4f,0x09,
    0x60,0x04,0x4f,0x0a,0x01,0x40,0x01,0x0b,0x7f,0x0e,0x05,0x50,0x04,0x0e,0x3f,0x04,0x50,0x0a,0x3f,0x09,0x70,0x01,0x0d,0x5f,
    0x0e,0x03,0x70,0x03,0x3f,0x0b,0x50,0x0d,0x2f,0x0e,0x01,0x80,0x07,0x5f,0x06,0x90,0x08,0x3f,0x03,0x40,0x09,0x0a,0x0c,0x0d,
    0x0b,0x90,0x02,0x4f,0x0c,0xa0,0x02,0x3f,0x07,0xf0,0x30,0x01,0x4f,0x06,0xb0,0x0d,0x2f,0x0a,0xf0,0x40,0x4f,0x02,0xb0,0x0c,
    0x2f,0x0d,0xf0,0x40,0x4f,0xc0,0x0b,0x2f,0x0e,0x80,0x02,0x06,0x09,0x0c,0x0d,0x0e,0xff,0xcf,0x60,0x03,0x0b,0xff,0xff,0x2f,
    0x50,0x06,0xff,0xff,0x4f,0x40,0x06,0x7f,0x0e,0x5d,0x4f,0xfd,0x1d,0x30,0x02,0x0e,0x4f,0x0a,0x04,0x01,0x60,0x4f,0xf0,0x50,
    0x08,0x3f,0x0e,0x04,0x90,0x4f,0xf0,0x50,0x0c,0x3f,0x05,0xa0,0x4f,0x02,0xf0,0x40,0x0e,0x2f,0x0d,0xb0,0x4f,0x07,0xf0,0x40,
    0x3f,0x0b,0xb0,0x4f,0x0d,0xf0,0x40,0x0e,0x2f,0x0d,0xa0,0x02,0x5f,0x07,0xf0,0x30,0x0b,0x3f,0x04,0x80,0x04,0x0d,0x6f,0x05,
    0xa0,0x02,0x0a,0x02,0x40,0x07,0x3f,0x0e,0x03,0x50,0x02,0x0a,0x9f,0x08,0x01,0x60,0x02,0x09,0x1f,0x09,0x40,0x01,0x0e,0x4f,
    0x0b,0x07,0x16,0x08,0x0c,0x5f,0x08,0x0c,0x4f,0x0e,0x0a,0x07,0x26,0x08,0x0c,0x4f,0x02,0x40,0x04,0xff,0x07,0x00,0x01,0x0b,
    0xff,0x0e,0x04,0x50,0x05,0x0e,0xbf,0x0c,0x03,0x30,0x08,0x0e,0xcf,0x0a,0x02,0x70,0x02,0x09,0x0e,0x6f,0x0e,0x0a,0x04,0x60,
    0x01,0x08,0x0d,0x7f,0x0e,0x09,0x03,0xc0,0x04,0x05,0x17,0x06,0x05,0x03,0xc0,0x02,0x05,0x06,0x17,0x06,0x05,0x02,0x70,0x90,
    0x01,0x04,0x06,0x17,0x06,0x04,0x01,0xf0,0x00,0x03,0x0a,0x7f,0x0c,0x05,0xc0,0x01,0x09,0xbf,0x0c,0x02,0x90,0x02,0x0d,0xdf,
    0x0e,0x03,0x70,0x01,0x0d,0x4f,0x0d,0x09,0x07,0x06,0x07,0x0b,0x4f,0x0e,0x02,0x60,0x0a,0x3f,0x0e,0x05,0x50,0x02,0x0b,0x3f,
    0x0a,0x50,0x04,0x3f,0x0e,0x02,0x80,0x0a,0x3f,0x03,0x40,0x0b,0x3f,0x04,0x90,0x01,0x0e,0x2f,0x09,0x30,0x02,0x3f,0x0c,0xb0,
    0x07,0x2f,0x0c,0x30,0x06,0x3f,0x06,0xb0,0x03,0x2f,0x0e,0x30,0x09,0x3f,0x02,0xc0,0x35,0x30,0x0c,0x2f,0x0e,0xf0,0x50,0x0e,
    0x2f,0x0c,0xf0,0x50,0x3f,0x0b,0xf0,0x50,0x3f,0x0b,0xf0,0x50,0x3f,0x0b,0xf0,0x50,0x0e,0x2f,0x0c,0xf0,0x50,0x0c,0x2f,0x0e,
    0xf0,0x50,0x09,0x3f,0x01,0xf0,0x40,0x06,0x3f,0x05,0xb0,0x01,0x38,0x30,0x02,0x3f,0x0b,0xb0,0x04,0x2f,0x0e,0x40,0x0b,0x3f,
    0x04,0xa0,0x0b,0x2f,0x0a,0x40,0x04,0x3f,0x0e,0x02,0x80,0x07,0x3f,0x04,0x50,0x0a,0x3f,0x0e,0x05,0x50,0x01,0x09,0x3f,0x0b,
    0x60,0x01,0x0d,0x4f,0x0d,0x08,0x07,0x06,0x07,0x0a,0x0e,0x3f,0x0d,0x01,0x70,0x02,0x0d,0xdf,0x0d,0x02,0x90,0x01,0x0a,0xbf,
    0x09,0x01,0xc0,0x04,0x0b,0x7f,0x0a,0x04,0xf0,0x00,0x01,0x09,0x2f,0x07,0x04,0x01,0xf0,0x30,0x0a,0x1f,0x0d,0x03,0xf0,0x50,
    0x0d,0x3f,0x0c,0x04,0xf0,0x20,0x01,0x0c,0x0e,0x4f,0x04,0xf0,0x40,0x02,0x0b,0x2f,0x0b,0xf0,0x50,0x02,0x2f,0x0e,0xf0,0x50,
    0x01,0x2f,0x0e,0xf0,0x50,0x09,0x2f,0x0b,0xf0,0x10,0x01,0x06,0x08,0x0c,0x3f,0x05,0xf0,0x10,0x03,0x5f,0x08,0xf0,0x20,0x03,
    0x3f,0x0b,0x04,0xf0,0x30,0x01,0x07,0x06,0x04,0x01,0xb0,0x50,0x08,0x3f,0x0d,0x01,0xf0,0x50,0x0a,0x3f,0x09,0xf0,0x60,0x0c,
    0x3f,0x04,0xf0,0x50,0x01,0x0d,0x2f,0x0d,0xf0,0x60,0x02,0x0e,0x2f,0x08,0xf0,0x60,0x04,0x3f,0x03,0xf0,0x60,0x06,0x2f,0x0c,
    0xf0,0x70,0x05,0x28,0x02,0xf0,0xf0,0xf0,0xf0,0xf0,0xf0,0x90,0x03,0x05,0x17,0x05,0x03,0xf0,0x20,0x01,0x08,0x0d,0x5f,0x0e,
    0x09,0x02,0xe0,0x07,0x0e,0x9f,0x0e,0x07,0xc0,0x09,0xdf,0x08,0xa0,0x09,0x4f,0x0d,0x08,0x16,0x08,0x0c,0x4f,0x07,0x80,0x06,
    0x3f,0x0e,0x05,0x50,0x06,0x3f,0x0e,0x02,0x60,0x01,0x0e,0x2f,0x0e,0x03,0x70,0x06,0x3f,0x09,0x60,0x08,0x3f,0x06,0x90,0x0b,
    0x2f,0x0e,0x50,0x01,0x0e,0x2f,0x0d,0xa0,0x04,0x3f,0x05,0x40,0x04,0x3f,0x07,0xb0,0x0e,0x2f,0x08,0x40,0x08,0x3f,0x02,0xb0,
    0x0c,0x2f,0x0b,0x40,0x0c,0x2f,0x0e,0xc0,0x0b,0x2f,0x0d,0x40,0x0d,0xff,0x4f,0x0e,0x40,0x0e,0xff,0x5f,0x40,0xff,0x6f,0x40,
    0x4f,0xfd,0x1d,0x40,0x0e,0x2f,0x0c,0xf0,0x60,0x0d,0x2f,0x0d,0xf0,0x60,0x0a,0x3f,0x02,0xf0,0x50,0x07,0x3f,0x07,0xf0,0x50,
    0x02,0x3f,0x0d,0xf0,0x60,0x0b,0x3f,0x08,0xb0,0x09,0x07,0x70,0x04,0x4f,0x06,0x90,0x09,0x1f,0x0a,0x01,0x60,0x09,0x4f,0x09,
    0x01,0x50,0x03,0x0c,0x3f,0x06,0x60,0x01,0x0c,0x5f,0x0a,0x07,0x06,0x07,0x08,0x0c,0x4f,0x09,0x80,0x01,0x0b,0xef,0x0a,0xb0,
    0x08,0xcf,0x07,0xd0,0x02,0x09,0x0d,0x6f,0x0e,0x08,0x01,0xf0,0x10,0x03,0x05,0x06,0x07,0x06,0x05,0x03,0x90,0xe0,0x03,0x4f,
    0x04,0xf0,0x40,0x0c,0x3f,0x06,0xf0,0x40,0x07,0x3f,0x07,0xf0,0x40,0x02,0x3f,0x09,0xf0,0x50,0x0c,0x2f,0x0a,0xf0,0x50,0x06,
    0x2f,0x0c,0xf0,0x50,0x02,0x0e,0x1f,0x0d,0x01,0xf0,0x50,0x04,0x28,0x02,0xf0,0xf0,0xf0,0xf0,0xf0,0xf0,0xa0,0x03,0x05,0x17,
    0x05,0x03,0xf0,0x20,0x01,0x08,0x0d,0x5f,0x0e,0x09,0x02,0xe0,0x07,0x0e,0x9f,0x0e,0x07,0xc0,0x09,0xdf,0x08,0xa0,0x09,0x4f,
    0x0d,0x08,0x16,0x08,0x0c,0x4f,0x07,0x80,0x06,0x3f,0x0e,0x05,0x50,0x06,0x3f,0x0e,0x02,0x60,0x01,0x0e,0x2f,0x0e,0x03,0x70,
    0x06,0x3f,0x09,0x60,0x08,0x3f,0x06,0x90,0x0b,0x2f,0x0e,0x50,0x01,0x0e,0x2f,0x0d,0xa0,0x04,0x3f,0x05,0x40,0x04,0x3f,0x07,
    0xb0,0x0e,0x2f,0x08,0x40,0x08,0x3f,0x02,0xb0,0x0c,0x2f,0x0b,0x40,0x0c,0x2f,0x0e,0xc0,0x0b,0x2f,0x0d,0x40,0x0d,0xff,0x4f,
    0x0e,0x40,0x0e,0xff,0x5f,0x40,0xff,0x6f,0x40,0x4f,0xfd,0x1d,0x40,0x0e,0x2f,0x0c,0xf0,0x60,0x0d,0x2f,0x0d,0xf0,0x60,0x0a,
    0x3f,0x02,0xf0,0x50,0x07,0x3f,0x07,0xf0,0x50,0x02,0x3f,0x0d,0xf0,0x60,0x0b,0x3f,0x08,0xb0,0x09,0x07,0x70,0x04,0x4f,0x06,
    0x90,0x09,0x1f,0x0a,0x01,0x60,0x09,0x4f,0x09,0x01,0x50,0x03,0x0c,0x3f,0x06,0x60,0x01,0x0c,0x5f,0x0a,0x07,0x06,0x07,0x08,
    0x0c,0x4f,0x09,0x80,0x01,0x0b,0xef,0x0a,0xb0,0x08,0xcf,0x07,0xd0,0x02,0x09,0x0d,0x6f,0x0e,0x08,0x01,0xf0,0x10,0x03,0x05,
    0x06,0x07,0x06,0x05,0x03,0x90,0xa0,0x02,0x0d,0x1f,0x0a,0xf0,0x50,0x01,0x0d,0x3f,0x08,0xf0,0x30,0x01,0x0c,0x5f,0x07,0xf0,
    0x20,0x0b,0x2f,0x04,0x09,0x2f,0x05,0xf0,0x00,0x0a,0x2f,0x06,0x10,0x0a,0x2f,0x04,0xe0,0x08,0x2f,0x07,0x30,0x0b,0x1f,0x0e,
    0x02,0xc0,0x07,0x2f,0x09,0x40,0x01,0x0c,0x1f,0x0d,0x01,0xf0,0xf0,0xf0,0xf0,0xf0,0xf0,0xf0,0xf0,0x00,0x03,0x05,0x17,0x05,
    0x03,0xf0,0x20,0x01,0x08,0x0d,0x5f,0x0e,0x09,0x02,0xe0,0x07,0x0e,0x9f,0x0e,0x07,0xc0,0x09,0xdf,0x08,0xa0,0x09,0x4f,0x0d,
    0x08,0x16,0x08,0x0c,0x4f,0x07,0x80,0x06,0x3f,0x0e,0x05,0x50,0x06,0x3f,0x0e,0x02,0x60,0x01,0x0e,0x2f,0x0e,0x03,0x70,0x06,
    0x3f,0x09,0x60,0x08,0x3f,0x06,0x90,0x0b,0x2f,0x0e,0x50,0x01,0x0e,0x2f,0x0d,0xa0,0x04,0x3f,0x05,0x40,0x04,0x3f,0x07,0xb0,
    0x0e,0x2f,0x08,0x40,0x08,0x3f,0x02,0xb0,0x0c,0x2f,0x0b,0x40,0x0c,0x2f,0x0e,0xc0,0x0b,0x2f,0x0d,0x40,0x0d,0xff,0x4f,0x0e,
    0x40,0x0e,0xff,0x5f,0x40,0xff,0x6f,0x40,0x4f,0xfd,0x1d,0x40,0x0e,0x2f,0x0c,0xf0,0x60,0x0d,0x2f,0x0d,0xf0,0x60,0x0a,0x3f,
    0x02,0xf0,0x50,0x07,0x3f,0x07,0xf0,0x50,0x02,0x3f,0x0d,0xf0,0x60,0x0b,0x3f,0x08,0xb0,0x09,0x07,0x70,0x04,0x4f,0x06,0x90,
    0x09,0x1f,0x0a,0x01,0x60,0x09,0x4f,0x09,0x01,0x50,0x03,0x0c,0x3f,0x06,0x60,0x01,0x0c,0x5f,0x0a,0x07,0x06,0x07,0x08,0x0c,
    0x4f,0x09,0x80,0x01,0x0b,0xef,0x0a,0xb0,0x08,0xcf,0x07,0xd0,0x02,0x09,0x0d,0x6f,0x0e,0x08,0x01,0xf0,0x10,0x03,0x05,0x06,
    0x07,0x06,0x05,0x03,0x90,0x60,0x03,0x16,0x03,0x60,0x03,0x16,0x03,0xb0,0x06,0x3f,0x06,0x40,0x06,0x3f,0x06,0xa0,0x0d,0x3f,
    0x0d,0x40,0x0e,0x3f,0x0d,0xa0,0x0e,0x3f,0x0e,0x40,0x0e,0x3f,0x0e,0xa0,0x06,0x3f,0x06,0x40,0x06,0x3f,0x06,0xb0,0x03,0x16,
    0x03,0x60,0x03,0x16,0x03,0xf0,0xf0,0xf0,0xf0,0xf0,0xf0,0xf0,0xf0,0x00,0x03,0x05,0x17,0x05,0x03,0xf0,0x20,0x01,0x08,0x0d,
    0x5f,0x0e,0x09,0x02,0xe0,0x07,0x0e,0x9f,0x0e,0x07,0xc0,0x09,0xdf,0x08,0xa0,0x09,0x4f,0x0d,0x08,0x16,0x08,0x0c,0x4f,0x07,
    0x80,0x06,0x3f,0x0e,0x05,0x50,0x06,0x3f,0x0e,0x02,0x60,0x01,0x0e,0x2f,0x0e,0x03,0x70,0x06,0x3f,0x09,0x60,0x08,0x3f,0x06,
    0x90,0x0b,0x2f,0x0e,0x50,0x01,0x0e,0x2f,0x0d,0xa0,0x04,0x3f,0x05,0x40,0x04,0x3f,0x07,0xb0,0x0e,0x2f,0x08,0x40,0x08,0x3f,
    0x02,0xb0,0x0c,0x2f,0x0b,0x40,0x0c,0x2f,0x0e,0xc0,0x0b,0x2f,0x0d,0x40,0x0d,0xff,0x4f,0x0e,0x40,0x0e,0xff,0x5f,0x40,0xff,
    0x6f,0x40,0x4f,0xfd,0x1d,0x40,0x0e,0x2f,0x0c,0xf0,0x60,0x0d,0x2f,0x0e,0xf0,0x60,0x0a,0x3f,0x02,0xf0,0x50,0x07,0x3f,0x07,
    0xf0,0x50,0x02,0x3f,0x0e,0x01,0xf0,0x50,0x0b,0x3f,0x09,0xb0,0x01,0x0a,0x03,0x60,0x04,0x4f,0x08,0x90,0x01,0x0b,0x0f,0x0e,
    0x02,0x60,0x09,0x4f,0x0b,0x02,0x60,0x05,0x0e,0x2f,0x08,0x70,0x0c,0x5f,0x0c,0x08,0x16,0x07,0x09,0x0e,0x3f,0x0b,0x80,0x01,
    0x0b,0xef,0x0b,0x01,0xa0,0x08,0x0e,0xbf,0x08,0xd0,0x02,0x08,0x0d,0x6f,0x0e,0x09,0x02,0xf0,0x10,0x02,0x05,0x06,0x07,0x06,
    0x05,0x03,0x90,0x02,0x0e,0x3f,0x08,0x80,0x03,0x4f,0x03,0x80,0x05,0x3f,0x0c,0x90,0x07,0x3f,0x07,0x90,0x08,0x3f,0x03,0x90,
    0x0a,0x2f,0x0c,0x90,0x01,0x0c,0x2f,0x07,0x90,0x01,0x07,0x18,0x07,0xf0,0xf0,0xf0,0xf0,0x50,0x3f,0x0b,0x90,0x3f,0x0b,0x90,
    0x3f,0x0b,0x90,0x3f,0x0b,0x90,0x3f,0x0b,0x90,0x3f,0x0b,0x90,0x3f,0x0b,0x90,0x3f,0x0b,0x90,0x3f,0x0b,0x90,0x3f,0x0b,0x90,
    0x3f,0x0b,0x90,0x3f,0x0b,0x90,0x3f,0x0b,0x90,0x3f,0x0b,0x90,0x3f,0x0b,0x90,0x3f,0x0b,0x90,0x3f,0x0b,0x90,0x3f,0x0b,0x90,
    0x3f,0x0b,0x90,0x3f,0x0b,0x90,0x3f,0x0b,0x90,0x3f,0x0b,0x90,0x3f,0x0b,0x90,0x3f,0x0b,0x90,0x3f,0x0b,0x90,0x3f,0x0b,0x90,
    0x3f,0x0b,0x30,0x70,0x08,0x3f,0x0d,0x02,0x60,0x03,0x3f,0x0e,0x02,0x70,0x0d,0x2f,0x0e,0x03,0x70,0x08,0x3f,0x04,0x70,0x03,
    0x3f,0x05,0x80,0x0c,0x2f,0x07,0x80,0x08,0x2f,0x08,0x90,0x07,0x18,0x06,0xf0,0xf0,0xf0,0xf0,0x60,0x3f,0x0b,0x90,0x3f,0x0b,
    0x90,0x3f,0x0b,0x90,0x3f,0x0b,0x90,0x3f,0x0b,0x90,0x3f,0x0b,0x90,0x3f,0x0b,0x90,0x3f,0x0b,0x90,0x3f,0x0b,0x90,0x3f,0x0b,
    0x90,0x3f,0x0b,0x90,0x3f,0x0b,0x90,0x3f,0x0b,0x90,0x3f,0x0b,0x90,0x3f,0x0b,0x90,0x3f,0x0b,0x90,0x3f,0x0b,0x90,0x3f,0x0b,
    0x90,0x3f,0x0b,0x90,0x3f,0x0b,0x90,0x3f,0x0b,0x90,0x3f,0x0b,0x90,0x3f,0x0b,0x90,0x3f,0x0b,0x90,0x3f,0x0b,0x90,0x3f,0x0b,
    0x90,0x3f,0x0b,0x50,0x50,0x07,0x2f,0x05,0xa0,0x06,0x4f,0x04,0x80,0x05,0x5f,0x0e,0x03,0x60,0x04,0x2f,0x0c,0x02,0x0d,0x1f,
    0x0d,0x02,0x40,0x03,0x0e,0x1f,0x0d,0x01,0x00,0x02,0x0e,0x1f,0x0d,0x01,0x20,0x02,0x0e,0x1f,0x0d,0x02,0x20,0x03,0x0e,0x1f,
    0x0c,0x01,0x00,0x01,0x0d,0x1f,0x0e,0x03,0x40,0x04,0x2f,0x0b,0xf0,0xf0,0xf0,0xf0,0xf0,0xb0,0x3f,0x0b,0xb0,0x3f,0x0b,0xb0,
    0x3f,0x0b,0xb0,0x3f,0x0b,0xb0,0x3f,0x0b,0xb0,0x3f,0x0b,0xb0,0x3f,0x0b,0xb0,0x3f,0x0b,0xb0,0x3f,0x0b,0xb0,0x3f,0x0b,0xb0,
    0x3f,0x0b,0xb0,0x3f,0x0b,0xb0,0x3f,0x0b,0xb0,0x3f,0x0b,0xb0,0x3f,0x0b,0xb0,0x3f,0x0b,0xb0,0x3f,0x0b,0xb0,0x3f,0x0b,0xb0,
    0x3f,0x0b,0xb0,0x3f,0x0b,0xb0,0x3f,0x0b,0xb0,0x3f,0x0b,0xb0,0x3f,0x0b,0xb0,0x3f,0x0b,0xb0,0x3f,0x0b,0xb0,0x3f,0x0b,0xb0,
    0x3f,0x0b,0x50,0x00,0x03,0x16,0x03,0x60,0x03,0x16,0x03,0x00,0x06,0x3f,0x06,0x40,0x06,0x3f,0x06,0x0d,0x3f,0x0d,0x40,0x0e,
    0x3f,0x0d,0x0e,0x3f,0x0e,0x40,0x0e,0x3f,0x0e,0x06,0x3f,0x06,0x40,0x06,0x3f,0x06,0x00,0x03,0x16,0x03,0x60,0x03,0x07,0x06,
    0x03,0xf0,0xf0,0xf0,0xf0,0xf0,0xb0,0x3f,0x0b,0xb0,0x3f,0x0b,0xb0,0x3f,0x0b,0xb0,0x3f,0x0b,0xb0,0x3f,0x0b,0xb0,0x3f,0x0b,
    0xb0,0x3f,0x0b,0xb0,0x3f,0x0b,0xb0,0x3f,0x0b,0xb0,0x3f,0x0b,0xb0,0x3f,0x0b,0xb0,0x3f,0x0b,0xb0,0x3f,0x0b,0xb0,0x3f,0x0b,
    0xb0,0x3f,0x0b,0xb0,0x3f,0x0b,0xb0,0x3f,0x0b,0xb0,0x3f,0x0b,0xb0,0x3f,0x0b,0xb0,0x3f,0x0b,0xb0,0x3f,0x0b,0xb0,0x3f,0x0b,
    0xb0,0x3f,0x0b,0xb0,0x3f,0x0b,0xb0,0x3f,0x0b,0xb0,0x3f,0x0b,0xb0,0x3f,0x0b,0x50,0x60,0x01,0xf0,0xd0,0x08,0x0e,0x0b,0x06,
    0x01,0xf0,0x90,0x0d,0x3f,0x0a,0x03,0x70,0x03,0x02,0xc0,0x04,0x6f,0x0a,0x02,0x40,0x07,0x0f,0x0c,0xc0,0x09,0x8f,0x08,0x10,
    0x02,0x0c,0x2f,0x09,0xc0,0x04,0x09,0x0e,0x6f,0x0c,0x08,0x0e,0x2f,0x0d,0x04,0xf0,0x06,0x0d,0x9f,0x0a,0x01,0xf0,0x20,0x06,
    0x0e,0x6f,0x05,0xf0,0x50,0x03,0x6f,0x03,0xf0,0x40,0x05,0x0e,0x6f,0x0e,0x01,0xf0,0x10,0x01,0x0a,0x9f,0x0b,0xf0,0x00,0x04,
    0x0e,0x2f,0x0e,0x06,0x00,0x05,0x4f,0x06,0xf0,0x02,0x0e,0x1f,0x0b,0x02,0x20,0x08,0x3f,0x0e,0x01,0xf0,0x05,0x0e,0x07,0x50,
    0x0c,0x3f,0x08,0xf0,0x00,0x01,0x60,0x03,0x3f,0x0e,0xf0,0x90,0x0b,0x3f,0x05,0xe0,0x02,0x07,0x0a,0x0c,0x0d,0x0c,0x0a,0x06,
    0x01,0x00,0x03,0x3f,0x0b,0xc0,0x03,0x0b,0x7f,0x0e,0x08,0x00,0x0c,0x3f,0x01,0xa0,0x07,0xbf,0x0c,0x0a,0x3f,0x04,0x90,0x08,
    0xff,0x2f,0x07,0x80,0x05,0x4f,0x0e,0x08,0x04,0x01,0x00,0x01,0x03,0x07,0x0d,0x5f,0x0a,0x70,0x02,0x0e,0x3f,0x0b,0x01,0x70,
    0x07,0x4f,0x0c,0x70,0x09,0x3f,0x0b,0xa0,0x06,0x3f,0x0d,0x60,0x01,0x0e,0x2f,0x0e,0x02,0xb0,0x3f,0x0e,0x60,0x05,0x3f,0x08,
    0xc0,0x4f,0x60,0x09,0x3f,0x03,0xc0,0x0c,0x3f,0x60,0x0c,0x2f,0x0e,0xd0,0x0b,0x3f,0x60,0x0d,0x2f,0x0c,0xd0,0x0b,0x3f,0x60,
    0x0e,0x2f,0x0b,0xd0,0x0c,0x2f,0x0e,0x60,0x0e,0x2f,0x0b,0xd0,0x0d,0x2f,0x0d,0x60,0x0d,0x2f,0x0c,0xd0,0x3f,0x0b,0x60,0x0c,
    0x3f,0x01,0xb0,0x03,0x3f,0x08,0x60,0x08,0x3f,0x05,0xb0,0x08,0x3f,0x04,0x60,0x04,0x3f,0x0b,0xa0,0x01,0x0e,0x2f,0x0e,0x80,
    0x0d,0x3f,0x05,0x90,0x08,0x3f,0x08,0x80,0x05,0x3f,0x0e,0x03,0x70,0x04,0x3f,0x0e,0x01,0x90,0x0b,0x3f,0x0e,0x06,0x50,0x06,
    0x4f,0x06,0xa0,0x01,0x0d,0x4f,0x0d,0x09,0x07,0x06,0x08,0x0d,0x4f,0x0a,0xc0,0x02,0x0c,0xdf,0x0a,0xe0,0x01,0x09,0xaf,0x0e,
    0x07,0xf0,0x10,0x03,0x0a,0x0e,0x5f,0x0e,0x09,0x02,0xf0,0x50,0x03,0x05,0x17,0x06,0x04,0xc0,0xf0,0x40,0x06,0x04,0x03,0xc0,
    0x01,0x08,0x0d,0x0f,0x0e,0x0a,0x03,0x40,0x03,0x1f,0x0e,0xb0,0x03,0x0d,0x5f,0x0b,0x04,0x10,0x02,0x0c,0x1f,0x0c,0xa0,0x01,
    0x0d,0x8f,0x0e,0x0d,0x3f,0x07,0xa0,0x07,0x3f,0x0d,0x0e,0x8f,0x0d,0x01,0xa0,0x0c,0x1f,0x0c,0x02,0x10,0x04,0x0c,0x5f,0x0e,
    0x03,0xb0,0x0e,0x1f,0x03,0x40,0x04,0x0b,0x0e,0x0f,0x0d,0x09,0x02,0xc0,0x25,0xf0,0xf0,0xf0,0xf0,0xf0,0xf0,0xf0,0x80,0x03,
    0x05,0x17,0x06,0x03,0xc0,0x3f,0x0b,0x10,0x01,0x09,0x0e,0x5f,0x0e,0x07,0x01,0x90,0x3f,0x0b,0x00,0x05,0x0e,0x9f,0x0c,0x02,
    0x80,0x3f,0x0b,0x07,0xcf,0x0c,0x01,0x70,0x8f,0x0a,0x07,0x06,0x07,0x09,0x0e,0x4f,0x08,0x70,0x6f,0x0b,0x02,0x40,0x01,0x0a,
    0x3f,0x0e,0x70,0x5f,0x09,0x80,0x0d,0x3f,0x04,0x60,0x4f,0x0b,0x90,0x06,0x3f,0x07,0x60,0x4f,0x02,0x90,0x02,0x3f,0x09,0x60,
    0x4f,0xa0,0x01,0x3f,0x0a,0x60,0x3f,0x0e,0xb0,0x3f,0x0b,0x60,0x3f,0x0b,0xb0,0x3f,0x0b,0x60,0x3f,0x0b,0xb0,0x3f,0x0b,0x60,
    0x3f,0x0b,0xb0,0x3f,0x0b,0x60,0x3f,0x0b,0xb0,0x3f,0x0b,0x60,0x3f,0x0b,0xb0,0x3f,0x0b,0x60,0x3f,0x0b,0xb0,0x3f,0x0b,0x60,
    0x3f,0x0b,0xb0,0x3f,0x0b,0x60,0x3f,0x0b,0xb0,0x3f,0x0b,0x60,0x3f,0x0b,0xb0,0x3f,0x0b,0x60,0x3f,0x0b,0xb0,0x3f,0x0b,0x60,
    0x3f,0x0b,0xb0,0x3f,0x0b,0x60,0x3f,0x0b,0xb0,0x3f,0x0b,0x60,0x3f,0x0b,0xb0,0x3f,0x0b,0x60,0x3f,0x0b,0xb0,0x3f,0x0b,0x60,
    0x3f,0x0b,0xb0,0x3f,0x0b,0x60,0x3f,0x0b,0xb0,0x3f,0x0b,0x60,0x3f,0x0b,0xb0,0x3f,0x0b,0x20,0x50,0x04,0x4f,0x05,0xf0,0x70,
    0x05,0x3f,0x0e,0x01,0xf0,0x70,0x07,0x3f,0x0a,0xf0,0x80,0x09,0x3f,0x05,0xf0,0x80,0x0b,0x2f,0x0e,0x01,0xf0,0x70,0x01,0x0c,
    0x2f,0x09,0xf0,0x80,0x01,0x0d,0x2f,0x04,0xf0,0x80,0x02,0x28,0x06,0xf0,0xf0,0xf0,0xf0,0xf0,0xf0,0xf0,0x10,0x03,0x05,0x27,
    0x05,0x02,0xf0,0x30,0x01,0x08,0x0e,0x6f,0x0d,0x08,0x01,0xf0,0x06,0x0e,0xaf,0x0e,0x06,0xd0,0x09,0xef,0x09,0xb0,0x0a,0x4f,
    0x0e,0x0a,0x07,0x06,0x07,0x0a,0x0e,0x4f,0x0a,0x90,0x06,0x4f,0x09,0x01,0x40,0x01,0x09,0x4f,0x06,0x70,0x02,0x0e,0x3f,0x06,
    0x80,0x06,0x3f,0x0e,0x02,0x60,0x08,0x3f,0x08,0xa0,0x09,0x3f,0x08,0x50,0x01,0x0e,0x2f,0x0e,0x01,0xa0,0x01,0x0e,0x2f,0x0e,
    0x01,0x40,0x05,0x3f,0x08,0xc0,0x08,0x3f,0x05,0x40,0x08,0x3f,0x03,0xc0,0x03,0x3f,0x08,0x40,0x0c,0x3f,0xe0,0x3f,0x0c,0x40,
    0x0d,0x2f,0x0c,0xe0,0x0c,0x2f,0x0d,0x40,0x0e,0x2f,0x0b,0xe0,0x0b,0x2f,0x0e,0x40,0x3f,0x0b,0xe0,0x0b,0x3f,0x40,0x0e,0x2f,
    0x0b,0xe0,0x0b,0x2f,0x0e,0x40,0x0d,0x2f,0x0c,0xe0,0x0c,0x2f,0x0d,0x40,0x0c,0x2f,0x0e,0xe0,0x0e,0x2f,0x0c,0x40,0x09,0x3f,
    0x03,0xc0,0x03,0x3f,0x08,0x40,0x05,0x3f,0x08,0xc0,0x08,0x3f,0x05,0x40,0x01,0x0e,0x2f,0x0d,0x01,0xa0,0x01,0x0e,0x2f,0x0e,
    0x01,0x50,0x08,0x3f,0x08,0xa0,0x08,0x3f,0x08,0x60,0x02,0x0e,0x3f,0x05,0x80,0x05,0x3f,0x0e,0x02,0x70,0x06,0x4f,0x08,0x01,
    0x40,0x01,0x08,0x4f,0x06,0x90,0x0a,0x4f,0x0e,0x0a,0x07,0x06,0x07,0x09,0x0e,0x4f,0x0a,0xb0,0x09,0xef,0x09,0xd0,0x06,0x0e,
    0xaf,0x0e,0x06,0xf0,0x01,0x08,0x0e,0x6f,0x0e,0x08,0x01,0xf0,0x30,0x03,0x05,0x27,0x05,0x03,0xb0,0xf0,0x0b,0x3f,0x0c,0x01,
    0xf0,0x50,0x06,0x3f,0x0d,0x01,0xf0,0x50,0x01,0x0e,0x2f,0x0d,0x02,0xf0,0x60,0x0a,0x2f,0x0e,0x02,0xf0,0x60,0x05,0x2f,0x0e,
    0x03,0xf0,0x60,0x01,0x0e,0x2f,0x04,0xf0,0x70,0x0a,0x2f,0x06,0xf0,0x70,0x01,0x07,0x18,0x05,0xf0,0xf0,0xf0,0xf0,0xf0,0xf0,
    0xf0,0x20,0x03,0x05,0x27,0x05,0x02,0xf0,0x30,0x01,0x08,0x0e,0x6f,0x0d,0x08,0x01,0xf0,0x06,0x0e,0xaf,0x0e,0x06,0xd0,0x09,
    0xef,0x09,0xb0,0x0a,0x4f,0x0e,0x0a,0x07,0x06,0x07,0x0a,0x0e,0x4f,0x0a,0x90,0x06,0x4f,0x09,0x01,0x40,0x01,0x09,0x4f,0x06,
    0x70,0x02,0x0e,0x3f,0x06,0x80,0x06,0x3f,0x0e,0x02,0x60,0x08,0x3f,0x08,0xa0,0x09,0x3f,0x08,0x50,0x01,0x0e,0x2f,0x0e,0x01,
    0xa0,0x01,0x0e,0x2f,0x0e,0x01,0x40,0x05,0x3f,0x08,0xc0,0x08,0x3f,0x05,0x40,0x08,0x3f,0x03,0xc0,0x03,0x3f,0x08,0x40,0x0c,
    0x3f,0xe0,0x3f,0x0c,0x40,0x0d,0x2f,0x0c,0xe0,0x0c,0x2f,0x0d,0x40,0x0e,0x2f,0x0b,0xe0,0x0b,0x2f,0x0e,0x40,0x3f,0x0b,0xe0,
    0x0b,0x3f,0x40,0x0e,0x2f,0x0b,0xe0,0x0b,0x2f,0x0e,0x40,0x0d,0x2f,0x0c,0xe0,0x0c,0x2f,0x0d,0x40,0x0c,0x2f,0x0e,0xe0,0x0e,
    0x2f,0x0c,0x40,0x09,0x3f,0x03,0xc0,0x03,0x3f,0x08,0x40,0x05,0x3f,0x08,0xc0,0x08,0x3f,0x05,0x40,0x01,0x0e,0x2f,0x0d,0x01,
    0xa0,0x01,0x0e,0x2f,0x0e,0x01,0x50,0x08,0x3f,0x08,0xa0,0x08,0x3f,0x08,0x60,0x02,0x0e,0x3f,0x05,0x80,0x05,0x3f,0x0e,0x02,
    0x70,0x06,0x4f,0x08,0x01,0x40,0x01,0x08,0x4f,0x06,0x90,0x0a,0x4f,0x0e,0x0a,0x07,0x06,0x07,0x09,0x0e,0x4f,0x0a,0xb0,0x09,
    0xef,0x09,0xd0,0x06,0x0e,0xaf,0x0e,0x06,0xf0,0x01,0x08,0x0e,0x6f,0x0e,0x08,0x01,0xf0,0x30,0x03,0x05,0x27,0x05,0x03,0xb0,
    0xb0,0x09,0x1f,0x0e,0x03,0xf0,0x70,0x08,0x3f,0x0e,0x02,0xf0,0x50,0x07,0x5f,0x0d,0x01,0xf0,0x30,0x06,0x2f,0x0a,0x03,0x0e,
    0x1f,0x0c,0x01,0xf0,0x10,0x05,0x2f,0x0b,0x10,0x04,0x2f,0x0b,0xf0,0x00,0x04,0x2f,0x0c,0x01,0x20,0x05,0x2f,0x09,0xe0,0x03,
    0x0e,0x1f,0x0d,0x01,0x40,0x06,0x2f,0x08,0xf0,0xf0,0xf0,0xf0,0xf0,0xf0,0xf0,0xf0,0xa0,0x03,0x05,0x27,0x05,0x02,0xf0,0x30,
    0x01,0x08,0x0e,0x6f,0x0d,0x08,0x01,0xf0,0x06,0x0e,0xaf,0x0e,0x06,0xd0,0x09,0xef,0x09,0xb0,0x0a,0x4f,0x0e,0x0a,0x07,0x06,
    0x07,0x0a,0x0e,0x4f,0x0a,0x90,0x06,0x4f,0x09,0x01,0x40,0x01,0x09,0x4f,0x06,0x70,0x02,0x0e,0x3f,0x06,0x80,0x06,0x3f,0x0e,
    0x02,0x60,0x08,0x3f,0x08,0xa0,0x09,0x3f,0x08,0x50,0x01,0x0e,0x2f,0x0e,0x01,0xa0,0x01,0x0e,0x2f,0x0e,0x01,0x40,0x05,0x3f,
    0x08,0xc0,0x08,0x3f,0x05,0x40,0x08,0x3f,0x03,0xc0,0x03,0x3f,0x08,0x40,0x0c,0x3f,0xe0,0x3f,0x0c,0x40,0x0d,0x2f,0x0c,0xe0,
    0x0c,0x2f,0x0d,0x40,0x0e,0x2f,0x0b,0xe0,0x0b,0x2f,0x0e,0x40,0x3f,0x0b,0xe0,0x0b,0x3f,0x40,0x0e,0x2f,0x0b,0xe0,0x0b,0x2f,
    0x0e,0x40,0x0d,0x2f,0x0c,0xe0,0x0c,0x2f,0x0d,0x40,0x0c,0x2f,0x0e,0xe0,0x0e,0x2f,0x0c,0x40,0x09,0x3f,0x03,0xc0,0x03,0x3f,
    0x08,0x40,0x05,0x3f,0x08,0xc0,0x08,0x3f,0x05,0x40,0x01,0x0e,0x2f,0x0d,0x01,0xa0,0x01,0x0e,0x2f,0x0e,0x01,0x50,0x08,0x3f,
    0x08,0xa0,0x08,0x3f,0x08,0x60,0x02,0x0e,0x3f,0x05,0x80,0x05,0x3f,0x0e,0x02,0x70,0x06,0x4f,0x08,0x01,0x40,0x01,0x08,0x4f,
    0x06,0x90,0x0a,0x4f,0x0e,0x0a,0x07,0x06,0x07,0x09,0x0e,0x4f,0x0a,0xb0,0x09,0xef,0x09,0xd0,0x06,0x0e,0xaf,0x0e,0x06,0xf0,
    0x01,0x08,0x0e,0x6f,0x0e,0x08,0x01,0xf0,0x30,0x03,0x05,0x27,0x05,0x03,0xb0,0xf0,0x30,0x06,0x04,0x03,0xd0,0x01,0x08,0x0d,
    0x0f,0x0e,0x0a,0x03,0x40,0x03,0x1f,0x0e,0xc0,0x03,0x0d,0x5f,0x0b,0x04,0x10,0x02,0x0c,0x1f,0x0c,0xb0,0x01,0x0d,0x8f,0x0e,
    0x0d,0x3f,0x07,0xb0,0x07,0x3f,0x0d,0x0e,0x8f,0x0d,0x01,0xb0,0x0c,0x1f,0x0c,0x02,0x10,0x04,0x0c,0x5f,0x0e,0x03,0xc0,0x0e,
    0x1f,0x03,0x40,0x04,0x0b,0x0e,0x0f,0x0d,0x09,0x02,0xd0,0x25,0xf0,0xf0,0xf0,0xf0,0xf0,0xf0,0xf0,0xa0,0x03,0x05,0x27,0x05,
    0x02,0xf0,0x30,0x01,0x08,0x0e,0x6f,0x0d,0x08,0x01,0xf0,0x06,0x0e,0xaf,0x0e,0x06,0xd0,0x09,0xef,0x09,0xb0,0x0a,0x4f,0x0e,
    0x0a,0x07,0x06,0x07,0x0a,0x0e,0x4f,0x0a,0x90,0x06,0x4f,0x09,0x01,0x40,0x01,0x09,0x4f,0x06,0x70,0x02,0x0e,0x3f,0x06,0x80,
    0x06,0x3f,0x0e,0x02,0x60,0x08,0x3f,0x08,0xa0,0x09,0x3f,0x08,0x50,0x01,0x0e,0x2f,0x0e,0x01,0xa0,0x01,0x0e,0x2f,0x0e,0x01,
    0x40,0x05,0x3f,0x08,0xc0,0x08,0x3f,0x05,0x40,0x08,0x3f,0x03,0xc0,0x03,0x3f,0x08,0x40,0x0c,0x3f,0xe0,0x3f,0x0c,0x40,0x0d,
    0x2f,0x0c,0xe0,0x0c,0x2f,0x0d,0x40,0x0e,0x2f,0x0b,0xe0,0x0b,0x2f,0x0e,0x40,0x3f,0x0b,0xe0,0x0b,0x3f,0x40,0x0e,0x2f,0x0b,
    0xe0,0x0b,0x2f,0x0e,0x40,0x0d,0x2f,0x0c,0xe0,0x0c,0x2f,0x0d,0x40,0x0c,0x2f,0x0e,0xe0,0x0e,0x2f,0x0c,0x40,0x09,0x3f,0x03,
    0xc0,0x03,0x3f,0x08,0x40,0x05,0x3f,0x08,0xc0,0x08,0x3f,0x05,0x40,0x01,0x0e,0x2f,0x0d,0x01,0xa0,0x01,0x0e,0x2f,0x0e,0x01,
    0x50,0x08,0x3f,0x08,0xa0,0x08,0x3f,0x08,0x60,0x02,0x0e,0x3f,0x05,0x80,0x05,0x3f,0x0e,0x02,0x70,0x06,0x4f,0x08,0x01,0x40,
    0x01,0x08,0x4f,0x06,0x90,0x0a,0x4f,0x0e,0x0a,0x07,0x06,0x07,0x09,0x0e,0x4f,0x0a,0xb0,0x09,0xef,0x09,0xd0,0x06,0x0e,0xaf,
    0x0e,0x06,0xf0,0x01,0x08,0x0e,0x6f,0x0e,0x08,0x01,0xf0,0x30,0x03,0x05,0x27,0x05,0x03,0xb0,0x60,0x03,0x16,0x03,0x60,0x03,
    0x16,0x03,0xd0,0x06,0x3f,0x06,0x40,0x06,0x3f,0x06,0xc0,0x0d,0x3f,0x0d,0x40,0x0e,0x3f,0x0d,0xc0,0x0e,0x3f,0x0e,0x40,0x0e,
    0x3f,0x0e,0xc0,0x06,0x3f,0x06,0x40,0x06,0x3f,0x06,0xd0,0x03,0x16,0x03,0x60,0x03,0x07,0x06,0x03,0xf0,0xf0,0xf0,0xf0,0xf0,
    0xf0,0xf0,0xf0,0xa0,0x03,0x05,0x27,0x05,0x02,0xf0,0x30,0x01,0x08,0x0e,0x6f,0x0d,0x08,0x01,0xf0,0x06,0x0e,0xaf,0x0e,0x06,
    0xd0,0x09,0xef,0x09,0xb0,0x0a,0x4f,0x0e,0x0a,0x07,0x06,0x07,0x0a,0x0e,0x4f,0x0a,0x90,0x06,0x4f,0x09,0x01,0x40,0x01,0x09,
    0x4f,0x06,0x70,0x02,0x0e,0x3f,0x06,0x80,0x06,0x3f,0x0e,0x02,0x60,0x08,0x3f,0x08,0xa0,0x09,0x3f,0x08,0x50,0x01,0x0e,0x2f,
    0x0e,0x01,0xa0,0x01,0x0e,0x2f,0x0e,0x01,0x40,0x05,0x3f,0x08,0xc0,0x08,0x3f,0x05,0x40,0x08,0x3f,0x03,0xc0,0x03,0x3f,0x08,
    0x40,0x0c,0x3f,0xe0,0x3f,0x0c,0x40,0x0d,0x2f,0x0c,0xe0,0x0c,0x2f,0x0d,0x40,0x0e,0x2f,0x0b,0xe0,0x0b,0x2f,0x0e,0x40,0x3f,
    0x0b,0xe0,0x0b,0x3f,0x40,0x0e,0x2f,0x0b,0xe0,0x0b,0x2f,0x0e,0x40,0x0d,0x2f,0x0c,0xe0,0x0c,0x2f,0x0d,0x40,0x0c,0x2f,0x0e,
    0xe0,0x0e,0x2f,0x0c,0x40,0x09,0x3f,0x03,0xc0,0x03,0x3f,0x08,0x40,0x05,0x3f,0x08,0xc0,0x08,0x3f,0x05,0x40,0x01,0x0e,0x2f,
    0x0d,0x01,0xa0,0x01,0x0e,0x2f,0x0e,0x01,0x50,0x08,0x3f,0x08,0xa0,0x08,0x3f,0x08,0x60,0x02,0x0e,0x3f,0x05,0x80,0x05,0x3f,
    0x0e,0x02,0x70,0x06,0x4f,0x08,0x01,0x40,0x01,0x08,0x4f,0x06,0x90,0x0a,0x4f,0x0e,0x0a,0x07,0x06,0x07,0x09,0x0e,0x4f,0x0a,
    0xb0,0x09,0xef,0x09,0xd0,0x06,0x0e,0xaf,0x0e,0x06,0xf0,0x01,0x08,0x0e,0x6f,0x0e,0x08,0x01,0xf0,0x30,0x03,0x05,0x27,0x05,
    0x03,0xb0,0xb0,0x01,0x09,0x1e,0x09,0x01,0xf0,0x70,0x09,0x3f,0x09,0xf0,0x70,0x0e,0x3f,0x0e,0xf0,0x70,0x0e,0x3f,0x0e,0xf0,
    0x70,0x09,0x3f,0x09,0xf0,0x70,0x01,0x0a,0x1e,0x09,0x01,0xf0,0xf0,0xf0,0xf0,0xf0,0xf0,0xf0,0xf0,0xf0,0xf0,0x30,0xff,0x8f,
    0x40,0xff,0x8f,0x40,0xff,0x8f,0x40,0xff,0x8f,0x40,0xff,0x8f,0xf0,0xf0,0xf0,0xf0,0xf0,0xf0,0xf0,0xf0,0xf0,0xf0,0x40,0x01,
    0x09,0x1e,0x09,0x01,0xf0,0x70,0x09,0x3f,0x09,0xf0,0x70,0x0e,0x3f,0x0e,0xf0,0x70,0x0e,0x3f,0x0e,0xf0,0x70,0x09,0x3f,0x09,
    0xf0,0x70,0x01,0x09,0x1e,0x09,0x01,0xf0,0xf0,0xf0,0xf0,0xf0,0xf0,0xf0,0xf0,0x30,0xf0,0x40,0x05,0x18,0x04,0xf0,0x70,0x01,
    0x0e,0x1f,0x02,0xf0,0x70,0x07,0x1f,0x0a,0xf0,0x03,0x05,0x27,0x05,0x02,0x00,0x01,0x0e,0x1f,0x02,0xc0,0x01,0x08,0x0e,0x6f,
    0x0d,0x2f,0x0a,0xc0,0x06,0x0e,0xcf,0x03,0xb0,0x09,0xef,0x09,0xa0,0x0a,0x4f,0x0e,0x0a,0x07,0x06,0x07,0x0a,0x5f,0x0a,0x80,
    0x06,0x4f,0x09,0x01,0x40,0x08,0x5f,0x06,0x60,0x02,0x0e,0x3f,0x06,0x50,0x01,0x0e,0x5f,0x0e,0x02,0x50,0x08,0x3f,0x08,0x60,
    0x07,0x1f,0x0a,0x09,0x3f,0x08,0x40,0x01,0x0e,0x2f,0x0e,0x01,0x60,0x0e,0x1f,0x03,0x01,0x0e,0x2f,0x0e,0x01,0x30,0x05,0x3f,
    0x08,0x60,0x06,0x1f,0x0a,0x10,0x08,0x3f,0x05,0x30,0x08,0x3f,0x03,0x60,0x0d,0x1f,0x03,0x10,0x03,0x3f,0x08,0x30,0x0c,0x3f,
    0x60,0x06,0x1f,0x0b,0x30,0x3f,0x0c,0x30,0x0d,0x2f,0x0c,0x60,0x0d,0x1f,0x03,0x30,0x0c,0x2f,0x0d,0x30,0x0e,0x2f,0x0b,0x50,
    0x06,0x1f,0x0b,0x40,0x0b,0x2f,0x0e,0x30,0x3f,0x0b,0x50,0x0d,0x1f,0x03,0x40,0x0b,0x3f,0x30,0x0e,0x2f,0x0b,0x40,0x06,0x1f,
    0x0b,0x50,0x0b,0x2f,0x0e,0x30,0x0d,0x2f,0x0c,0x40,0x0d,0x1f,0x03,0x50,0x0c,0x2f,0x0d,0x30,0x0c,0x2f,0x0e,0x30,0x06,0x1f,
    0x0b,0x60,0x0e,0x2f,0x0c,0x30,0x09,0x3f,0x03,0x20,0x0d,0x1f,0x04,0x50,0x03,0x3f,0x08,0x30,0x05,0x3f,0x08,0x10,0x06,0x1f,
    0x0b,0x60,0x08,0x3f,0x05,0x30,0x01,0x0e,0x2f,0x0d,0x01,0x00,0x0d,0x1f,0x04,0x50,0x01,0x0e,0x2f,0x0e,0x01,0x40,0x08,0x3f,
    0x08,0x06,0x1f,0x0b,0x60,0x08,0x3f,0x08,0x50,0x02,0x0e,0x6f,0x04,0x50,0x05,0x3f,0x0e,0x02,0x60,0x06,0x5f,0x0c,0x40,0x01,
    0x08,0x4f,0x06,0x80,0x0a,0x5f,0x0a,0x07,0x06,0x07,0x09,0x0e,0x4f,0x0a,0xa0,0x09,0xef,0x09,0xc0,0xcf,0x0e,0x06,0xc0,0x05,
    0x2f,0x0e,0x6f,0x0e,0x08,0x01,0xd0,0x0d,0x1f,0x04,0x00,0x03,0x05,0x27,0x05,0x03,0xf0,0x05,0x1f,0x0c,0xf0,0x80,0x0c,0x1f,
    0x04,0xf0,0x70,0x02,0x18,0x07,0xf0,0x40,0x50,0x08,0x3f,0x0e,0x01,0xf0,0x60,0x0a,0x3f,0x0a,0xf0,0x60,0x01,0x0c,0x3f,0x05,
    0xf0,0x60,0x01,0x0d,0x2f,0x0e,0x01,0xf0,0x60,0x02,0x0e,0x2f,0x09,0xf0,0x70,0x03,0x3f,0x04,0xf0,0x70,0x05,0x2f,0x0d,0x01,
    0xf0,0x70,0x05,0x28,0x03,0xf0,0xf0,0xf0,0xf0,0xf0,0xf0,0xf0,0xf0,0x20,0x3f,0x0b,0xb0,0x3f,0x0b,0x60,0x3f,0x0b,0xb0,0x3f,
    0x0b,0x60,0x3f,0x0b,0xb0,0x3f,0x0b,0x60,0x3f,0x0b,0xb0,0x3f,0x0b,0x60,0x3f,0x0b,0xb0,0x3f,0x0b,0x60,0x3f,0x0b,0xb0,0x3f,
    0x0b,0x60,0x3f,0x0b,0xb0,0x3f,0x0b,0x60,0x3f,0x0b,0xb0,0x3f,0x0b,0x60,0x3f,0x0b,0xb0,0x3f,0x0b,0x60,0x3f,0x0b,0xb0,0x3f,
    0x0b,0x60,0x3f,0x0b,0xb0,0x3f,0x0b,0x60,0x3f,0x0b,0xb0,0x3f,0x0b,0x60,0x3f,0x0b,0xb0,0x3f,0x0b,0x60,0x3f,0x0b,0xb0,0x3f,
    0x0b,0x60,0x3f,0x0b,0xb0,0x3f,0x0b,0x60,0x3f,0x0b,0xb0,0x3f,0x0b,0x60,0x3f,0x0b,0xb0,0x3f,0x0b,0x60,0x3f,0x0b,0xb0,0x3f,
    0x0b,0x60,0x0e,0x2f,0x0b,0xb0,0x3f,0x0b,0x60,0x0d,0x2f,0x0d,0xa0,0x02,0x3f,0x0b,0x60,0x0b,0x3f,0x02,0x90,0x0a,0x3f,0x0b,
    0x60,0x07,0x3f,0x09,0x80,0x06,0x4f,0x0b,0x60,0x02,0x4f,0x06,0x50,0x01,0x09,0x5f,0x0b,0x70,0x0a,0x4f,0x0c,0x07,0x16,0x07,
    0x0a,0x0e,0x6f,0x0b,0x70,0x02,0x0e,0xcf,0x0c,0x3f,0x0b,0x80,0x03,0x0d,0xaf,0x0a,0x01,0x3f,0x0b,0x90,0x01,0x08,0x0e,0x6f,
    0x0b,0x04,0x10,0x3f,0x0b,0xc0,0x03,0x06,0x17,0x06,0x04,0x01,0xc0,0xe0,0x02,0x0e,0x3f,0x07,0xf0,0x50,0x0b,0x3f,0x09,0xf0,
    0x50,0x06,0x3f,0x0a,0xf0,0x50,0x02,0x0e,0x2f,0x0b,0xf0,0x60,0x0b,0x2f,0x0c,0x01,0xf0,0x50,0x05,0x2f,0x0d,0x01,0xf0,0x50,
    0x01,0x0e,0x1f,0x0d,0x02,0xf0,0x60,0x04,0x28,0x03,0xf0,0xf0,0xf0,0xf0,0xf0,0xf0,0xf0,0xf0,0x30,0x3f,0x0b,0xb0,0x3f,0x0b,
    0x60,0x3f,0x0b,0xb0,0x3f,0x0b,0x60,0x3f,0x0b,0xb0,0x3f,0x0b,0x60,0x3f,0x0b,0xb0,0x3f,0x0b,0x60,0x3f,0x0b,0xb0,0x3f,0x0b,
    0x60,0x3f,0x0b,0xb0,0x3f,0x0b,0x60,0x3f,0x0b,0xb0,0x3f,0x0b,0x60,0x3f,0x0b,0xb0,0x3f,0x0b,0x60,0x3f,0x0b,0xb0,0x3f,0x0b,
    0x60,0x3f,0x0b,0xb0,0x3f,0x0b,0x60,0x3f,0x0b,0xb0,0x3f,0x0b,0x60,0x3f,0x0b,0xb0,0x3f,0x0b,0x60,0x3f,0x0b,0xb0,0x3f,0x0b,
    0x60,0x3f,0x0b,0xb0,0x3f,0x0b,0x60,0x3f,0x0b,0xb0,0x3f,0x0b,0x60,0x3f,0x0b,0xb0,0x3f,0x0b,0x60,0x3f,0x0b,0xb0,0x3f,0x0b,
    0x60,0x3f,0x0b,0xb0,0x3f,0x0b,0x60,0x0e,0x2f,0x0b,0xb0,0x3f,0x0b,0x60,0x0d,0x2f,0x0d,0xa0,0x02,0x3f,0x0b,0x60,0x0b,0x3f,
    0x02,0x90,0x0a,0x3f,0x0b,0x60,0x07,0x3f,0x09,0x80,0x06,0x4f,0x0b,0x60,0x02,0x4f,0x06,0x50,0x01,0x09,0x5f,0x0b,0x70,0x0a,
    0x4f,0x0c,0x07,0x16,0x07,0x0a,0x0e,0x6f,0x0b,0x70,0x02,0x0e,0xcf,0x0c,0x3f,0x0b,0x80,0x03,0x0d,0xaf,0x0a,0x01,0x3f,0x0b,
    0x90,0x01,0x08,0x0e,0x6f,0x0b,0x04,0x10,0x3f,0x0b,0xc0,0x03,0x06,0x17,0x06,0x04,0x01,0xc0,0xa0,0x01,0x0d,0x1f,0x0b,0xf0,
    0x60,0x01,0x0c,0x3f,0x0a,0xf0,0x40,0x01,0x0c,0x5f,0x09,0xf0,0x30,0x0b,0x2f,0x05,0x08,0x2f,0x07,0xf0,0x10,0x0a,0x2f,0x06,
    0x10,0x09,0x2f,0x06,0xf0,0x09,0x2f,0x08,0x30,0x0a,0x2f,0x05,0xd0,0x07,0x2f,0x09,0x50,0x0b,0x2f,0x04,0xf0,0xf0,0xf0,0xf0,
    0xf0,0xf0,0xf0,0xf0,0xf0,0xa0,0x3f,0x0b,0xb0,0x3f,0x0b,0x60,0x3f,0x0b,0xb0,0x3f,0x0b,0x60,0x3f,0x0b,0xb0,0x3f,0x0b,0x60,
    0x3f,0x0b,0xb0,0x3f,0x0b,0x60,0x3f,0x0b,0xb0,0x3f,0x0b,0x60,0x3f,0x0b,0xb0,0x3f,0x0b,0x60,0x3f,0x0b,0xb0,0x3f,0x0b,0x60,
    0x3f,0x0b,0xb0,0x3f,0x0b,0x60,0x3f,0x0b,0xb0,0x3f,0x0b,0x60,0x3f,0x0b,0xb0,0x3f,0x0b,0x60,0x3f,0x0b,0xb0,0x3f,0x0b,0x60,
    0x3f,0x0b,0xb0,0x3f,0x0b,0x60,0x3f,0x0b,0xb0,0x3f,0x0b,0x60,0x3f,0x0b,0xb0,0x3f,0x0b,0x60,0x3f,0x0b,0xb0,0x3f,0x0b,0x60,
    0x3f,0x0b,0xb0,0x3f,0x0b,0x60,0x3f,0x0b,0xb0,0x3f,0x0b,0x60,0x3f,0x0b,0xb0,0x3f,0x0b,0x60,0x0e,0x2f,0x0b,0xb0,0x3f,0x0b,
    0x60,0x0d,0x2f,0x0d,0xa0,0x02,0x3f,0x0b,0x60,0x0b,0x3f,0x02,0x90,0x0a,0x3f,0x0b,0x60,0x07,0x3f,0x09,0x80,0x06,0x4f,0x0b,
    0x60,0x02,0x4f,0x06,0x50,0x01,0x09,0x5f,0x0b,0x70,0x0a,0x4f,0x0c,0x07,0x16,0x07,0x0a,0x0e,0x6f,0x0b,0x70,0x02,0x0e,0xcf,
    0x0c,0x3f,0x0b,0x80,0x03,0x0d,0xaf,0x0a,0x01,0x3f,0x0b,0x90,0x01,0x08,0x0e,0x6f,0x0b,0x04,0x10,0x3f,0x0b,0xc0,0x03,0x06,
    0x17,0x06,0x04,0x01,0xc0,0x60,0x03,0x16,0x03,0x50,0x03,0x16,0x03,0xd0,0x06,0x3f,0x06,0x30,0x06,0x3f,0x06,0xc0,0x0d,0x3f,
    0x0d,0x30,0x0e,0x3f,0x0d,0xc0,0x0e,0x3f,0x0e,0x30,0x0e,0x3f,0x0e,0xc0,0x06,0x3f,0x06,0x30,0x06,0x3f,0x06,0xd0,0x03,0x16,
    0x03,0x50,0x03,0x07,0x06,0x03,0xf0,0xf0,0xf0,0xf0,0xf0,0xf0,0xf0,0xf0,0xf0,0xb0,0x3f,0x0b,0xb0,0x3f,0x0b,0x60,0x3f,0x0b,
    0xb0,0x3f,0x0b,0x60,0x3f,0x0b,0xb0,0x3f,0x0b,0x60,0x3f,0x0b,0xb0,0x3f,0x0b,0x60,0x3f,0x0b,0xb0,0x3f,0x0b,0x60,0x3f,0x0b,
    0xb0,0x3f,0x0b,0x60,0x3f,0x0b,0xb0,0x3f,0x0b,0x60,0x3f,0x0b,0xb0,0x3f,0x0b,0x60,0x3f,0x0b,0xb0,0x3f,0x0b,0x60,0x3f,0x0b,
    0xb0,0x3f,0x0b,0x60,0x3f,0x0b,0xb0,0x3f,0x0b,0x60,0x3f,0x0b,0xb0,0x3f,0x0b,0x60,0x3f,0x0b,0xb0,0x3f,0x0b,0x60,0x3f,0x0b,
    0xb0,0x3f,0x0b,0x60,0x3f,0x0b,0xb0,0x3f,0x0b,0x60,0x3f,0x0b,0xb0,0x3f,0x0b,0x60,0x3f,0x0b,0xb0,0x3f,0x0b,0x60,0x3f,0x0b,
    0xb0,0x3f,0x0b,0x60,0x0e,0x2f,0x0b,0xb0,0x3f,0x0b,0x60,0x0d,0x2f,0x0d,0xa0,0x02,0x3f,0x0b,0x60,0x0b,0x3f,0x02,0x90,0x0a,
    0x3f,0x0b,0x60,0x07,0x3f,0x09,0x80,0x06,0x4f,0x0b,0x60,0x02,0x4f,0x06,0x50,0x01,0x09,0x5f,0x0b,0x70,0x0b,0x4f,0x0c,0x07,
    0x16,0x07,0x0a,0x0e,0x6f,0x0b,0x70,0x02,0x0e,0xcf,0x0a,0x3f,0x0b,0x80,0x03,0x0d,0xaf,0x08,0x00,0x3f,0x0b,0x90,0x01,0x08,
    0x0e,0x5f,0x0e,0x0a,0x03,0x10,0x3f,0x0b,0xc0,0x03,0x06,0x17,0x05,0x04,0x01,0xc0,0xe0,0x07,0x38,0x05,0xf0,0x10,0x06,0x3f,
    0x0d,0x02,0xf0,0x00,0x02,0x0e,0x2f,0x0e,0x02,0xf0,0x10,0x0b,0x2f,0x0e,0x03,0xf0,0x10,0x06,0x3f,0x04,0xf0,0x10,0x02,0x0e,
    0x2f,0x05,0xf0,0x20,0x0b,0x2f,0x07,0xf0,0x20,0x05,0x2f,0x08,0xf0,0xf0,0xf0,0xf0,0xf0,0xf0,0xd0,0x04,0x3f,0x0d,0xb0,0x03,
    0x3f,0x0c,0x10,0x0d,0x3f,0x03,0xa0,0x08,0x3f,0x07,0x10,0x08,0x3f,0x08,0xa0,0x0d,0x3f,0x02,0x10,0x03,0x3f,0x0d,0x90,0x02,
    0x3f,0x0b,0x30,0x0c,0x3f,0x03,0x80,0x07,0x3f,0x06,0x30,0x07,0x3f,0x08,0x80,0x0b,0x3f,0x01,0x30,0x02,0x3f,0x0d,0x70,0x01,
    0x3f,0x0b,0x50,0x0b,0x3f,0x03,0x60,0x06,0x3f,0x05,0x50,0x06,0x3f,0x08,0x60,0x0a,0x2f,0x0e,0x01,0x50,0x01,0x3f,0x0d,0x50,
    0x01,0x0e,0x2f,0x0a,0x70,0x0a,0x3f,0x03,0x40,0x05,0x3f,0x05,0x70,0x05,0x3f,0x08,0x40,0x09,0x2f,0x0e,0x90,0x0e,0x2f,0x0d,
    0x40,0x0e,0x2f,0x09,0x90,0x09,0x3f,0x03,0x20,0x03,0x3f,0x04,0x90,0x04,0x3f,0x08,0x20,0x08,0x2f,0x0e,0xb0,0x0d,0x2f,0x0d,
    0x20,0x0d,0x2f,0x09,0xb0,0x08,0x3f,0x03,0x00,0x02,0x3f,0x03,0xb0,0x02,0x3f,0x08,0x00,0x07,0x2f,0x0d,0xd0,0x0c,0x2f,0x0d,
    0x00,0x0c,0x2f,0x08,0xd0,0x07,0x3f,0x04,0x3f,0x03,0xd0,0x01,0x3f,0x0e,0x2f,0x0d,0xf0,0x0b,0x6f,0x07,0xf0,0x05,0x6f,0x02,
    0xf0,0x01,0x0e,0x4f,0x0c,0xf0,0x10,0x0a,0x4f,0x07,0xf0,0x10,0x04,0x4f,0x02,0xf0,0x20,0x3f,0x0b,0xf0,0x30,0x3f,0x06,0xf0,
    0x20,0x01,0x3f,0x01,0xf0,0x20,0x06,0x2f,0x0b,0xf0,0x30,0x0c,0x2f,0x05,0xf0,0x20,0x03,0x2f,0x0e,0x01,0xf0,0x20,0x0c,0x2f,
    0x08,0xf0,0x10,0x01,0x0a,0x3f,0x02,0xd0,0x05,0x06,0x07,0x09,0x0e,0x3f,0x08,0xe0,0x0d,0x6f,0x0c,0x01,0xe0,0x0d,0x5f,0x0c,
    0x01,0xf0,0x0d,0x3f,0x0e,0x08,0x01,0xf0,0x00,0x03,0x06,0x17,0x05,0x01,0xf0,0x00,0x30,0x38,0x05,0xf0,0x80,0x3f,0x0b,0xf0,
    0x80,0x3f,0x0b,0xf0,0x80,0x3f,0x0b,0xf0,0x80,0x3f,0x0b,0xf0,0x80,0x3f,0x0b,0xf0,0x80,0x3f,0x0b,0xf0,0x80,0x3f,0x0b,0xf0,
    0x80,0x3f,0x0b,0xf0,0x80,0x3f,0x0b,0xf0,0x80,0x3f,0x0b,0xf0,0x80,0x3f,0x0b,0x30,0x02,0x05,0x06,0x07,0x06,0x04,0x01,0xd0,
    0x3f,0x0b,0x10,0x06,0x0c,0x5f,0x0e,0x0a,0x02,0xb0,0x3f,0x0b,0x02,0x0c,0xaf,0x07,0xa0,0x3f,0x1d,0xcf,0x08,0x90,0x7f,0x0c,
    0x08,0x16,0x08,0x0d,0x5f,0x06,0x80,0x5f,0x0d,0x03,0x50,0x05,0x0e,0x3f,0x0e,0x01,0x70,0x4f,0x0c,0x01,0x70,0x02,0x0e,0x3f,
    0x08,0x70,0x4f,0x02,0x90,0x05,0x3f,0x0d,0x70,0x4f,0xb0,0x0c,0x3f,0x04,0x60,0x3f,0x0c,0xb0,0x06,0x3f,0x07,0x60,0x3f,0x0b,
    0xb0,0x02,0x3f,0x0a,0x60,0x3f,0x0b,0xc0,0x0e,0x2f,0x0c,0x60,0x3f,0x0b,0xc0,0x0c,0x2f,0x0d,0x60,0x3f,0x0b,0xc0,0x0b,0x2f,
    0x0e,0x60,0x3f,0x0b,0xc0,0x0b,0x3f,0x60,0x3f,0x0b,0xc0,0x0b,0x2f,0x0e,0x60,0x3f,0x0b,0xc0,0x0c,0x2f,0x0d,0x60,0x3f,0x0b,
    0xc0,0x0e,0x2f,0x0c,0x60,0x3f,0x0b,0xb0,0x02,0x3f,0x0a,0x60,0x3f,0x0c,0xb0,0x06,0x3f,0x07,0x60,0x4f,0xb0,0x0c,0x3f,0x03,
    0x60,0x4f,0x02,0x90,0x05,0x3f,0x0d,0x70,0x4f,0x0c,0x01,0x70,0x02,0x0e,0x3f,0x07,0x70,0x5f,0x0c,0x03,0x50,0x05,0x0e,0x3f,
    0x0d,0x80,0x7f,0x0c,0x08,0x16,0x08,0x0c,0x5f,0x04,0x80,0x3f,0x1e,0xcf,0x06,0x90,0x3f,0x0b,0x03,0x0d,0x9f,0x0e,0x06,0xa0,
    0x3f,0x0b,0x10,0x07,0x0d,0x6f,0x0a,0x02,0xb0,0x3f,0x0b,0x30,0x02,0x05,0x06,0x17,0x04,0x01,0xd0,0x3f,0x0b,0xf0,0x80,0x3f,
    0x0b,0xf0,0x80,0x3f,0x0b,0xf0,0x80,0x3f,0x0b,0xf0,0x80,0x3f,0x0b,0xf0,0x80,0x3f,0x0b,0xf0,0x80,0x3f,0x0b,0xf0,0x80,0x3f,
    0x0b,0xf0,0x80,0x3f,0x0b,0xf0,0x80,0x3f,0x0b,0xf0,0x40,0x50,0x03,0x16,0x03,0x60,0x03,0x16,0x03,0x80,0x06,0x3f,0x06,0x40,
    0x06,0x3f,0x06,0x70,0x0d,0x3f,0x0d,0x40,0x0e,0x3f,0x0d,0x70,0x0e,0x3f,0x0e,0x40,0x0e,0x3f,0x0e,0x70,0x06,0x3f,0x06,0x40,
    0x06,0x3f,0x06,0x80,0x03,0x16,0x03,0x60,0x03,0x07,0x06,0x03,0xf0,0xf0,0xf0,0xf0,0xf0,0xf0,0xf0,0xf0,0x10,0x0e,0x3f,0x03,
    0xb0,0x09,0x3f,0x08,0x00,0x09,0x3f,0x08,0xb0,0x0e,0x3f,0x03,0x00,0x03,0x3f,0x0d,0xa0,0x04,0x3f,0x0d,0x20,0x0d,0x3f,0x03,
    0x90,0x09,0x3f,0x07,0x20,0x07,0x3f,0x08,0x90,0x0d,0x3f,0x02,0x20,0x02,0x3f,0x0d,0x80,0x03,0x3f,0x0c,0x40,0x0b,0x3f,0x03,
    0x70,0x08,0x3f,0x06,0x40,0x05,0x3f,0x09,0x70,0x0c,0x3f,0x01,0x40,0x01,0x0e,0x2f,0x0d,0x60,0x02,0x3f,0x0b,0x60,0x09,0x3f,
    0x04,0x50,0x07,0x3f,0x05,0x60,0x04,0x3f,0x09,0x50,0x0c,0x2f,0x0e,0x01,0x70,0x0d,0x2f,0x0e,0x40,0x01,0x3f,0x0a,0x80,0x07,
    0x3f,0x04,0x30,0x06,0x3f,0x04,0x80,0x02,0x3f,0x09,0x30,0x0b,0x2f,0x0e,0xa0,0x0b,0x2f,0x0e,0x20,0x01,0x3f,0x09,0xa0,0x06,
    0x3f,0x04,0x10,0x05,0x3f,0x03,0xa0,0x01,0x0e,0x2f,0x09,0x10,0x0a,0x2f,0x0d,0xc0,0x09,0x2f,0x0e,0x10,0x0e,0x2f,0x08,0xc0,
    0x04,0x3f,0x14,0x3f,0x02,0xd0,0x0d,0x2f,0x19,0x2f,0x0c,0xe0,0x08,0x2f,0x1e,0x2f,0x07,0xe0,0x02,0x7f,0x01,0xf0,0x0b,0x5f,
    0x0b,0xf0,0x00,0x06,0x5f,0x06,0xf0,0x00,0x01,0x0e,0x3f,0x0e,0x01,0xf0,0x10,0x0a,0x3f,0x0a,0xf0,0x20,0x04,0x3f,0x05,0xf0,
    0x20,0x04,0x2f,0x0e,0xf0,0x30,0x0a,0x2f,0x09,0xf0,0x20,0x01,0x0e,0x2f,0x03,0xf0,0x20,0x06,0x2f,0x0d,0xf0,0x30,0x0c,0x2f,
    0x08,0xf0,0x20,0x06,0x3f,0x01,0xf0,0x10,0x06,0x3f,0x09,0xd0,0x04,0x16,0x08,0x0c,0x3f,0x0e,0x01,0xd0,0x09,0x7f,0x05,0xe0,
    0x09,0x6f,0x06,0xf0,0x09,0x4f,0x0c,0x03,0xf0,0x00,0x01,0x05,0x17,0x06,0x02,0xf0,0x00,0x20,0x2f,0x07,0x50,0x2f,0x07,0x50,
    0x2f,0x07,0x50,0x2f,0x07,0x50,0x2f,0x07,0x50,0x2f,0x07,0x50,0x2f,0x07,0x50,0x2f,0x07,0x50,0x2f,0x07,0x50,0x2f,0x07,0x50,
    0x2f,0x07,0x50,0x2f,0x07,0x50,0x2f,0x07,0x50,0x2f,0x07,0x50,0x2f,0x07,0x50,0x2f,0x07,0x50,0x2f,0x07,0x50,0x2f,0x07,0x50,
    0x2f,0x07,0x50,0x2f,0x07,0xf0,0xf0,0xd0,0x05,0x1e,0x05,0x50,0x0e,0x1f,0x0e,0x50,0x0e,0x1f,0x0e,0x50,0x05,0x1e,0x05,0x20,
    0x20,0x1f,0x0d,0x10,0x1f,0x0d,0x30,0x1f,0x0d,0x10,0x1f,0x0d,0x30,0x1f,0x0c,0x10,0x1f,0x0c,0x30,0x1f,0x0b,0x10,0x1f,0x0b,
    0x30,0x1f,0x0a,0x10,0x1f,0x0a,0x30,0x1f,0x08,0x10,0x1f,0x08,0x30,0x1f,0x07,0x10,0x1f,0x07,0x30,0x1f,0x06,0x10,0x1f,0x06,
    0x30,0x1f,0x04,0x10,0x1f,0x04,0xf0,0xf0,0xf0,0xf0,0xf0,0xf0,0xf0,0xf0,0xf0,0xf0,0xf0,0xf0,0xf0,0xf0,0xf0,0x00,0x90,0x09,
    0x0f,0x0e,0x30,0x07,0x1f,0x01,0xb0,0x0c,0x0f,0x0b,0x30,0x09,0x0f,0x0e,0xc0,0x1f,0x08,0x30,0x0c,0x0f,0x0b,0xb0,0x02,0x1f,
    0x06,0x30,0x0e,0x0f,0x08,0xb0,0x05,0x1f,0x03,0x20,0x02,0x1f,0x06,0xb0,0x08,0x1f,0x30,0x05,0x1f,0x03,0xb0,0x0a,0x0f,0x0d,
    0x30,0x08,0x1f,0xc0,0x0d,0x0f,0x0a,0x30,0x0a,0x0f,0x0c,0x70,0x4a,0x2f,0x3a,0x2f,0x3a,0x30,0xff,0x2f,0x30,0xff,0x2f,0x70,
    0x09,0x0f,0x0e,0x30,0x06,0x1f,0x02,0xb0,0x0b,0x0f,0x0c,0x30,0x09,0x0f,0x0e,0xc0,0x0e,0x0f,0x09,0x30,0x0b,0x0f,0x0b,0xb0,
    0x02,0x1f,0x06,0x30,0x0e,0x0f,0x09,0xb0,0x04,0x1f,0x03,0x20,0x02,0x1f,0x06,0xb0,0x07,0x1f,0x01,0x20,0x04,0x1f,0x03,0x60,
    0x4d,0x2f,0x3d,0x2f,0x0e,0x2d,0x30,0xff,0x2f,0x30,0xff,0x2f,0x70,0x03,0x1f,0x05,0x30,0x1f,0x08,0xb0,0x05,0x1f,0x02,0x20,
    0x03,0x1f,0x05,0xb0,0x08,0x1f,0x30,0x05,0x1f,0x02,0xb0,0x0b,0x0f,0x0c,0x30,0x08,0x0f,0x0e,0xc0,0x0d,0x0f,0x09,0x30,0x0b,
    0x0f,0x0c,0xb0,0x01,0x1f,0x07,0x30,0x0e,0x0f,0x09,0xb0,0x04,0x1f,0x04,0x20,0x01,0x1f,0x07,0xb0,0x06,0x1f,0x01,0x20,0x04,
    0x1f,0x04,0x60,0x90,0x18,0x06,0xf0,0x10,0x1f,0x0d,0xf0,0x10,0x1f,0x0d,0xf0,0x10,0x1f,0x0d,0xf0,0x10,0x1f,0x0d,0xd0,0x01,
    0x05,0x0a,0x0d,0x2f,0x0a,0x05,0xa0,0x04,0x0d,0x7f,0x0c,0x02,0x70,0x04,0xaf,0x0e,0x01,0x50,0x01,0x0e,0x2f,0x0b,0x05,0x03,
    0x04,0x07,0x0e,0x2f,0x0b,0x50,0x07,0x2f,0x07,0x40,0x01,0x0d,0x2f,0x03,0x40,0x0c,0x1f,0x0d,0x60,0x03,0x2f,0x08,0x40,0x0e,
    0x1f,0x08,0x70,0x0c,0x1f,0x0c,0x40,0x2f,0x07,0x70,0x08,0x1f,0x0e,0x40,0x0d,0x1f,0x08,0x70,0x06,0x2d,0x40,0x0b,0x1f,0x0d,
    0xf0,0x00,0x05,0x2f,0x0a,0xf0,0x00,0x0c,0x2f,0x0c,0x04,0xe0,0x02,0x0d,0x3f,0x0d,0x07,0x02,0xc0,0x01,0x0b,0x5f,0x0b,0x04,
    0xc0,0x05,0x0c,0x5f,0x0a,0x01,0xc0,0x03,0x09,0x0e,0x3f,0x0d,0x02,0xe0,0x06,0x0e,0x2f,0x0c,0xf0,0x01,0x0c,0x2f,0x06,0xf0,
    0x01,0x0e,0x1f,0x0b,0x30,0x26,0x03,0x80,0x09,0x1f,0x0d,0x30,0x0e,0x1f,0x08,0x80,0x07,0x2f,0x30,0x0d,0x1f,0x0a,0x80,0x08,
    0x1f,0x0e,0x30,0x09,0x1f,0x0e,0x01,0x70,0x0d,0x1f,0x0c,0x30,0x04,0x2f,0x0b,0x60,0x08,0x2f,0x07,0x40,0x0b,0x2f,0x0c,0x06,
    0x03,0x01,0x02,0x05,0x0b,0x2f,0x0e,0x01,0x40,0x02,0x0d,0xaf,0x0e,0x03,0x60,0x01,0x0a,0x8f,0x0c,0x03,0x90,0x03,0x09,0x0c,
    0x2f,0x0c,0x09,0x04,0xe0,0x0d,0x1f,0xf0,0x10,0x0d,0x1f,0xf0,0x10,0x0d,0x1f,0xf0,0x10,0x06,0x18,0x80,0x30,0x03,0x09,0x0d,
    0x0f,0x0d,0x09,0x02,0xf0,0x30,0x05,0x5f,0x0e,0x05,0xf0,0x10,0x02,0x0e,0x2f,0x0e,0x2f,0x0e,0x02,0xf0,0x00,0x09,0x1f,0x0c,
    0x02,0x00,0x02,0x0c,0x1f,0x08,0x50,0x03,0x90,0x0d,0x1f,0x02,0x20,0x02,0x1f,0x0d,0x40,0x02,0x0e,0x0c,0x02,0x70,0x1f,0x0d,
    0x40,0x0d,0x1f,0x40,0x0b,0x0f,0x0d,0x01,0x70,0x1f,0x0d,0x40,0x0d,0x1f,0x30,0x05,0x1f,0x04,0x80,0x1f,0x0d,0x40,0x0d,0x0f,
    0x0e,0x20,0x01,0x0e,0x0f,0x09,0x90,0x0d,0x1f,0x02,0x20,0x03,0x1f,0x0d,0x20,0x0a,0x0f,0x0e,0x01,0x90,0x08,0x1f,0x0c,0x03,
    0x00,0x03,0x0c,0x1f,0x08,0x10,0x04,0x1f,0x05,0xa0,0x01,0x0e,0x6f,0x0e,0x01,0x00,0x01,0x0d,0x0f,0x0a,0xc0,0x04,0x0e,0x4f,
    0x0e,0x04,0x10,0x09,0x0f,0x0e,0x01,0xd0,0x01,0x08,0x0c,0x0d,0x0c,0x08,0x02,0x10,0x03,0x1f,0x05,0xf0,0x70,0x0d,0x0f,0x0a,
    0xf0,0x70,0x08,0x0f,0x0e,0x01,0xf0,0x60,0x03,0x1f,0x06,0x10,0x02,0x09,0x0d,0x0f,0x0d,0x09,0x02,0xe0,0x0c,0x0f,0x0b,0x10,
    0x05,0x0e,0x4f,0x0e,0x04,0xc0,0x07,0x0f,0x0e,0x02,0x00,0x02,0x0e,0x2f,0x0e,0x2f,0x0e,0x02,0xa0,0x02,0x0e,0x0f,0x06,0x10,
    0x09,0x1f,0x0c,0x02,0x00,0x02,0x0c,0x1f,0x08,0xa0,0x0b,0x0f,0x0b,0x20,0x0d,0x1f,0x02,0x20,0x02,0x1f,0x0d,0x90,0x05,0x0f,
    0x0e,0x02,0x20,0x1f,0x0d,0x40,0x0d,0x1f,0x80,0x01,0x0e,0x0f,0x07,0x30,0x1f,0x0d,0x40,0x0d,0x1f,0x80,0x0a,0x0f,0x0c,0x40,
    0x1f,0x0d,0x40,0x0d,0x1f,0x70,0x04,0x1f,0x02,0x40,0x0d,0x1f,0x02,0x20,0x02,0x1f,0x0d,0x80,0x17,0x50,0x09,0x1f,0x0c,0x02,
    0x00,0x02,0x0c,0x1f,0x09,0xf0,0x00,0x02,0x0e,0x2f,0x0e,0x2f,0x0e,0x02,0xf0,0x10,0x05,0x0e,0x5f,0x05,0xf0,0x30,0x02,0x09,
    0x0d,0x0f,0x0d,0x0a,0x03,0x30,0x60,0x04,0x0a,0x0d,0x1e,0x0c,0x08,0x02,0xd0,0x01,0x0a,0x6f,0x0e,0x06,0xc0,0x0a,0x3f,0x0e,
    0x4f,0x05,0xa0,0x05,0x2f,0x0b,0x02,0x10,0x06,0x0e,0x1f,0x0d,0xa0,0x0a,0x1f,0x0e,0x01,0x30,0x06,0x2f,0x04,0x90,0x0d,0x1f,
    0x09,0x40,0x01,0x2f,0x06,0x90,0x2f,0x07,0x40,0x01,0x2f,0x05,0x90,0x0e,0x1f,0x09,0x40,0x06,0x2f,0x02,0x90,0x0b,0x1f,0x0d,
    0x30,0x02,0x0e,0x1f,0x0b,0xa0,0x05,0x2f,0x07,0x10,0x04,0x0e,0x1f,0x0e,0x02,0xb0,0x0c,0x2f,0x03,0x08,0x2f,0x0e,0x03,0xc0,
    0x02,0x0e,0x5f,0x0c,0x02,0xe0,0x06,0x4f,0x09,0xf0,0x01,0x09,0x3f,0x0e,0xf0,0x01,0x0c,0x5f,0x06,0xd0,0x01,0x0d,0x2f,0x0a,
    0x0e,0x2f,0x04,0x30,0x07,0x2f,0x40,0x0b,0x2f,0x06,0x00,0x03,0x0e,0x1f,0x0e,0x02,0x20,0x08,0x1f,0x0e,0x30,0x05,0x2f,0x07,
    0x20,0x05,0x2f,0x0d,0x01,0x10,0x0b,0x1f,0x0c,0x30,0x0b,0x1f,0x0d,0x40,0x08,0x2f,0x0b,0x10,0x0e,0x1f,0x09,0x30,0x0e,0x1f,
    0x08,0x50,0x0b,0x2f,0x08,0x04,0x2f,0x06,0x30,0x2f,0x07,0x50,0x01,0x0d,0x5f,0x0e,0x01,0x30,0x0e,0x1f,0x09,0x60,0x02,0x0e,
    0x4f,0x09,0x40,0x0a,0x1f,0x0e,0x70,0x05,0x4f,0x01,0x40,0x05,0x2f,0x09,0x60,0x04,0x4f,0x01,0x50,0x0b,0x2f,0x0b,0x04,0x20,
    0x04,0x0a,0x5f,0x0a,0x50,0x01,0x0d,0x4f,0x0e,0x9f,0x08,0x50,0x01,0x0a,0x8f,0x0d,0x05,0x02,0x0e,0x2f,0x05,0x60,0x02,0x08,
    0x0c,0x0d,0x0f,0x0e,0x0c,0x09,0x05,0x20,0x04,0x2f,0x0e,0x03,0x10,0x1f,0x0d,0x30,0x1f,0x0d,0x30,0x1f,0x0d,0x30,0x1f,0x0d,
    0x30,0x1f,0x0d,0x30,0x1f,0x0d,0x30,0x1f,0x0d,0x30,0x1f,0x0d,0x30,0x1f,0x0d,0xf0,0xf0,0xf0,0xf0,0xf0,0xf0,0xf0,0xf0,0xd0,
    0x90,0x01,0xa0,0x03,0x0d,0x05,0x80,0x03,0x0e,0x0f,0x09,0x70,0x02,0x0e,0x1f,0x05,0x60,0x01,0x0d,0x1f,0x05,0x70,0x0a,0x1f,
    0x08,0x70,0x04,0x1f,0x0d,0x80,0x0d,0x1f,0x04,0x70,0x05,0x1f,0x0c,0x80,0x0c,0x1f,0x05,0x70,0x03,0x1f,0x0e,0x01,0x70,0x08,
    0x1f,0x0a,0x80,0x0d,0x1f,0x06,0x70,0x02,0x2f,0x02,0x70,0x05,0x1f,0x0e,0x80,0x08,0x1f,0x0c,0x80,0x0b,0x1f,0x0a,0x80,0x0c,
    0x1f,0x09,0x80,0x0d,0x1f,0x08,0x80,0x0e,0x1f,0x07,0x80,0x2f,0x07,0x80,0x2f,0x07,0x80,0x0e,0x1f,0x07,0x80,0x0d,0x1f,0x08,
    0x80,0x0c,0x1f,0x09,0x80,0x0a,0x1f,0x0b,0x80,0x07,0x1f,0x0d,0x80,0x04,0x2f,0x80,0x01,0x2f,0x04,0x80,0x0b,0x1f,0x07,0x80,
    0x06,0x1f,0x0c,0x80,0x01,0x2f,0x02,0x80,0x0a,0x1f,0x07,0x80,0x03,0x1f,0x0e,0x01,0x80,0x0a,0x1f,0x07,0x80,0x02,0x0e,0x0f,
    0x0e,0x01,0x80,0x06,0x1f,0x0a,0x90,0x0a,0x1f,0x08,0x80,0x01,0x0c,0x1f,0x07,0x80,0x01,0x0b,0x0f,0x08,0xa0,0x08,0x03,0x00,
    0x00,0x01,0xb0,0x0d,0x07,0x90,0x04,0x1f,0x09,0x90,0x0b,0x1f,0x08,0x80,0x01,0x0c,0x1f,0x05,0x80,0x02,0x1f,0x0e,0x02,0x80,
    0x07,0x1f,0x0a,0x90,0x0d,0x1f,0x04,0x80,0x07,0x1f,0x0b,0x80,0x01,0x0e,0x1f,0x03,0x80,0x0a,0x1f,0x0a,0x80,0x05,0x1f,0x0e,
    0x80,0x01,0x2f,0x04,0x80,0x0c,0x1f,0x09,0x80,0x09,0x1f,0x0c,0x80,0x06,0x1f,0x0e,0x80,0x04,0x2f,0x02,0x70,0x02,0x2f,0x04,
    0x70,0x02,0x2f,0x05,0x70,0x01,0x2f,0x05,0x80,0x2f,0x06,0x80,0x2f,0x06,0x70,0x01,0x2f,0x05,0x70,0x02,0x2f,0x04,0x70,0x02,
    0x2f,0x03,0x70,0x05,0x2f,0x01,0x70,0x07,0x1f,0x0e,0x80,0x09,0x1f,0x0b,0x80,0x0c,0x1f,0x08,0x70,0x01,0x2f,0x03,0x70,0x05,
    0x1f,0x0d,0x80,0x0b,0x1f,0x08,0x70,0x01,0x2f,0x02,0x70,0x08,0x1f,0x09,0x70,0x01,0x0e,0x1f,0x02,0x70,0x09,0x1f,0x07,0x70,
    0x04,0x1f,0x0c,0x70,0x02,0x0e,0x0f,0x0e,0x02,0x60,0x02,0x0d,0x1f,0x04,0x70,0x02,0x0f,0x0e,0x04,0x90,0x09,0x03,0x90,0x60,
    0x1f,0x0d,0xd0,0x1f,0x0d,0xd0,0x1f,0x0d,0xd0,0x1f,0x0d,0x70,0x04,0x03,0x30,0x1f,0x0d,0x30,0x12,0x10,0x0d,0x0f,0x0c,0x06,
    0x01,0x00,0x1f,0x0d,0x00,0x01,0x06,0x0b,0x0f,0x08,0x00,0x02,0x3f,0x0e,0x0a,0x1f,0x0e,0x09,0x0e,0x2f,0x0d,0x00,0x02,0x09,
    0x0d,0xaf,0x0e,0x0a,0x30,0x03,0x07,0x0c,0x4f,0x0d,0x08,0x04,0x70,0x03,0x3f,0x0b,0xa0,0x0c,0x1f,0x0e,0x1f,0x05,0x80,0x08,
    0x1f,0x0a,0x03,0x1f,0x0e,0x02,0x60,0x04,0x1f,0x0e,0x02,0x00,0x08,0x1f,0x0c,0x50,0x01,0x0d,0x1f,0x06,0x10,0x01,0x0d,0x1f,
    0x07,0x40,0x03,0x0e,0x0f,0x0c,0x30,0x04,0x1f,0x0c,0x50,0x02,0x0b,0x02,0x40,0x19,0xf0,0xf0,0xf0,0xf0,0xf0,0xf0,0xf0,0xf0,
    0xf0,0xf0,0xf0,0xf0,0xf0,0x80,0x28,0x03,0xf0,0x10,0x2f,0x07,0xf0,0x10,0x2f,0x07,0xf0,0x10,0x2f,0x07,0xf0,0x10,0x2f,0x07,
    0xf0,0x10,0x2f,0x07,0xf0,0x10,0x2f,0x07,0xf0,0x10,0x2f,0x07,0xf0,0x10,0x2f,0x07,0x90,0x07,0x6d,0x3f,0x6d,0x20,0x08,0xff,
    0x1f,0x20,0x08,0xff,0x1f,0xa0,0x2f,0x07,0xf0,0x10,0x2f,0x07,0xf0,0x10,0x2f,0x07,0xf0,0x10,0x2f,0x07,0xf0,0x10,0x2f,0x07,
    0xf0,0x10,0x2f,0x07,0xf0,0x10,0x2f,0x07,0xf0,0x10,0x2f,0x07,0xf0,0x10,0x2f,0x07,0xf0,0xf0,0xf0,0xf0,0xa0,0x10,0x2f,0x07,
    0x20,0x2f,0x07,0x20,0x2f,0x07,0x10,0x01,0x2f,0x05,0x10,0x03,0x2f,0x03,0x10,0x07,0x1f,0x0e,0x20,0x0c,0x1f,0x08,0x10,0x05,
    0x1f,0x0e,0x01,0x10,0x08,0x1f,0x05,0x30,0x15,0x30,0x00,0x8d,0x10,0x8f,0x10,0x8f,0xf0,0xf0,0xf0,0xf0,0xf0,0xf0,0xe0,0x20,
    0x05,0x1e,0x05,0x50,0x0e,0x1f,0x0e,0x50,0x0e,0x1f,0x0e,0x50,0x05,0x1e,0x05,0x20,0xa0,0x08,0x1f,0x06,0xb0,0x0e,0x0f,0x0e,
    0x01,0xa0,0x05,0x1f,0x09,0xb0,0x0a,0x1f,0x04,0xa0,0x01,0x1f,0x0d,0xb0,0x06,0x1f,0x07,0xb0,0x0c,0x1f,0x02,0xa0,0x03,0x1f,
    0x0b,0xb0,0x08,0x1f,0x06,0xb0,0x0e,0x0f,0x0e,0x01,0xa0,0x05,0x1f,0x09,0xb0,0x0a,0x1f,0x04,0xa0,0x01,0x1f,0x0d,0xb0,0x07,
    0x1f,0x07,0xb0,0x0c,0x1f,0x02,0xa0,0x03,0x1f,0x0b,0xb0,0x09,0x1f,0x05,0xb0,0x0e,0x0f,0x0e,0x01,0xa0,0x05,0x1f,0x09,0xb0,
    0x0a,0x1f,0x04,0xa0,0x01,0x1f,0x0d,0xb0,0x07,0x1f,0x07,0xb0,0x0c,0x1f,0x02,0xa0,0x03,0x1f,0x0b,0xb0,0x09,0x1f,0x05,0xb0,
    0x0e,0x0f,0x0e,0x01,0xa0,0x05,0x1f,0x09,0xb0,0x0b,0x1f,0x04,0xa0,0x01,0x1f,0x0d,0xb0,0x07,0x1f,0x07,0xb0,0x50,0x02,0x08,
    0x0c,0x0e,0x0f,0x0e,0x0c,0x08,0x02,0xa0,0x08,0x8f,0x08,0x80,0x09,0x4f,0x0e,0x4f,0x09,0x60,0x04,0x2f,0x0d,0x05,0x20,0x05,
    0x0d,0x2f,0x04,0x50,0x0c,0x1f,0x0d,0x01,0x40,0x01,0x0d,0x1f,0x0c,0x40,0x02,0x2f,0x06,0x60,0x06,0x2f,0x02,0x30,0x07,0x2f,
    0x01,0x60,0x01,0x0e,0x1f,0x06,0x30,0x0a,0x1f,0x0b,0x80,0x0c,0x1f,0x0a,0x30,0x0c,0x1f,0x09,0x80,0x09,0x1f,0x0c,0x30,0x0e,
    0x1f,0x08,0x80,0x08,0x1f,0x0e,0x30,0x2f,0x07,0x80,0x07,0x1f,0x0e,0x30,0x2f,0x07,0x80,0x07,0x2f,0x30,0x2f,0x07,0x80,0x07,
    0x2f,0x30,0x2f,0x07,0x80,0x07,0x2f,0x30,0x2f,0x07,0x80,0x07,0x2f,0x30,0x2f,0x07,0x80,0x07,0x2f,0x30,0x2f,0x07,0x80,0x07,
    0x2f,0x30,0x0e,0x1f,0x07,0x80,0x07,0x1f,0x0e,0x30,0x0d,0x1f,0x08,0x80,0x08,0x1f,0x0d,0x30,0x0c,0x1f,0x09,0x80,0x09,0x1f,
    0x0c,0x30,0x0a,0x1f,0x0c,0x80,0x0c,0x1f,0x0a,0x30,0x06,0x2f,0x01,0x60,0x01,0x2f,0x06,0x30,0x02,0x2f,0x07,0x60,0x06,0x2f,
    0x02,0x40,0x0b,0x1f,0x0e,0x02,0x40,0x02,0x0e,0x1f,0x0b,0x50,0x04,0x2f,0x0d,0x05,0x20,0x05,0x0d,0x2f,0x03,0x60,0x08,0x4f,
    0x0e,0x4f,0x08,0x80,0x07,0x8f,0x08,0xa0,0x02,0x08,0x0c,0x0e,0x0f,0x0e,0x0c,0x08,0x02,0x50,0x90,0x01,0x07,0x0d,0x07,0xe0,
    0x04,0x0a,0x2f,0x07,0xb0,0x02,0x08,0x0d,0x4f,0x07,0x90,0x05,0x0b,0x7f,0x07,0x90,0x4f,0x0e,0x09,0x2f,0x07,0x90,0x2f,0x0b,
    0x05,0x01,0x00,0x2f,0x07,0x90,0x0c,0x07,0x02,0x30,0x2f,0x07,0xf0,0x00,0x2f,0x07,0xf0,0x00,0x2f,0x07,0xf0,0x00,0x2f,0x07,
    0xf0,0x00,0x2f,0x07,0xf0,0x00,0x2f,0x07,0xf0,0x00,0x2f,0x07,0xf0,0x00,0x2f,0x07,0xf0,0x00,0x2f,0x07,0xf0,0x00,0x2f,0x07,
    0xf0,0x00,0x2f,0x07,0xf0,0x00,0x2f,0x07,0xf0,0x00,0x2f,0x07,0xf0,0x00,0x2f,0x07,0xf0,0x00,0x2f,0x07,0xf0,0x00,0x2f,0x07,
    0xf0,0x00,0x2f,0x07,0xf0,0x00,0x2f,0x07,0xf0,0x00,0x2f,0x07,0xf0,0x00,0x2f,0x07,0xf0,0x00,0x2f,0x07,0xf0,0x00,0x2f,0x07,
    0x60,0x50,0x02,0x07,0x0b,0x0e,0x0f,0x0e,0x0d,0x0a,0x05,0xa0,0x07,0x8f,0x0d,0x03,0x70,0x0a,0x4f,0x0e,0x5f,0x03,0x50,0x07,
    0x2f,0x0c,0x05,0x01,0x10,0x03,0x0a,0x2f,0x0e,0x01,0x30,0x02,0x2f,0x0b,0x01,0x50,0x09,0x2f,0x06,0x30,0x07,0x2f,0x02,0x70,
    0x0e,0x1f,0x0b,0x30,0x0c,0x1f,0x0b,0x80,0x09,0x1f,0x0d,0x30,0x0d,0x1f,0x08,0x80,0x07,0x2f,0x30,0x07,0x18,0x03,0x80,0x08,
    0x1f,0x0d,0xf0,0x00,0x0b,0x1f,0x0a,0xf0,0x02,0x2f,0x05,0xf0,0x0a,0x1f,0x0d,0xf0,0x05,0x2f,0x05,0xe0,0x03,0x0e,0x1f,0x0b,
    0xe0,0x02,0x0d,0x1f,0x0e,0x02,0xd0,0x01,0x0c,0x2f,0x04,0xe0,0x0b,0x2f,0x06,0xe0,0x0a,0x2f,0x08,0xe0,0x09,0x2f,0x0a,0xe0,
    0x08,0x2f,0x0b,0xe0,0x07,0x2f,0x0c,0x01,0xd0,0x06,0x2f,0x0d,0x01,0xd0,0x04,0x2f,0x0e,0x02,0xd0,0x04,0x0e,0x1f,0x0e,0x03,
    0xd0,0x03,0x0e,0x2f,0x04,0xe0,0x0e,0x3f,0xcd,0x20,0xff,0x1f,0x20,0xff,0x1f,0x00,0x50,0x04,0x09,0x0d,0x0e,0x0f,0x0d,0x0c,
    0x07,0x02,0x90,0x01,0x0a,0x8f,0x08,0x70,0x01,0x0d,0x4f,0x0e,0x4f,0x0a,0x60,0x0c,0x2f,0x0a,0x03,0x20,0x04,0x0c,0x2f,0x06,
    0x40,0x06,0x2f,0x07,0x50,0x01,0x0d,0x1f,0x0d,0x40,0x0b,0x1f,0x0d,0x70,0x05,0x2f,0x03,0x30,0x0e,0x1f,0x08,0x70,0x02,0x2f,
    0x05,0x30,0x27,0x03,0x80,0x2f,0x06,0xf0,0x02,0x2f,0x05,0xf0,0x06,0x2f,0x01,0xe0,0x02,0x0e,0x1f,0x09,0xd0,0x01,0x06,0x0e,
    0x1f,0x0d,0x01,0x90,0x0b,0x1e,0x4f,0x0b,0x01,0xa0,0x6f,0x0c,0x01,0xb0,0x0e,0x6f,0x0e,0x05,0xd0,0x01,0x03,0x07,0x0e,0x2f,
    0x06,0xf0,0x01,0x0b,0x2f,0x02,0xf0,0x01,0x0e,0x1f,0x09,0xf0,0x00,0x0a,0x1f,0x0d,0xf0,0x00,0x08,0x1f,0x0e,0x30,0x2a,0x05,
    0x80,0x07,0x1f,0x0e,0x30,0x0d,0x1f,0x09,0x80,0x09,0x1f,0x0d,0x30,0x0b,0x1f,0x0d,0x80,0x0e,0x1f,0x09,0x30,0x05,0x2f,0x09,
    0x60,0x08,0x2f,0x04,0x40,0x0c,0x2f,0x0b,0x04,0x20,0x03,0x0a,0x2f,0x0b,0x50,0x02,0x0d,0x4f,0x0e,0x4f,0x0d,0x01,0x60,0x01,
    0x0a,0x8f,0x0a,0x01,0x90,0x03,0x08,0x0c,0x0e,0x0f,0x0e,0x0c,0x09,0x03,0x50,0xb0,0x08,0x2f,0x07,0xe0,0x03,0x3f,0x07,0xe0,
    0x0b,0x3f,0x07,0xd0,0x06,0x4f,0x07,0xc0,0x01,0x0e,0x4f,0x07,0xc0,0x09,0x1f,0x0a,0x2f,0x07,0xb0,0x04,0x1f,0x0e,0x02,0x2f,
    0x07,0xb0,0x0d,0x1f,0x07,0x00,0x2f,0x07,0xa0,0x07,0x1f,0x0c,0x10,0x2f,0x07,0x90,0x02,0x2f,0x04,0x10,0x2f,0x07,0x90,0x0b,
    0x1f,0x09,0x20,0x2f,0x07,0x80,0x05,0x1f,0x0e,0x01,0x20,0x2f,0x07,0x70,0x01,0x0e,0x1f,0x06,0x30,0x2f,0x07,0x70,0x09,0x1f,
    0x0c,0x40,0x2f,0x07,0x60,0x03,0x2f,0x03,0x40,0x2f,0x07,0x60,0x0c,0x1f,0x09,0x50,0x2f,0x07,0x50,0x07,0x1f,0x0e,0x01,0x50,
    0x2f,0x07,0x40,0x02,0x0e,0x1f,0x05,0x60,0x2f,0x07,0x40,0x0a,0x1f,0x0b,0x70,0x2f,0x07,0x30,0x04,0xff,0x2f,0x00,0x08,0xff,
    0x2f,0x00,0x07,0xbd,0x3f,0x2d,0xd0,0x2f,0x07,0xf0,0x00,0x2f,0x07,0xf0,0x00,0x2f,0x07,0xf0,0x00,0x2f,0x07,0xf0,0x00,0x2f,
    0x07,0xf0,0x00,0x2f,0x07,0x30,0x30,0x04,0xcf,0x0a,0x50,0x05,0xcf,0x0a,0x50,0x07,0x2f,0x9d,0x09,0x50,0x08,0x1f,0x0a,0xf0,
    0x00,0x0a,0x1f,0x08,0xf0,0x00,0x0b,0x1f,0x07,0xf0,0x00,0x0d,0x1f,0x05,0xf0,0x00,0x0e,0x1f,0x04,0xf0,0x00,0x2f,0x02,0xf0,
    0x02,0x2f,0x01,0xf0,0x03,0x1f,0x0e,0x01,0x07,0x0a,0x1d,0x0c,0x09,0x05,0x80,0x05,0xaf,0x0c,0x03,0x60,0x06,0xbf,0x0e,0x03,
    0x50,0x08,0x2f,0x0b,0x05,0x01,0x00,0x01,0x05,0x0c,0x2f,0x0d,0x01,0x40,0x01,0x04,0x08,0x07,0x60,0x0a,0x2f,0x07,0xf0,0x00,
    0x0d,0x1f,0x0d,0xf0,0x00,0x06,0x2f,0x02,0xf0,0x02,0x2f,0x05,0xf0,0x01,0x2f,0x06,0xf0,0x00,0x2f,0x06,0x20,0x04,0x18,0x06,
    0x80,0x02,0x2f,0x05,0x20,0x05,0x1f,0x0e,0x80,0x05,0x2f,0x03,0x20,0x02,0x2f,0x05,0x70,0x0b,0x1f,0x0e,0x40,0x0b,0x1f,0x0e,
    0x02,0x50,0x06,0x2f,0x08,0x40,0x03,0x2f,0x0e,0x06,0x01,0x10,0x02,0x09,0x2f,0x0e,0x01,0x50,0x06,0x4f,0x1e,0x4f,0x04,0x70,
    0x05,0x0e,0x7f,0x0d,0x04,0x90,0x01,0x06,0x0b,0x0d,0x0f,0x0e,0x0d,0x0a,0x06,0x50,0x80,0x02,0x07,0x0a,0x0d,0x0e,0x0f,0x02,
    0xb0,0x02,0x0a,0x5f,0x02,0xa0,0x05,0x0e,0x5f,0x0e,0x02,0x90,0x05,0x3f,0x0b,0x06,0x02,0xb0,0x02,0x0e,0x1f,0x0e,0x05,0xe0,
    0x0b,0x1f,0x0e,0x02,0xe0,0x03,0x2f,0x04,0xf0,0x0a,0x1f,0x0a,0xf0,0x00,0x0e,0x1f,0x04,0xf0,0x04,0x1f,0x0e,0x00,0x01,0x06,
    0x0a,0x0c,0x0d,0x0b,0x08,0x03,0x70,0x08,0x1f,0x0b,0x05,0x0e,0x6f,0x09,0x60,0x0a,0x1f,0x0e,0x9f,0x0a,0x50,0x0c,0x4f,0x08,
    0x03,0x11,0x06,0x0e,0x2f,0x06,0x40,0x0d,0x2f,0x0e,0x03,0x40,0x02,0x0e,0x1f,0x0e,0x01,0x30,0x0e,0x2f,0x03,0x60,0x06,0x2f,
    0x05,0x30,0x3f,0x80,0x0e,0x1f,0x0a,0x30,0x2f,0x0b,0x80,0x0a,0x1f,0x0d,0x30,0x2f,0x07,0x80,0x08,0x1f,0x0e,0x30,0x0e,0x1f,
    0x07,0x80,0x07,0x2f,0x30,0x0c,0x1f,0x09,0x80,0x07,0x1f,0x0e,0x30,0x09,0x1f,0x0c,0x80,0x0a,0x1f,0x0c,0x30,0x05,0x2f,0x02,
    0x70,0x0d,0x1f,0x09,0x30,0x01,0x0e,0x1f,0x09,0x60,0x05,0x2f,0x05,0x40,0x08,0x2f,0x05,0x40,0x01,0x0d,0x1f,0x0d,0x50,0x01,
    0x0d,0x2f,0x08,0x01,0x10,0x05,0x0d,0x2f,0x05,0x60,0x02,0x0e,0x3f,0x0e,0x4f,0x09,0x80,0x02,0x0c,0x7f,0x07,0xb0,0x05,0x0b,
    0x0d,0x0f,0x0e,0x0c,0x08,0x02,0x50,0x00,0xff,0x1f,0x20,0xff,0x1f,0x20,0xdd,0x0e,0x1f,0x0c,0xf0,0x00,0x0d,0x1f,0x05,0xf0,
    0x04,0x1f,0x0e,0xf0,0x00,0x0b,0x1f,0x08,0xf0,0x02,0x2f,0x02,0xf0,0x09,0x1f,0x0a,0xf0,0x01,0x0e,0x1f,0x04,0xf0,0x07,0x1f,
    0x0c,0xf0,0x00,0x0d,0x1f,0x06,0xf0,0x05,0x1f,0x0e,0x01,0xf0,0x0c,0x1f,0x08,0xf0,0x04,0x2f,0x02,0xf0,0x0a,0x1f,0x0a,0xf0,
    0x02,0x2f,0x04,0xf0,0x08,0x1f,0x0d,0xf0,0x01,0x0e,0x1f,0x06,0xf0,0x06,0x1f,0x0e,0x01,0xf0,0x0d,0x1f,0x09,0xf0,0x05,0x2f,
    0x02,0xf0,0x0b,0x1f,0x0b,0xf0,0x03,0x2f,0x04,0xf0,0x09,0x1f,0x0d,0xf0,0x01,0x2f,0x07,0xf0,0x08,0x1f,0x0e,0x01,0xf0,0x0e,
    0x1f,0x09,0xf0,0x06,0x2f,0x03,0xb0,0x50,0x02,0x08,0x0c,0x0e,0x0f,0x0e,0x0c,0x08,0x02,0x90,0x01,0x08,0x8f,0x08,0x01,0x70,
    0x0b,0x4f,0x0e,0x4f,0x0b,0x60,0x08,0x2f,0x0d,0x04,0x20,0x05,0x0d,0x2f,0x08,0x50,0x0e,0x1f,0x0d,0x01,0x40,0x01,0x0d,0x1f,
    0x0e,0x40,0x04,0x2f,0x05,0x60,0x06,0x2f,0x04,0x30,0x06,0x2f,0x01,0x60,0x01,0x2f,0x06,0x30,0x06,0x2f,0x70,0x01,0x2f,0x06,
    0x30,0x05,0x2f,0x03,0x60,0x03,0x2f,0x04,0x30,0x01,0x0e,0x1f,0x09,0x60,0x09,0x1f,0x0e,0x01,0x40,0x08,0x2f,0x06,0x40,0x06,
    0x2f,0x07,0x60,0x0a,0x2f,0x0c,0x08,0x06,0x08,0x0c,0x2f,0x0a,0x80,0x08,0x8f,0x08,0x90,0x07,0x8f,0x06,0x80,0x0b,0x2f,0x0e,
    0x0a,0x09,0x0a,0x0e,0x2f,0x0a,0x60,0x09,0x2f,0x07,0x30,0x01,0x08,0x2f,0x08,0x40,0x03,0x2f,0x08,0x60,0x08,0x2f,0x03,0x30,
    0x09,0x1f,0x0e,0x80,0x0e,0x1f,0x09,0x30,0x0d,0x1f,0x09,0x80,0x09,0x1f,0x0d,0x30,0x0e,0x1f,0x07,0x80,0x07,0x2f,0x30,0x2f,
    0x07,0x80,0x07,0x2f,0x30,0x0d,0x1f,0x0a,0x80,0x0a,0x1f,0x0d,0x30,0x0a,0x1f,0x0e,0x01,0x60,0x01,0x0e,0x1f,0x0a,0x30,0x05,
    0x2f,0x09,0x60,0x0a,0x2f,0x04,0x40,0x0b,0x2f,0x0b,0x04,0x20,0x04,0x0b,0x2f,0x0b,0x50,0x01,0x0d,0x4f,0x0e,0x4f,0x0d,0x01,
    0x60,0x01,0x09,0x8f,0x09,0x01,0x90,0x03,0x08,0x0c,0x0e,0x0f,0x0e,0x0c,0x08,0x03,0x50,0x50,0x02,0x07,0x0c,0x0e,0x0f,0x0d,
    0x0b,0x06,0x01,0xa0,0x07,0x0e,0x6f,0x0d,0x03,0x80,0x08,0x4f,0x0e,0x4f,0x03,0x60,0x05,0x2f,0x0d,0x05,0x10,0x01,0x08,0x2f,
    0x0e,0x01,0x50,0x0d,0x1f,0x0d,0x01,0x40,0x06,0x2f,0x08,0x40,0x05,0x2f,0x05,0x60,0x0a,0x1f,0x0e,0x01,0x30,0x09,0x1f,0x0d,
    0x70,0x03,0x2f,0x05,0x30,0x0c,0x1f,0x09,0x80,0x0d,0x1f,0x09,0x30,0x0e,0x1f,0x07,0x80,0x09,0x1f,0x0c,0x30,0x2f,0x07,0x80,
    0x08,0x1f,0x0e,0x30,0x0e,0x1f,0x08,0x80,0x08,0x1f,0x0e,0x30,0x0d,0x1f,0x0a,0x80,0x0a,0x2f,0x30,0x0a,0x1f,0x0e,0x80,0x3f,
    0x30,0x05,0x2f,0x06,0x60,0x03,0x2f,0x0e,0x30,0x01,0x0e,0x1f,0x0e,0x02,0x40,0x02,0x0d,0x2f,0x0e,0x40,0x06,0x2f,0x0e,0x06,
    0x01,0x00,0x02,0x08,0x0e,0x3f,0x0d,0x50,0x0a,0x8f,0x0d,0x0a,0x1f,0x0b,0x60,0x09,0x6f,0x0b,0x02,0x0a,0x1f,0x09,0x70,0x03,
    0x08,0x0b,0x0d,0x0c,0x0a,0x04,0x10,0x0c,0x1f,0x06,0xf0,0x01,0x2f,0x02,0xf0,0x06,0x1f,0x0d,0xf0,0x01,0x0d,0x1f,0x07,0xf0,
    0x0a,0x1f,0x0e,0x01,0xd0,0x02,0x0b,0x2f,0x05,0xb0,0x01,0x04,0x08,0x0e,0x2f,0x08,0x90,0x02,0x1e,0x5f,0x07,0xa0,0x02,0x5f,
    0x0b,0x03,0xb0,0x02,0x0f,0x0e,0x0d,0x0b,0x08,0x03,0x80,0x10,0x05,0x1e,0x05,0x40,0x0e,0x1f,0x0e,0x40,0x0e,0x1f,0x0e,0x40,
    0x05,0x1e,0x05,0xf0,0xf0,0xf0,0xf0,0xf0,0xf0,0xf0,0x90,0x05,0x1e,0x05,0x40,0x0e,0x1f,0x0e,0x40,0x0e,0x1f,0x0e,0x40,0x05,
    0x1e,0x05,0x20,0x10,0x05,0x1e,0x05,0x30,0x0e,0x1f,0x0e,0x30,0x0e,0x1f,0x0e,0x30,0x05,0x1e,0x05,0xf0,0xf0,0xf0,0xf0,0xf0,
    0xf0,0x30,0x03,0x28,0x30,0x07,0x2f,0x30,0x07,0x2f,0x30,0x07,0x2f,0x30,0x08,0x1f,0x0d,0x30,0x0b,0x1f,0x0a,0x20,0x01,0x2f,
    0x04,0x20,0x07,0x1f,0x0c,0x20,0x01,0x0e,0x1f,0x04,0x30,0x06,0x0e,0x06,0x50,0x01,0x40,0xd0,0x03,0x0a,0xe0,0x04,0x0b,0x1f,
    0xc0,0x04,0x0b,0x3f,0xa0,0x05,0x0c,0x4f,0x0e,0x80,0x05,0x0d,0x4f,0x0d,0x07,0x01,0x60,0x06,0x0d,0x4f,0x0b,0x05,0x60,0x01,
    0x07,0x0d,0x3f,0x0e,0x09,0x03,0x80,0x4f,0x0d,0x07,0x01,0xa0,0x3f,0x05,0xd0,0x3f,0x0d,0x07,0x01,0xb0,0x04,0x0c,0x3f,0x0e,
    0x09,0x03,0xb0,0x04,0x0b,0x4f,0x0c,0x05,0xb0,0x03,0x0a,0x4f,0x0e,0x08,0x02,0xa0,0x03,0x0a,0x5f,0x0a,0xb0,0x02,0x09,0x4f,
    0xd0,0x02,0x09,0x2f,0xf0,0x01,0x08,0x0e,0xf0,0x10,0x01,0xf0,0xf0,0xf0,0xb0,0x20,0xed,0x50,0xef,0x50,0xef,0xf0,0xf0,0xf0,
    0xf0,0xf0,0xf0,0xe0,0xed,0x50,0xef,0x50,0xef,0xf0,0xf0,0xf0,0xf0,0xf0,0xf0,0xf0,0xf0,0xf0,0xf0,0xa0,0x10,0x0b,0x04,0xf0,
    0x10,0x1f,0x0c,0x06,0xf0,0x3f,0x0e,0x07,0x01,0xc0,0x0d,0x4f,0x0e,0x09,0x02,0xb0,0x04,0x0a,0x5f,0x0a,0x03,0xb0,0x01,0x07,
    0x0d,0x4f,0x0c,0x05,0xc0,0x04,0x0a,0x4f,0x0d,0x06,0x01,0xb0,0x01,0x07,0x0d,0x4f,0xe0,0x04,0x3f,0xc0,0x03,0x09,0x0e,0x3f,
    0x90,0x01,0x06,0x0c,0x4f,0x0b,0x04,0x70,0x03,0x09,0x0e,0x4f,0x09,0x02,0x60,0x01,0x06,0x0c,0x4f,0x0e,0x08,0x01,0x70,0x09,
    0x0e,0x4f,0x0d,0x06,0x01,0x90,0x4f,0x0c,0x05,0xc0,0x2f,0x0a,0x03,0xe0,0x0e,0x09,0x02,0xf0,0x00,0x01,0xf0,0xf0,0xf0,0xf0,
    0xc0,0x30,0x01,0x07,0x0b,0x0d,0x0f,0x0e,0x0c,0x08,0x02,0x70,0x06,0x0e,0x7f,0x07,0x50,0x07,0x4f,0x0e,0x4f,0x07,0x30,0x03,
    0x2f,0x0e,0x05,0x01,0x10,0x05,0x0d,0x2f,0x03,0x20,0x0a,0x1f,0x0e,0x02,0x40,0x02,0x2f,0x08,0x20,0x0d,0x1f,0x09,0x60,0x0a,
    0x1f,0x0c,0x20,0x2a,0x05,0x60,0x07,0x1f,0x0e,0xd0,0x07,0x1f,0x0e,0xd0,0x09,0x1f,0x0d,0xc0,0x01,0x0e,0x1f,0x08,0xc0,0x0a,
    0x2f,0x02,0xb0,0x08,0x2f,0x08,0xb0,0x08,0x2f,0x0c,0xb0,0x07,0x2f,0x0d,0x01,0xa0,0x05,0x2f,0x0d,0x02,0xa0,0x01,0x0e,0x1f,
    0x0e,0x02,0xb0,0x07,0x2f,0x04,0xc0,0x0c,0x1f,0x0c,0xd0,0x0e,0x1f,0x09,0xd0,0x2f,0x07,0xf0,0xf0,0xf0,0xf0,0xf0,0x50,0x06,
    0x0e,0x0b,0x01,0xd0,0x0e,0x1f,0x05,0xd0,0x0e,0x1f,0x05,0xd0,0x06,0x0e,0x0b,0x01,0x70,0xb0,0x02,0x06,0x0a,0x0c,0x0e,0x0f,
    0x0e,0x0d,0x0b,0x08,0x04,0xf0,0x40,0x03,0x0a,0xaf,0x0d,0x06,0xf0,0x10,0x08,0x6f,0x1e,0x5f,0x0c,0x02,0xd0,0x01,0x0c,0x3f,
    0x09,0x05,0x01,0x30,0x02,0x05,0x09,0x2f,0x0e,0x04,0xb0,0x01,0x0c,0x2f,0x09,0x01,0x90,0x01,0x08,0x1f,0x0e,0x03,0xa0,0x0b,
    0x1f,0x0e,0x04,0xd0,0x04,0x0e,0x0f,0x0d,0x01,0x80,0x07,0x1f,0x0e,0x03,0xf0,0x04,0x1f,0x08,0x70,0x03,0x2f,0x04,0xf0,0x10,
    0x08,0x1f,0x01,0x60,0x0a,0x1f,0x08,0x60,0x02,0x08,0x0c,0x0d,0x0b,0x08,0x02,0x50,0x0d,0x0f,0x07,0x50,0x03,0x1f,0x0e,0x60,
    0x06,0x5f,0x0e,0x05,0x40,0x07,0x0f,0x0d,0x50,0x09,0x1f,0x06,0x50,0x06,0x8f,0x09,0x30,0x02,0x1f,0x02,0x40,0x0e,0x1f,0x01,
    0x40,0x03,0x2f,0x0a,0x03,0x00,0x02,0x0a,0x1f,0x08,0x40,0x0d,0x0f,0x06,0x30,0x04,0x1f,0x0a,0x50,0x0c,0x1f,0x09,0x30,0x05,
    0x1f,0x06,0x40,0x09,0x0f,0x08,0x30,0x07,0x1f,0x06,0x40,0x05,0x1f,0x0c,0x40,0x06,0x1f,0x05,0x40,0x07,0x0f,0x0a,0x30,0x0a,
    0x1f,0x03,0x40,0x0b,0x1f,0x05,0x40,0x07,0x1f,0x04,0x40,0x05,0x0f,0x0c,0x30,0x0c,0x1f,0x40,0x01,0x1f,0x0e,0x50,0x09,0x1f,
    0x02,0x40,0x04,0x0f,0x0d,0x30,0x0d,0x0f,0x0e,0x40,0x05,0x1f,0x0a,0x50,0x0a,0x1f,0x01,0x40,0x03,0x0f,0x0e,0x30,0x0e,0x0f,
    0x0d,0x40,0x08,0x1f,0x07,0x50,0x0b,0x1f,0x50,0x03,0x1f,0x30,0x1f,0x0d,0x40,0x0a,0x1f,0x04,0x50,0x0d,0x0f,0x0d,0x50,0x03,
    0x0f,0x0e,0x30,0x0e,0x0f,0x0d,0x40,0x0c,0x1f,0x03,0x50,0x0e,0x0f,0x0c,0x50,0x04,0x0f,0x0d,0x30,0x0e,0x0f,0x0e,0x40,0x0c,
    0x1f,0x02,0x50,0x1f,0x0b,0x50,0x06,0x0f,0x0b,0x30,0x0d,0x1f,0x01,0x30,0x0c,0x1f,0x02,0x40,0x04,0x1f,0x0a,0x50,0x0a,0x0f,
    0x08,0x30,0x0a,0x1f,0x02,0x30,0x0b,0x1f,0x04,0x40,0x0b,0x1f,0x09,0x40,0x01,0x0e,0x0f,0x03,0x30,0x08,0x1f,0x05,0x30,0x08,
    0x1f,0x0a,0x30,0x04,0x2f,0x0b,0x40,0x07,0x0f,0x0c,0x40,0x06,0x1f,0x09,0x30,0x04,0x2f,0x06,0x10,0x05,0x0e,0x2f,0x0e,0x01,
    0x20,0x04,0x1f,0x05,0x40,0x02,0x1f,0x0d,0x40,0x0d,0x2f,0x1e,0x1f,0x09,0x08,0x1f,0x0c,0x06,0x05,0x09,0x1f,0x0a,0x60,0x0c,
    0x1f,0x04,0x30,0x03,0x0e,0x4f,0x0a,0x00,0x01,0x0c,0x5f,0x0a,0x01,0x60,0x07,0x1f,0x0b,0x40,0x02,0x0a,0x1e,0x0c,0x05,0x20,
    0x01,0x08,0x0d,0x0f,0x0d,0x0b,0x05,0x80,0x01,0x0e,0x1f,0x05,0xf0,0xd0,0x07,0x1f,0x0e,0x02,0xf0,0xd0,0x0c,0x1f,0x0d,0x03,
    0xf0,0xc0,0x02,0x0e,0x2f,0x07,0x01,0x90,0x01,0xf0,0x00,0x03,0x0e,0x2f,0x0e,0x08,0x04,0x01,0x30,0x02,0x06,0x0a,0x0e,0x01,
    0xf0,0x00,0x02,0x0b,0x6f,0x1e,0x4f,0x05,0xf0,0x20,0x05,0x0c,0xaf,0x08,0x01,0xf0,0x40,0x03,0x07,0x0b,0x0d,0x0e,0x0f,0x0e,
    0x0d,0x0a,0x06,0x01,0xb0,0x90,0x0b,0x1f,0x0e,0x01,0xf0,0x20,0x02,0x3f,0x05,0xf0,0x20,0x07,0x3f,0x0b,0xf0,0x20,0x0c,0x4f,
    0x02,0xf0,0x00,0x02,0x5f,0x07,0xf0,0x00,0x08,0x1f,0x0e,0x0c,0x1f,0x0d,0xf0,0x00,0x0d,0x1f,0x09,0x06,0x2f,0x03,0xe0,0x03,
    0x2f,0x04,0x01,0x2f,0x09,0xe0,0x09,0x1f,0x0e,0x10,0x0a,0x1f,0x0e,0xe0,0x0e,0x1f,0x09,0x10,0x04,0x2f,0x05,0xc0,0x04,0x2f,
    0x04,0x20,0x0e,0x1f,0x0a,0xc0,0x0a,0x1f,0x0d,0x30,0x09,0x2f,0x01,0xa0,0x01,0x0e,0x1f,0x08,0x30,0x03,0x2f,0x06,0xa0,0x05,
    0x2f,0x03,0x40,0x0d,0x1f,0x0c,0xa0,0x0a,0x1f,0x0d,0x50,0x07,0x2f,0x02,0x80,0x01,0x2f,0x08,0x50,0x02,0x2f,0x08,0x80,0x06,
    0x2f,0x03,0x60,0x0b,0x1f,0x0d,0x80,0x0b,0x1f,0x0c,0x70,0x06,0x2f,0x04,0x60,0x02,0xff,0x0a,0x60,0x07,0xff,0x0e,0x01,0x50,
    0x0c,0x2f,0x9d,0x3f,0x06,0x40,0x02,0x2f,0x07,0xa0,0x0d,0x1f,0x0b,0x40,0x08,0x2f,0x02,0xa0,0x08,0x2f,0x02,0x30,0x0d,0x1f,
    0x0b,0xb0,0x03,0x2f,0x07,0x20,0x03,0x2f,0x06,0xc0,0x0c,0x1f,0x0d,0x20,0x09,0x2f,0x01,0xc0,0x07,0x2f,0x03,0x10,0x0e,0x1f,
    0x0b,0xd0,0x01,0x2f,0x09,0x00,0x04,0x2f,0x06,0xe0,0x0b,0x1f,0x0e,0x00,0x20,0x8f,0x0e,0x0d,0x0b,0x08,0x02,0x90,0xdf,0x09,
    0x01,0x70,0x2f,0x0e,0x4d,0x0e,0x4f,0x0c,0x01,0x60,0x2f,0x07,0x50,0x01,0x05,0x0c,0x2f,0x07,0x60,0x2f,0x07,0x70,0x01,0x0c,
    0x1f,0x0e,0x60,0x2f,0x07,0x80,0x05,0x2f,0x03,0x50,0x2f,0x07,0x80,0x01,0x2f,0x05,0x50,0x2f,0x07,0x90,0x2f,0x06,0x50,0x2f,
    0x07,0x80,0x02,0x2f,0x05,0x50,0x2f,0x07,0x80,0x07,0x2f,0x01,0x50,0x2f,0x07,0x70,0x03,0x0e,0x1f,0x0a,0x60,0x2f,0x07,0x50,
    0x02,0x07,0x0e,0x1f,0x0d,0x01,0x60,0xdf,0x0b,0x01,0x70,0xcf,0x0d,0x04,0x80,0xef,0x0b,0x01,0x60,0x2f,0x07,0x50,0x01,0x03,
    0x09,0x2f,0x0c,0x60,0x2f,0x07,0x80,0x04,0x2f,0x08,0x50,0x2f,0x07,0x90,0x08,0x1f,0x0e,0x50,0x2f,0x07,0x90,0x03,0x2f,0x04,
    0x40,0x2f,0x07,0x90,0x01,0x2f,0x06,0x40,0x2f,0x07,0x90,0x01,0x2f,0x06,0x40,0x2f,0x07,0x90,0x03,0x2f,0x05,0x40,0x2f,0x07,
    0x90,0x09,0x2f,0x02,0x40,0x2f,0x07,0x80,0x04,0x2f,0x0b,0x50,0x2f,0x07,0x60,0x03,0x08,0x3f,0x03,0x50,0x3f,0x4d,0x0e,0x5f,
    0x05,0x60,0xdf,0x0d,0x04,0x70,0x9f,0x0e,0x0c,0x09,0x04,0x60,0x70,0x02,0x07,0x0b,0x0d,0x0f,0x0e,0x0d,0x0b,0x06,0x01,0xc0,
    0x01,0x09,0x8f,0x0e,0x06,0xa0,0x03,0x0e,0x4f,0x0e,0x5f,0x0a,0x80,0x02,0x0e,0x2f,0x0a,0x04,0x20,0x01,0x06,0x0d,0x2f,0x08,
    0x70,0x0c,0x2f,0x05,0x60,0x01,0x0c,0x2f,0x04,0x50,0x06,0x2f,0x05,0x80,0x02,0x0e,0x1f,0x0a,0x50,0x0d,0x1f,0x0b,0xa0,0x09,
    0x2f,0x02,0x30,0x04,0x2f,0x04,0xa0,0x04,0x2f,0x05,0x30,0x07,0x1f,0x0e,0xb0,0x01,0x2f,0x08,0x30,0x0b,0x1f,0x0b,0xc0,0x31,
    0x30,0x0d,0x1f,0x09,0xf0,0x40,0x0e,0x1f,0x07,0xf0,0x40,0x2f,0x07,0xf0,0x40,0x2f,0x07,0xf0,0x40,0x2f,0x07,0xf0,0x40,0x2f,
    0x07,0xf0,0x40,0x0e,0x1f,0x07,0xf0,0x40,0x0d,0x1f,0x09,0xf0,0x40,0x0b,0x1f,0x0b,0xf0,0x40,0x08,0x1f,0x0e,0xb0,0x01,0x2f,
    0x08,0x30,0x04,0x2f,0x04,0xa0,0x04,0x2f,0x05,0x40,0x0d,0x1f,0x0b,0xa0,0x09,0x2f,0x02,0x40,0x07,0x2f,0x05,0x80,0x02,0x0e,
    0x1f,0x0a,0x60,0x0c,0x1f,0x0e,0x04,0x60,0x01,0x0c,0x2f,0x03,0x60,0x03,0x0e,0x2f,0x09,0x03,0x20,0x02,0x07,0x0d,0x2f,0x07,
    0x80,0x03,0x0e,0x4f,0x0e,0x5f,0x09,0xa0,0x02,0x0b,0x8f,0x0e,0x05,0xd0,0x03,0x08,0x0c,0x0e,0x0f,0x0e,0x0d,0x0a,0x06,0x01,
    0x60,0x20,0x7f,0x0e,0x0c,0x0a,0x05,0x01,0xb0,0xbf,0x0e,0x07,0x01,0x90,0x3f,0x3d,0x5f,0x0d,0x02,0x80,0x2f,0x07,0x40,0x01,
    0x05,0x0b,0x2f,0x0e,0x02,0x70,0x2f,0x07,0x70,0x06,0x2f,0x0d,0x01,0x60,0x2f,0x07,0x80,0x05,0x2f,0x08,0x60,0x2f,0x07,0x90,
    0x09,0x1f,0x0e,0x01,0x50,0x2f,0x07,0x90,0x01,0x2f,0x07,0x50,0x2f,0x07,0xa0,0x0a,0x1f,0x0c,0x50,0x2f,0x07,0xa0,0x06,0x2f,
    0x01,0x40,0x2f,0x07,0xa0,0x03,0x2f,0x04,0x40,0x2f,0x07,0xa0,0x02,0x2f,0x05,0x40,0x2f,0x07,0xa0,0x01,0x2f,0x06,0x40,0x2f,
    0x07,0xb0,0x2f,0x07,0x40,0x2f,0x07,0xb0,0x2f,0x07,0x40,0x2f,0x07,0xa0,0x01,0x2f,0x06,0x40,0x2f,0x07,0xa0,0x02,0x2f,0x05,
    0x40,0x2f,0x07,0xa0,0x03,0x2f,0x03,0x40,0x2f,0x07,0xa0,0x07,0x2f,0x01,0x40,0x2f,0x07,0xa0,0x0c,0x1f,0x0c,0x50,0x2f,0x07,
    0x90,0x02,0x2f,0x07,0x50,0x2f,0x07,0x90,0x0a,0x1f,0x0e,0x01,0x50,0x2f,0x07,0x80,0x06,0x2f,0x08,0x60,0x2f,0x07,0x70,0x07,
    0x2f,0x0c,0x01,0x60,0x2f,0x07,0x40,0x02,0x06,0x0c,0x2f,0x0e,0x02,0x70,0x3f,0x2d,0x1e,0x4f,0x0c,0x02,0x80,0xbf,0x0e,0x07,
    0xa0,0x7f,0x0d,0x0c,0x09,0x05,0x01,0x80,0x20,0xff,0x0f,0x40,0xff,0x0f,0x40,0x3f,0xcd,0x40,0x2f,0x07,0xf0,0x10,0x2f,0x07,
    0xf0,0x10,0x2f,0x07,0xf0,0x10,0x2f,0x07,0xf0,0x10,0x2f,0x07,0xf0,0x10,0x2f,0x07,0xf0,0x10,0x2f,0x07,0xf0,0x10,0x2f,0x07,
    0xf0,0x10,0x2f,0x07,0xf0,0x10,0x3f,0xad,0x07,0x50,0xef,0x08,0x50,0xef,0x08,0x50,0x2f,0x07,0xf0,0x10,0x2f,0x07,0xf0,0x10,
    0x2f,0x07,0xf0,0x10,0x2f,0x07,0xf0,0x10,0x2f,0x07,0xf0,0x10,0x2f,0x07,0xf0,0x10,0x2f,0x07,0xf0,0x10,0x2f,0x07,0xf0,0x10,
    0x2f,0x07,0xf0,0x10,0x2f,0x07,0xf0,0x10,0x3f,0xcd,0x40,0xff,0x0f,0x40,0xff,0x0f,0x10,0x20,0xff,0x08,0x30,0xff,0x08,0x30,
    0x3f,0xbd,0x07,0x30,0x2f,0x07,0xf0,0x00,0x2f,0x07,0xf0,0x00,0x2f,0x07,0xf0,0x00,0x2f,0x07,0xf0,0x00,0x2f,0x07,0xf0,0x00,
    0x2f,0x07,0xf0,0x00,0x2f,0x07,0xf0,0x00,0x2f,0x07,0xf0,0x00,0x2f,0x07,0xf0,0x00,0x2f,0x07,0xf0,0x00,0xef,0x50,0xef,0x50,
    0x3f,0xad,0x50,0x2f,0x07,0xf0,0x00,0x2f,0x07,0xf0,0x00,0x2f,0x07,0xf0,0x00,0x2f,0x07,0xf0,0x00,0x2f,0x07,0xf0,0x00,0x2f,
    0x07,0xf0,0x00,0x2f,0x07,0xf0,0x00,0x2f,0x07,0xf0,0x00,0x2f,0x07,0xf0,0x00,0x2f,0x07,0xf0,0x00,0x2f,0x07,0xf0,0x00,0x2f,
    0x07,0xd0,0x70,0x03,0x07,0x0b,0x0d,0x0e,0x0f,0x0e,0x0c,0x08,0x03,0xd0,0x02,0x0a,0x9f,0x0b,0x02,0xa0,0x04,0x0e,0x4f,0x1e,
    0x4f,0x0e,0x03,0x80,0x03,0x0e,0x2f,0x0a,0x04,0x01,0x10,0x01,0x04,0x0a,0x2f,0x0e,0x02,0x70,0x0d,0x2f,0x05,0x70,0x06,0x2f,
    0x0b,0x60,0x07,0x2f,0x06,0x90,0x08,0x2f,0x03,0x50,0x0d,0x1f,0x0b,0xa0,0x01,0x0e,0x1f,0x09,0x40,0x04,0x2f,0x05,0xb0,0x0a,
    0x1f,0x0c,0x40,0x07,0x1f,0x0e,0xc0,0x02,0x24,0x40,0x0b,0x1f,0x0b,0xf0,0x50,0x0d,0x1f,0x09,0xf0,0x50,0x0e,0x1f,0x08,0xf0,
    0x50,0x2f,0x07,0xf0,0x50,0x2f,0x07,0xf0,0x50,0x2f,0x07,0x60,0x0d,0x8f,0x40,0x2f,0x07,0x60,0x0d,0x8f,0x40,0x0e,0x1f,0x08,
    0x60,0x0c,0x4d,0x0e,0x2f,0x40,0x0c,0x1f,0x09,0xc0,0x07,0x2f,0x40,0x0a,0x1f,0x0d,0xc0,0x07,0x2f,0x40,0x06,0x2f,0x02,0xb0,
    0x07,0x2f,0x40,0x02,0x2f,0x07,0xb0,0x07,0x2f,0x50,0x0b,0x1f,0x0e,0x01,0xa0,0x07,0x2f,0x50,0x04,0x2f,0x0a,0xa0,0x07,0x2f,
    0x60,0x09,0x2f,0x0a,0x01,0x70,0x01,0x0c,0x2f,0x60,0x01,0x0c,0x2f,0x0e,0x07,0x02,0x20,0x01,0x03,0x08,0x0e,0x2f,0x0a,0x70,
    0x01,0x0b,0x5f,0x1e,0x5f,0x09,0xa0,0x06,0x0e,0x9f,0x0d,0x05,0xc0,0x01,0x05,0x0a,0x0d,0x0e,0x1f,0x0d,0x0c,0x09,0x04,0x60,
    0x20,0x2f,0x07,0xc0,0x2f,0x07,0x50,0x2f,0x07,0xc0,0x2f,0x07,0x50,0x2f,0x07,0xc0,0x2f,0x07,0x50,0x2f,0x07,0xc0,0x2f,0x07,
    0x50,0x2f,0x07,0xc0,0x2f,0x07,0x50,0x2f,0x07,0xc0,0x2f,0x07,0x50,0x2f,0x07,0xc0,0x2f,0x07,0x50,0x2f,0x07,0xc0,0x2f,0x07,
    0x50,0x2f,0x07,0xc0,0x2f,0x07,0x50,0x2f,0x07,0xc0,0x2f,0x07,0x50,0x2f,0x07,0xc0,0x2f,0x07,0x50,0x2f,0x07,0xc0,0x2f,0x07,
    0x50,0xff,0x3f,0x07,0x50,0xff,0x3f,0x07,0x50,0xff,0x3f,0x07,0x50,0x2f,0x07,0xc0,0x2f,0x07,0x50,0x2f,0x07,0xc0,0x2f,0x07,
    0x50,0x2f,0x07,0xc0,0x2f,0x07,0x50,0x2f,0x07,0xc0,0x2f,0x07,0x50,0x2f,0x07,0xc0,0x2f,0x07,0x50,0x2f,0x07,0xc0,0x2f,0x07,
    0x50,0x2f,0x07,0xc0,0x2f,0x07,0x50,0x2f,0x07,0xc0,0x2f,0x07,0x50,0x2f,0x07,0xc0,0x2f,0x07,0x50,0x2f,0x07,0xc0,0x2f,0x07,
    0x50,0x2f,0x07,0xc0,0x2f,0x07,0x50,0x2f,0x07,0xc0,0x2f,0x07,0x50,0x2f,0x07,0xc0,0x2f,0x07,0x20,0x20,0x2f,0x07,0x50,0x2f,
    0x07,0x50,0x2f,0x07,0x50,0x2f,0x07,0x50,0x2f,0x07,0x50,0x2f,0x07,0x50,0x2f,0x07,0x50,0x2f,0x07,0x50,0x2f,0x07,0x50,0x2f,
    0x07,0x50,0x2f,0x07,0x50,0x2f,0x07,0x50,0x2f,0x07,0x50,0x2f,0x07,0x50,0x2f,0x07,0x50,0x2f,0x07,0x50,0x2f,0x07,0x50,0x2f,
    0x07,0x50,0x2f,0x07,0x50,0x2f,0x07,0x50,0x2f,0x07,0x50,0x2f,0x07,0x50,0x2f,0x07,0x50,0x2f,0x07,0x50,0x2f,0x07,0x50,0x2f,
    0x07,0x50,0x2f,0x07,0x50,0x2f,0x07,0x20,0xd0,0x07,0x2f,0xf0,0x00,0x07,0x2f,0xf0,0x00,0x07,0x2f,0xf0,0x00,0x07,0x2f,0xf0,
    0x00,0x07,0x2f,0xf0,0x00,0x07,0x2f,0xf0,0x00,0x07,0x2f,0xf0,0x00,0x07,0x2f,0xf0,0x00,0x07,0x2f,0xf0,0x00,0x07,0x2f,0xf0,
    0x00,0x07,0x2f,0xf0,0x00,0x07,0x2f,0xf0,0x00,0x07,0x2f,0xf0,0x00,0x07,0x2f,0xf0,0x00,0x07,0x2f,0xf0,0x00,0x07,0x2f,0xf0,
    0x00,0x07,0x2f,0xf0,0x00,0x07,0x2f,0xf0,0x00,0x07,0x2f,0xf0,0x00,0x07,0x2f,0x30,0x2e,0x07,0x80,0x08,0x1f,0x0e,0x30,0x0d,
    0x1f,0x09,0x80,0x0b,0x1f,0x0c,0x30,0x0b,0x1f,0x0e,0x70,0x02,0x2f,0x09,0x30,0x06,0x2f,0x08,0x60,0x0b,0x2f,0x03,0x40,0x0d,
    0x2f,0x0a,0x03,0x20,0x04,0x0c,0x2f,0x0a,0x50,0x02,0x0e,0x4f,0x0e,0x4f,0x0c,0x01,0x60,0x02,0x0b,0x8f,0x09,0x01,0x90,0x04,
    0x09,0x0c,0x0e,0x0f,0x0e,0x0c,0x08,0x03,0x60,0x20,0x2f,0x07,0x90,0x02,0x0d,0x2f,0x05,0x30,0x2f,0x07,0x80,0x01,0x0c,0x2f,
    0x07,0x40,0x2f,0x07,0x80,0x0b,0x2f,0x09,0x50,0x2f,0x07,0x70,0x09,0x2f,0x0b,0x60,0x2f,0x07,0x60,0x07,0x2f,0x0c,0x01,0x60,
    0x2f,0x07,0x50,0x05,0x2f,0x0e,0x02,0x70,0x2f,0x07,0x40,0x03,0x0e,0x1f,0x0e,0x03,0x80,0x2f,0x07,0x30,0x02,0x0e,0x2f,0x05,
    0x90,0x2f,0x07,0x20,0x01,0x0d,0x2f,0x07,0xa0,0x2f,0x07,0x20,0x0b,0x2f,0x09,0xb0,0x2f,0x07,0x10,0x09,0x2f,0x0b,0xc0,0x2f,
    0x07,0x00,0x08,0x2f,0x0c,0x01,0xc0,0x2f,0x07,0x06,0x3f,0x05,0xd0,0x2f,0x0b,0x4f,0x0d,0x01,0xc0,0x9f,0x0a,0xc0,0x5f,0x05,
    0x0c,0x2f,0x06,0xb0,0x4f,0x06,0x00,0x02,0x0e,0x2f,0x03,0xa0,0x3f,0x07,0x20,0x06,0x2f,0x0d,0x01,0x90,0x2f,0x0e,0x40,0x0a,
    0x2f,0x09,0x90,0x2f,0x07,0x40,0x01,0x0d,0x2f,0x05,0x80,0x2f,0x07,0x50,0x03,0x2f,0x0e,0x02,0x70,0x2f,0x07,0x60,0x07,0x2f,
    0x0c,0x70,0x2f,0x07,0x70,0x0b,0x2f,0x08,0x60,0x2f,0x07,0x70,0x01,0x0e,0x2f,0x04,0x50,0x2f,0x07,0x80,0x04,0x2f,0x0e,0x01,
    0x40,0x2f,0x07,0x90,0x08,0x2f,0x0b,0x40,0x2f,0x07,0xa0,0x0c,0x2f,0x07,0x30,0x2f,0x07,0xa0,0x02,0x0e,0x2f,0x03,0x20,0x2f,
    0x07,0xf0,0x2f,0x07,0xf0,0x2f,0x07,0xf0,0x2f,0x07,0xf0,0x2f,0x07,0xf0,0x2f,0x07,0xf0,0x2f,0x07,0xf0,0x2f,0x07,0xf0,0x2f,
    0x07,0xf0,0x2f,0x07,0xf0,0x2f,0x07,0xf0,0x2f,0x07,0xf0,0x2f,0x07,0xf0,0x2f,0x07,0xf0,0x2f,0x07,0xf0,0x2f,0x07,0xf0,0x2f,
    0x07,0xf0,0x2f,0x07,0xf0,0x2f,0x07,0xf0,0x2f,0x07,0xf0,0x2f,0x07,0xf0,0x2f,0x07,0xf0,0x2f,0x07,0xf0,0x2f,0x07,0xf0,0x2f,
    0x07,0xf0,0x3f,0xbd,0x07,0x20,0xff,0x08,0x20,0xff,0x08,0x20,0x3f,0x0e,0xf0,0x00,0x0d,0x3f,0x50,0x4f,0x05,0xe0,0x04,0x4f,
    0x50,0x4f,0x0a,0xe0,0x0a,0x4f,0x50,0x5f,0x01,0xc0,0x01,0x5f,0x50,0x5f,0x07,0xc0,0x07,0x5f,0x50,0x5f,0x0d,0xc0,0x0c,0x5f,
    0x50,0x2f,0x0b,0x2f,0x03,0xa0,0x03,0x2f,0x0b,0x2f,0x50,0x2f,0x07,0x0d,0x1f,0x09,0xa0,0x09,0x1f,0x0d,0x07,0x2f,0x50,0x2f,
    0x17,0x1f,0x0e,0x01,0x80,0x01,0x0e,0x1f,0x08,0x07,0x2f,0x50,0x2f,0x07,0x02,0x2f,0x06,0x80,0x05,0x2f,0x02,0x07,0x2f,0x50,
    0x2f,0x07,0x00,0x0b,0x1f,0x0c,0x80,0x0b,0x1f,0x0b,0x00,0x07,0x2f,0x50,0x2f,0x07,0x00,0x05,0x2f,0x02,0x60,0x02,0x2f,0x05,
    0x00,0x07,0x2f,0x50,0x2f,0x07,0x10,0x0e,0x1f,0x08,0x60,0x08,0x1f,0x0e,0x10,0x07,0x2f,0x50,0x2f,0x07,0x10,0x08,0x1f,0x0e,
    0x60,0x0d,0x1f,0x08,0x10,0x07,0x2f,0x50,0x2f,0x07,0x10,0x02,0x2f,0x05,0x40,0x04,0x2f,0x02,0x10,0x07,0x2f,0x50,0x2f,0x07,
    0x20,0x0b,0x1f,0x0a,0x40,0x0a,0x1f,0x0b,0x20,0x07,0x2f,0x50,0x2f,0x07,0x20,0x05,0x2f,0x01,0x20,0x01,0x2f,0x05,0x20,0x07,
    0x2f,0x50,0x2f,0x07,0x30,0x0e,0x1f,0x07,0x20,0x07,0x1f,0x0e,0x30,0x07,0x2f,0x50,0x2f,0x07,0x30,0x09,0x1f,0x0d,0x20,0x0c,
    0x1f,0x09,0x30,0x07,0x2f,0x50,0x2f,0x07,0x30,0x03,0x2f,0x04,0x00,0x03,0x2f,0x03,0x30,0x07,0x2f,0x50,0x2f,0x07,0x40,0x0c,
    0x1f,0x09,0x00,0x09,0x1f,0x0c,0x40,0x07,0x2f,0x50,0x2f,0x07,0x40,0x06,0x1f,0x0e,0x01,0x0e,0x1f,0x06,0x40,0x07,0x2f,0x50,
    0x2f,0x07,0x40,0x01,0x0e,0x1f,0x0b,0x1f,0x0e,0x01,0x40,0x07,0x2f,0x50,0x2f,0x07,0x50,0x09,0x4f,0x09,0x50,0x07,0x2f,0x50,
    0x2f,0x07,0x50,0x03,0x4f,0x03,0x50,0x07,0x2f,0x50,0x2f,0x07,0x60,0x0c,0x2f,0x0c,0x60,0x07,0x2f,0x50,0x2f,0x07,0x60,0x07,
    0x2f,0x06,0x60,0x07,0x2f,0x50,0x2f,0x07,0x60,0x01,0x2f,0x01,0x60,0x07,0x2f,0x20,0x20,0x2f,0x0b,0xc0,0x07,0x2f,0x50,0x3f,
    0x06,0xb0,0x07,0x2f,0x50,0x3f,0x0e,0x02,0xa0,0x07,0x2f,0x50,0x4f,0x0b,0xa0,0x07,0x2f,0x50,0x5f,0x06,0x90,0x07,0x2f,0x50,
    0x5f,0x0e,0x01,0x80,0x07,0x2f,0x50,0x2f,0x0d,0x2f,0x0a,0x80,0x07,0x2f,0x50,0x2f,0x07,0x0c,0x2f,0x05,0x70,0x07,0x2f,0x50,
    0x2f,0x07,0x03,0x2f,0x0e,0x01,0x60,0x07,0x2f,0x50,0x2f,0x07,0x00,0x08,0x2f,0x09,0x60,0x07,0x2f,0x50,0x2f,0x07,0x00,0x01,
    0x0d,0x2f,0x04,0x50,0x07,0x2f,0x50,0x2f,0x07,0x10,0x04,0x2f,0x0d,0x01,0x40,0x07,0x2f,0x50,0x2f,0x07,0x20,0x09,0x2f,0x09,
    0x40,0x07,0x2f,0x50,0x2f,0x07,0x20,0x01,0x0d,0x2f,0x04,0x30,0x07,0x2f,0x50,0x2f,0x07,0x30,0x04,0x2f,0x0d,0x01,0x20,0x07,
    0x2f,0x50,0x2f,0x07,0x40,0x0a,0x2f,0x08,0x20,0x07,0x2f,0x50,0x2f,0x07,0x40,0x01,0x0e,0x2f,0x03,0x10,0x07,0x2f,0x50,0x2f,
    0x07,0x50,0x05,0x2f,0x0c,0x10,0x07,0x2f,0x50,0x2f,0x07,0x60,0x0a,0x2f,0x08,0x00,0x07,0x2f,0x50,0x2f,0x07,0x60,0x01,0x0e,
    0x2f,0x03,0x07,0x2f,0x50,0x2f,0x07,0x70,0x06,0x2f,0x0c,0x07,0x2f,0x50,0x2f,0x07,0x80,0x0b,0x2f,0x0d,0x2f,0x50,0x2f,0x07,
    0x80,0x02,0x0e,0x5f,0x50,0x2f,0x07,0x90,0x06,0x5f,0x50,0x2f,0x07,0xa0,0x0c,0x4f,0x50,0x2f,0x07,0xa0,0x02,0x4f,0x50,0x2f,
    0x07,0xb0,0x07,0x3f,0x50,0x2f,0x07,0xc0,0x0c,0x2f,0x20,0x70,0x02,0x07,0x0b,0x0d,0x0f,0x0e,0x0c,0x09,0x04,0xe0,0x01,0x08,
    0x8f,0x0d,0x04,0xb0,0x02,0x0d,0x4f,0x0e,0x5f,0x07,0x90,0x01,0x0d,0x2f,0x0b,0x04,0x20,0x02,0x07,0x0e,0x2f,0x06,0x80,0x0a,
    0x2f,0x06,0x60,0x02,0x0c,0x2f,0x02,0x60,0x04,0x2f,0x07,0x80,0x01,0x0d,0x1f,0x0b,0x60,0x0b,0x1f,0x0d,0xa0,0x06,0x2f,0x03,
    0x40,0x02,0x2f,0x06,0xb0,0x0e,0x1f,0x09,0x40,0x06,0x2f,0x01,0xb0,0x09,0x1f,0x0d,0x40,0x0a,0x1f,0x0c,0xc0,0x05,0x2f,0x01,
    0x30,0x0c,0x1f,0x09,0xc0,0x03,0x2f,0x04,0x30,0x0d,0x1f,0x08,0xc0,0x01,0x2f,0x05,0x30,0x0e,0x1f,0x07,0xd0,0x2f,0x06,0x30,
    0x2f,0x07,0xd0,0x2f,0x07,0x30,0x2f,0x07,0xd0,0x2f,0x07,0x30,0x0e,0x1f,0x07,0xc0,0x01,0x2f,0x06,0x30,0x0d,0x1f,0x08,0xc0,
    0x01,0x2f,0x05,0x30,0x0c,0x1f,0x09,0xc0,0x03,0x2f,0x04,0x30,0x0a,0x1f,0x0c,0xc0,0x05,0x2f,0x01,0x30,0x06,0x2f,0x01,0xb0,
    0x09,0x1f,0x0d,0x40,0x02,0x2f,0x06,0xb0,0x0d,0x1f,0x09,0x50,0x0b,0x1f,0x0d,0xa0,0x05,0x2f,0x03,0x50,0x04,0x2f,0x08,0x80,
    0x01,0x0d,0x1f,0x0c,0x70,0x0a,0x2f,0x07,0x60,0x01,0x0c,0x2f,0x03,0x70,0x01,0x0d,0x2f,0x0b,0x04,0x20,0x02,0x07,0x0e,0x2f,
    0x07,0x90,0x02,0x0d,0x4f,0x0e,0x5f,0x08,0xb0,0x01,0x08,0x8f,0x0d,0x04,0xe0,0x02,0x07,0x0b,0x0d,0x0f,0x0e,0x0d,0x0a,0x05,
    0x80,0x20,0xaf,0x0e,0x0b,0x08,0x03,0x80,0xef,0x0a,0x01,0x60,0x2f,0x0e,0x5d,0x0e,0x4f,0x0d,0x02,0x50,0x2f,0x07,0x60,0x01,
    0x05,0x0c,0x2f,0x0d,0x01,0x40,0x2f,0x07,0x90,0x09,0x2f,0x08,0x40,0x2f,0x07,0xa0,0x0c,0x1f,0x0e,0x40,0x2f,0x07,0xa0,0x06,
    0x2f,0x03,0x30,0x2f,0x07,0xa0,0x02,0x2f,0x06,0x30,0x2f,0x07,0xb0,0x2f,0x06,0x30,0x2f,0x07,0xa0,0x01,0x2f,0x06,0x30,0x2f,
    0x07,0xa0,0x04,0x2f,0x04,0x30,0x2f,0x07,0xa0,0x0a,0x2f,0x01,0x30,0x2f,0x07,0x90,0x06,0x2f,0x09,0x40,0x2f,0x07,0x70,0x04,
    0x0a,0x2f,0x0e,0x02,0x40,0x3f,0x5d,0x0e,0x5f,0x04,0x50,0xef,0x0c,0x03,0x60,0x9f,0x0e,0x0d,0x0c,0x08,0x03,0x80,0x2f,0x07,
    0xf0,0x30,0x2f,0x07,0xf0,0x30,0x2f,0x07,0xf0,0x30,0x2f,0x07,0xf0,0x30,0x2f,0x07,0xf0,0x30,0x2f,0x07,0xf0,0x30,0x2f,0x07,
    0xf0,0x30,0x2f,0x07,0xf0,0x30,0x2f,0x07,0xf0,0x30,0x2f,0x07,0xf0,0x30,0x2f,0x07,0xf0,0x00,0x70,0x02,0x07,0x0b,0x0d,0x0f,
    0x0e,0x0c,0x09,0x04,0xe0,0x01,0x09,0x8f,0x0d,0x04,0xb0,0x02,0x0d,0x4f,0x0e,0x5f,0x07,0x90,0x01,0x0d,0x2f,0x0b,0x04,0x20,
    0x02,0x07,0x0e,0x2f,0x07,0x80,0x0a,0x2f,0x06,0x60,0x01,0x0c,0x2f,0x03,0x60,0x04,0x2f,0x08,0x80,0x01,0x0d,0x1f,0x0c,0x60,
    0x0b,0x1f,0x0d,0xa0,0x06,0x2f,0x03,0x40,0x02,0x2f,0x06,0xb0,0x0e,0x1f,0x09,0x40,0x06,0x2f,0x01,0xb0,0x09,0x1f,0x0d,0x40,
    0x0a,0x1f,0x0c,0xc0,0x05,0x2f,0x01,0x30,0x0c,0x1f,0x09,0xc0,0x03,0x2f,0x04,0x30,0x0d,0x1f,0x08,0xc0,0x01,0x2f,0x05,0x30,
    0x0e,0x1f,0x07,0xd0,0x2f,0x06,0x30,0x2f,0x07,0xd0,0x2f,0x07,0x30,0x2f,0x07,0xd0,0x2f,0x07,0x30,0x0e,0x1f,0x07,0xc0,0x01,
    0x2f,0x06,0x30,0x0d,0x1f,0x08,0xc0,0x01,0x2f,0x05,0x30,0x0c,0x1f,0x09,0xc0,0x03,0x2f,0x04,0x30,0x0a,0x1f,0x0c,0xc0,0x05,
    0x2f,0x01,0x30,0x06,0x2f,0x01,0xb0,0x09,0x1f,0x0d,0x40,0x02,0x2f,0x06,0xb0,0x0d,0x1f,0x09,0x50,0x0b,0x1f,0x0d,0xa0,0x05,
    0x2f,0x03,0x50,0x04,0x2f,0x08,0x80,0x01,0x0d,0x1f,0x0c,0x70,0x0a,0x2f,0x07,0x60,0x01,0x0c,0x2f,0x03,0x70,0x01,0x0d,0x2f,
    0x0b,0x04,0x20,0x02,0x07,0x3f,0x07,0x90,0x02,0x0d,0x4f,0x0e,0x5f,0x08,0xb0,0x01,0x09,0xaf,0x04,0xd0,0x02,0x07,0x0b,0x0d,
    0x0f,0x0e,0x0d,0x4f,0x07,0xf0,0x40,0x08,0x3f,0x09,0xf0,0x40,0x05,0x0e,0x2f,0x0c,0x01,0xf0,0x30,0x03,0x0d,0x1f,0x0d,0x02,
    0xf0,0x40,0x01,0x0b,0x0d,0x02,0xf0,0x70,0x01,0x30,0x20,0x8f,0x0e,0x0d,0x0c,0x08,0x03,0x80,0xdf,0x0b,0x02,0x60,0x2f,0x0e,
    0x4d,0x0e,0x5f,0x04,0x50,0x2f,0x07,0x50,0x01,0x04,0x0b,0x2f,0x0e,0x02,0x40,0x2f,0x07,0x80,0x07,0x2f,0x0a,0x40,0x2f,0x07,
    0x90,0x0b,0x2f,0x01,0x30,0x2f,0x07,0x90,0x05,0x2f,0x04,0x30,0x2f,0x07,0x90,0x02,0x2f,0x06,0x30,0x2f,0x07,0xa0,0x2f,0x06,
    0x30,0x2f,0x07,0x90,0x02,0x2f,0x05,0x30,0x2f,0x07,0x90,0x06,0x2f,0x03,0x30,0x2f,0x07,0x90,0x0c,0x1f,0x0d,0x40,0x2f,0x07,
    0x80,0x0a,0x2f,0x07,0x40,0x2f,0x07,0x40,0x01,0x02,0x06,0x0d,0x2f,0x0c,0x50,0xef,0x0c,0x01,0x50,0xdf,0x07,0x70,0x3f,0x4d,
    0x3f,0x09,0x80,0x2f,0x07,0x50,0x0b,0x1f,0x0e,0x02,0x70,0x2f,0x07,0x50,0x03,0x2f,0x09,0x70,0x2f,0x07,0x60,0x0a,0x2f,0x02,
    0x60,0x2f,0x07,0x60,0x02,0x2f,0x0a,0x60,0x2f,0x07,0x70,0x09,0x2f,0x03,0x50,0x2f,0x07,0x70,0x01,0x0e,0x1f,0x0b,0x50,0x2f,
    0x07,0x80,0x08,0x2f,0x04,0x40,0x2f,0x07,0x80,0x01,0x0e,0x1f,0x0c,0x40,0x2f,0x07,0x90,0x07,0x2f,0x05,0x30,0x2f,0x07,0xa0,
    0x0d,0x1f,0x0d,0x30,0x2f,0x07,0xa0,0x05,0x2f,0x06,0x50,0x01,0x07,0x0b,0x0d,0x0e,0x0f,0x0e,0x0b,0x08,0x02,0xb0,0x08,0x9f,
    0x08,0x80,0x01,0x0c,0x4f,0x1e,0x4f,0x0c,0x01,0x60,0x0b,0x2f,0x0b,0x04,0x30,0x04,0x0a,0x2f,0x0b,0x50,0x05,0x2f,0x08,0x70,
    0x07,0x2f,0x07,0x40,0x0b,0x1f,0x0d,0x90,0x0a,0x1f,0x0e,0x40,0x0e,0x1f,0x08,0x90,0x04,0x2f,0x03,0x30,0x2f,0x07,0x90,0x01,
    0x2f,0x06,0x30,0x0d,0x1f,0x0a,0xa0,0x23,0x01,0x30,0x0a,0x2f,0x04,0xf0,0x10,0x04,0x2f,0x0e,0x06,0xf0,0x10,0x09,0x3f,0x0d,
    0x07,0x02,0xf0,0x08,0x5f,0x0c,0x07,0x02,0xd0,0x04,0x0d,0x6f,0x0b,0x04,0xd0,0x05,0x0b,0x6f,0x0b,0x02,0xd0,0x02,0x06,0x0b,
    0x4f,0x0e,0x04,0xf0,0x02,0x07,0x0e,0x2f,0x0e,0x02,0xf0,0x00,0x01,0x09,0x2f,0x0b,0xf0,0x20,0x0a,0x2f,0x02,0x20,0x24,0x02,
    0xa0,0x03,0x2f,0x05,0x20,0x0e,0x1f,0x08,0xb0,0x2f,0x06,0x20,0x0c,0x1f,0x0b,0xa0,0x02,0x2f,0x05,0x20,0x07,0x2f,0x04,0x90,
    0x06,0x2f,0x03,0x20,0x01,0x0e,0x1f,0x0e,0x03,0x70,0x02,0x0e,0x1f,0x0c,0x40,0x04,0x3f,0x09,0x04,0x01,0x20,0x03,0x08,0x0e,
    0x2f,0x04,0x50,0x05,0x0e,0x4f,0x1e,0x5f,0x06,0x70,0x02,0x0a,0x9f,0x0d,0x04,0xa0,0x02,0x07,0x0b,0x0d,0x0e,0x0f,0x0e,0x0c,
    0x09,0x04,0x60,0x08,0xff,0x3f,0x10,0x08,0xff,0x3f,0x10,0x07,0x7d,0x3f,0x7d,0xa0,0x2f,0x07,0xf0,0x20,0x2f,0x07,0xf0,0x20,
    0x2f,0x07,0xf0,0x20,0x2f,0x07,0xf0,0x20,0x2f,0x07,0xf0,0x20,0x2f,0x07,0xf0,0x20,0x2f,0x07,0xf0,0x20,0x2f,0x07,0xf0,0x20,
    0x2f,0x07,0xf0,0x20,0x2f,0x07,0xf0,0x20,0x2f,0x07,0xf0,0x20,0x2f,0x07,0xf0,0x20,0x2f,0x07,0xf0,0x20,0x2f,0x07,0xf0,0x20,
    0x2f,0x07,0xf0,0x20,0x2f,0x07,0xf0,0x20,0x2f,0x07,0xf0,0x20,0x2f,0x07,0xf0,0x20,0x2f,0x07,0xf0,0x20,0x2f,0x07,0xf0,0x20,
    0x2f,0x07,0xf0,0x20,0x2f,0x07,0xf0,0x20,0x2f,0x07,0xf0,0x20,0x2f,0x07,0xf0,0x20,0x2f,0x07,0x90,0x20,0x2f,0x07,0xb0,0x2f,
    0x07,0x40,0x2f,0x07,0xb0,0x2f,0x07,0x40,0x2f,0x07,0xb0,0x2f,0x07,0x40,0x2f,0x07,0xb0,0x2f,0x07,0x40,0x2f,0x07,0xb0,0x2f,
    0x07,0x40,0x2f,0x07,0xb0,0x2f,0x07,0x40,0x2f,0x07,0xb0,0x2f,0x07,0x40,0x2f,0x07,0xb0,0x2f,0x07,0x40,0x2f,0x07,0xb0,0x2f,
    0x07,0x40,0x2f,0x07,0xb0,0x2f,0x07,0x40,0x2f,0x07,0xb0,0x2f,0x07,0x40,0x2f,0x07,0xb0,0x2f,0x07,0x40,0x2f,0x07,0xb0,0x2f,
    0x07,0x40,0x2f,0x07,0xb0,0x2f,0x07,0x40,0x2f,0x07,0xb0,0x2f,0x07,0x40,0x2f,0x07,0xb0,0x2f,0x07,0x40,0x2f,0x07,0xb0,0x2f,
    0x07,0x40,0x2f,0x07,0xb0,0x2f,0x07,0x40,0x2f,0x07,0xb0,0x2f,0x07,0x40,0x0e,0x1f,0x08,0xa0,0x01,0x2f,0x06,0x40,0x0d,0x1f,
    0x09,0xa0,0x03,0x2f,0x04,0x40,0x0a,0x1f,0x0e,0xa0,0x07,0x2f,0x01,0x40,0x06,0x2f,0x06,0x80,0x01,0x0d,0x1f,0x0c,0x60,0x0d,
    0x1f,0x0e,0x04,0x60,0x01,0x0b,0x2f,0x04,0x60,0x04,0x3f,0x09,0x03,0x20,0x01,0x06,0x0d,0x2f,0x09,0x80,0x06,0x5f,0x0e,0x5f,
    0x0a,0xa0,0x03,0x0c,0x8f,0x0e,0x06,0xd0,0x04,0x09,0x0c,0x0e,0x0f,0x0e,0x0d,0x0a,0x05,0x01,0x60,0x04,0x2f,0x09,0xd0,0x05,
    0x2f,0x08,0x00,0x0e,0x1f,0x0e,0xd0,0x0a,0x2f,0x02,0x00,0x09,0x2f,0x04,0xb0,0x01,0x2f,0x0c,0x10,0x03,0x2f,0x09,0xb0,0x05,
    0x2f,0x07,0x20,0x0d,0x1f,0x0e,0xb0,0x0a,0x2f,0x01,0x20,0x08,0x2f,0x04,0x90,0x01,0x2f,0x0b,0x30,0x02,0x2f,0x09,0x90,0x06,
    0x2f,0x05,0x40,0x0c,0x1f,0x0e,0x90,0x0b,0x1f,0x0e,0x01,0x40,0x07,0x2f,0x04,0x70,0x01,0x2f,0x0a,0x50,0x01,0x2f,0x09,0x70,
    0x06,0x2f,0x04,0x60,0x0b,0x1f,0x0d,0x70,0x0b,0x1f,0x0e,0x70,0x06,0x2f,0x03,0x50,0x01,0x2f,0x09,0x70,0x01,0x0e,0x1f,0x08,
    0x50,0x06,0x2f,0x03,0x80,0x0a,0x1f,0x0d,0x50,0x0b,0x1f,0x0d,0x90,0x05,0x2f,0x03,0x30,0x01,0x2f,0x08,0xa0,0x0e,0x1f,0x08,
    0x30,0x06,0x2f,0x02,0xa0,0x09,0x1f,0x0d,0x30,0x0b,0x1f,0x0c,0xb0,0x03,0x2f,0x03,0x10,0x01,0x2f,0x07,0xc0,0x0d,0x1f,0x08,
    0x10,0x06,0x2f,0x01,0xc0,0x08,0x1f,0x0d,0x10,0x0b,0x1f,0x0b,0xd0,0x02,0x2f,0x03,0x01,0x2f,0x05,0xe0,0x0c,0x1f,0x08,0x06,
    0x1f,0x0e,0x01,0xe0,0x07,0x1f,0x0d,0x0b,0x1f,0x0a,0xf0,0x01,0x5f,0x04,0xf0,0x00,0x0b,0x3f,0x0e,0xf0,0x10,0x06,0x3f,0x09,
    0xf0,0x10,0x01,0x3f,0x03,0xf0,0x20,0x0a,0x2f,0x90,0x00,0x0b,0x1f,0x0c,0x90,0x08,0x1f,0x0c,0x90,0x0c,0x1f,0x0c,0x10,0x08,
    0x2f,0x01,0x80,0x0c,0x1f,0x0e,0x80,0x01,0x2f,0x08,0x10,0x04,0x2f,0x04,0x70,0x01,0x3f,0x04,0x70,0x04,0x2f,0x05,0x10,0x01,
    0x2f,0x07,0x70,0x05,0x3f,0x08,0x70,0x07,0x2f,0x01,0x20,0x0c,0x1f,0x0a,0x70,0x09,0x3f,0x0c,0x70,0x0a,0x1f,0x0d,0x30,0x09,
    0x1f,0x0e,0x70,0x0d,0x4f,0x01,0x60,0x0d,0x1f,0x09,0x30,0x05,0x2f,0x02,0x50,0x03,0x1f,0x0e,0x0a,0x1f,0x05,0x50,0x02,0x2f,
    0x06,0x30,0x02,0x2f,0x05,0x50,0x07,0x1f,0x0b,0x07,0x1f,0x09,0x50,0x05,0x2f,0x02,0x40,0x0d,0x1f,0x09,0x50,0x0b,0x1f,0x07,
    0x03,0x1f,0x0d,0x50,0x08,0x1f,0x0e,0x50,0x0a,0x1f,0x0c,0x50,0x0e,0x1f,0x02,0x00,0x0e,0x1f,0x02,0x40,0x0b,0x1f,0x0a,0x50,
    0x06,0x2f,0x01,0x30,0x04,0x1f,0x0d,0x10,0x0a,0x1f,0x06,0x40,0x0e,0x1f,0x07,0x50,0x03,0x2f,0x04,0x30,0x08,0x1f,0x09,0x10,
    0x06,0x1f,0x0a,0x30,0x03,0x2f,0x03,0x60,0x0e,0x1f,0x07,0x30,0x0c,0x1f,0x05,0x10,0x02,0x1f,0x0e,0x30,0x06,0x1f,0x0e,0x70,
    0x0b,0x1f,0x0b,0x20,0x01,0x2f,0x01,0x20,0x0d,0x1f,0x03,0x20,0x0a,0x1f,0x0b,0x70,0x07,0x1f,0x0e,0x20,0x06,0x1f,0x0b,0x30,
    0x09,0x1f,0x07,0x20,0x0d,0x1f,0x08,0x70,0x04,0x2f,0x02,0x10,0x0a,0x1f,0x07,0x30,0x04,0x1f,0x0b,0x10,0x01,0x2f,0x04,0x80,
    0x2f,0x06,0x10,0x0e,0x1f,0x03,0x30,0x01,0x2f,0x10,0x04,0x2f,0x01,0x80,0x0c,0x1f,0x09,0x00,0x03,0x1f,0x0d,0x50,0x0b,0x1f,
    0x04,0x00,0x08,0x1f,0x0c,0x90,0x08,0x1f,0x0c,0x00,0x07,0x1f,0x09,0x50,0x07,0x1f,0x08,0x00,0x0b,0x1f,0x09,0x90,0x05,0x2f,
    0x00,0x0b,0x1f,0x05,0x50,0x03,0x1f,0x0c,0x00,0x0e,0x1f,0x05,0x90,0x01,0x2f,0x03,0x0e,0x1f,0x01,0x60,0x0e,0x1f,0x02,0x2f,
    0x02,0xa0,0x0d,0x1f,0x07,0x1f,0x0b,0x70,0x0a,0x1f,0x07,0x1f,0x0d,0xb0,0x09,0x1f,0x0d,0x1f,0x07,0x70,0x06,0x1f,0x0d,0x1f,
    0x0a,0xb0,0x06,0x4f,0x03,0x70,0x02,0x4f,0x06,0xb0,0x02,0x3f,0x0e,0x90,0x0d,0x3f,0x03,0xc0,0x0e,0x2f,0x09,0x90,0x08,0x2f,
    0x0e,0xd0,0x0a,0x2f,0x05,0x90,0x04,0x2f,0x0b,0xd0,0x06,0x2f,0x01,0x90,0x01,0x2f,0x07,0x60,0x00,0x06,0x2f,0x0b,0xb0,0x0d,
    0x2f,0x05,0x20,0x0c,0x2f,0x05,0x90,0x07,0x2f,0x0b,0x30,0x03,0x2f,0x0e,0x01,0x70,0x02,0x0e,0x1f,0x0e,0x02,0x40,0x09,0x2f,
    0x09,0x70,0x0a,0x2f,0x07,0x50,0x01,0x0d,0x2f,0x03,0x50,0x04,0x2f,0x0c,0x70,0x05,0x2f,0x0c,0x50,0x0d,0x2f,0x04,0x80,0x0b,
    0x2f,0x06,0x30,0x07,0x2f,0x09,0x90,0x02,0x2f,0x0e,0x01,0x10,0x02,0x0e,0x1f,0x0e,0x01,0xa0,0x07,0x2f,0x09,0x10,0x0b,0x2f,
    0x06,0xc0,0x0d,0x2f,0x03,0x05,0x2f,0x0b,0xd0,0x04,0x2f,0x0c,0x0d,0x2f,0x03,0xe0,0x0a,0x5f,0x08,0xf0,0x01,0x0e,0x3f,0x0d,
    0x01,0xf0,0x00,0x06,0x3f,0x05,0xf0,0x10,0x09,0x3f,0x07,0xf0,0x00,0x03,0x4f,0x0e,0x02,0xf0,0x0c,0x5f,0x0b,0xe0,0x07,0x2f,
    0x0a,0x0c,0x2f,0x05,0xc0,0x02,0x0e,0x1f,0x0e,0x02,0x03,0x2f,0x0d,0x01,0xb0,0x0a,0x2f,0x07,0x10,0x09,0x2f,0x09,0xa0,0x04,
    0x2f,0x0d,0x20,0x01,0x0e,0x2f,0x03,0x80,0x01,0x0d,0x2f,0x04,0x30,0x05,0x2f,0x0c,0x80,0x08,0x2f,0x0a,0x50,0x0b,0x2f,0x06,
    0x60,0x02,0x2f,0x0e,0x01,0x50,0x02,0x2f,0x0e,0x01,0x50,0x0b,0x2f,0x06,0x70,0x08,0x2f,0x0a,0x40,0x06,0x2f,0x0c,0x80,0x01,
    0x0d,0x2f,0x04,0x20,0x01,0x0e,0x2f,0x03,0x90,0x05,0x2f,0x0d,0x20,0x09,0x2f,0x09,0xb0,0x0a,0x2f,0x08,0x00,0x01,0x0e,0x1f,
    0x0e,0x01,0xb0,0x08,0x2f,0x07,0x00,0x08,0x2f,0x08,0xa0,0x01,0x0e,0x1f,0x0e,0x01,0x00,0x01,0x0e,0x1f,0x0e,0x01,0x90,0x08,
    0x2f,0x06,0x20,0x07,0x2f,0x08,0x80,0x01,0x0e,0x1f,0x0d,0x40,0x0d,0x1f,0x0e,0x01,0x70,0x08,0x2f,0x05,0x40,0x06,0x2f,0x07,
    0x60,0x01,0x0e,0x1f,0x0c,0x60,0x0d,0x1f,0x0e,0x01,0x50,0x08,0x2f,0x04,0x60,0x05,0x2f,0x07,0x40,0x01,0x0e,0x1f,0x0c,0x80,
    0x0c,0x1f,0x0e,0x01,0x30,0x08,0x2f,0x04,0x80,0x04,0x2f,0x07,0x20,0x01,0x0e,0x1f,0x0b,0xa0,0x0b,0x1f,0x0e,0x01,0x10,0x08,
    0x2f,0x03,0xa0,0x03,0x2f,0x07,0x00,0x01,0x0e,0x1f,0x0a,0xc0,0x0a,0x1f,0x0e,0x01,0x07,0x2f,0x02,0xc0,0x02,0x2f,0x08,0x0e,
    0x1f,0x09,0xe0,0x09,0x4f,0x0e,0x01,0xe0,0x02,0x4f,0x08,0xf0,0x00,0x08,0x2f,0x0e,0x01,0xf0,0x00,0x01,0x2f,0x08,0xf0,0x20,
    0x2f,0x07,0xf0,0x20,0x2f,0x07,0xf0,0x20,0x2f,0x07,0xf0,0x20,0x2f,0x07,0xf0,0x20,0x2f,0x07,0xf0,0x20,0x2f,0x07,0xf0,0x20,
    0x2f,0x07,0xf0,0x20,0x2f,0x07,0xf0,0x20,0x2f,0x07,0xf0,0x20,0x2f,0x07,0x80,0x10,0xff,0x1f,0x07,0x30,0xff,0x1f,0x07,0x30,
    0xdd,0x3f,0x06,0xf0,0x00,0x01,0x0d,0x1f,0x0c,0xf0,0x10,0x09,0x2f,0x03,0xf0,0x00,0x04,0x2f,0x08,0xf0,0x10,0x0d,0x1f,0x0d,
    0xf0,0x10,0x08,0x2f,0x03,0xf0,0x00,0x03,0x2f,0x08,0xf0,0x10,0x0c,0x1f,0x0d,0x01,0xf0,0x00,0x07,0x2f,0x04,0xf0,0x00,0x02,
    0x0e,0x1f,0x09,0xf0,0x10,0x0b,0x1f,0x0d,0x01,0xf0,0x00,0x06,0x2f,0x05,0xf0,0x00,0x01,0x0e,0x1f,0x0a,0xf0,0x10,0x0a,0x1f,
    0x0e,0x01,0xf0,0x00,0x05,0x2f,0x05,0xf0,0x00,0x01,0x0d,0x1f,0x0a,0xf0,0x10,0x09,0x1f,0x0e,0x02,0xf0,0x00,0x04,0x2f,0x06,
    0xf0,0x10,0x0d,0x1f,0x0b,0xf0,0x10,0x08,0x1f,0x0e,0x02,0xf0,0x00,0x03,0x2f,0x06,0xf0,0x10,0x0c,0x1f,0x0c,0xf0,0x10,0x07,
    0x2f,0x02,0xf0,0x10,0x0e,0x2f,0xed,0x30,0xff,0x2f,0x30,0xff,0x2f,0x10,0x20,0x6d,0x20,0x6f,0x20,0x6f,0x20,0x2f,0x07,0x50,
    0x2f,0x07,0x50,0x2f,0x07,0x50,0x2f,0x07,0x50,0x2f,0x07,0x50,0x2f,0x07,0x50,0x2f,0x07,0x50,0x2f,0x07,0x50,0x2f,0x07,0x50,
    0x2f,0x07,0x50,0x2f,0x07,0x50,0x2f,0x07,0x50,0x2f,0x07,0x50,0x2f,0x07,0x50,0x2f,0x07,0x50,0x2f,0x07,0x50,0x2f,0x07,0x50,
    0x2f,0x07,0x50,0x2f,0x07,0x50,0x2f,0x07,0x50,0x2f,0x07,0x50,0x2f,0x07,0x50,0x2f,0x07,0x50,0x2f,0x07,0x50,0x2f,0x07,0x50,
    0x2f,0x07,0x50,0x2f,0x07,0x50,0x2f,0x07,0x50,0x2f,0x07,0x50,0x2f,0x07,0x50,0x2f,0x07,0x50,0x2f,0x07,0x50,0x2f,0x0e,0x2d,
    0x20,0x6f,0x20,0x6f,0x01,0x2f,0x03,0xb0,0x0a,0x1f,0x09,0xb0,0x04,0x1f,0x0e,0xc0,0x0e,0x1f,0x05,0xb0,0x08,0x1f,0x0b,0xb0,
    0x03,0x2f,0x02,0xb0,0x0c,0x1f,0x07,0xb0,0x06,0x1f,0x0d,0xb0,0x01,0x2f,0x03,0xb0,0x0a,0x1f,0x09,0xb0,0x04,0x1f,0x0e,0x01,
    0xb0,0x0d,0x1f,0x05,0xb0,0x08,0x1f,0x0b,0xb0,0x02,0x2f,0x02,0xb0,0x0c,0x1f,0x07,0xb0,0x06,0x1f,0x0d,0xb0,0x01,0x2f,0x04,
    0xb0,0x0a,0x1f,0x09,0xb0,0x04,0x1f,0x0e,0x01,0xb0,0x0d,0x1f,0x05,0xb0,0x08,0x1f,0x0b,0xb0,0x02,0x2f,0x02,0xb0,0x0c,0x1f,
    0x07,0xb0,0x06,0x1f,0x0d,0xb0,0x01,0x0e,0x1f,0x04,0xb0,0x0a,0x1f,0x09,0xb0,0x04,0x1f,0x0e,0x01,0xb0,0x0d,0x1f,0x06,0xb0,
    0x08,0x1f,0x0b,0xb0,0x02,0x2f,0x02,0x07,0x5d,0x06,0x10,0x08,0x5f,0x07,0x10,0x08,0x5f,0x07,0x50,0x2f,0x07,0x50,0x2f,0x07,
    0x50,0x2f,0x07,0x50,0x2f,0x07,0x50,0x2f,0x07,0x50,0x2f,0x07,0x50,0x2f,0x07,0x50,0x2f,0x07,0x50,0x2f,0x07,0x50,0x2f,0x07,
    0x50,0x2f,0x07,0x50,0x2f,0x07,0x50,0x2f,0x07,0x50,0x2f,0x07,0x50,0x2f,0x07,0x50,0x2f,0x07,0x50,0x2f,0x07,0x50,0x2f,0x07,
    0x50,0x2f,0x07,0x50,0x2f,0x07,0x50,0x2f,0x07,0x50,0x2f,0x07,0x50,0x2f,0x07,0x50,0x2f,0x07,0x50,0x2f,0x07,0x50,0x2f,0x07,
    0x50,0x2f,0x07,0x50,0x2f,0x07,0x50,0x2f,0x07,0x50,0x2f,0x07,0x50,0x2f,0x07,0x50,0x2f,0x07,0x10,0x07,0x2d,0x2f,0x07,0x10,
    0x08,0x5f,0x07,0x10,0x08,0x5f,0x07,0x10,0x50,0x07,0x1f,0x05,0xb0,0x0d,0x1f,0x0b,0xa0,0x04,0x3f,0x02,0x90,0x0a,0x3f,0x07,
    0x80,0x01,0x4f,0x0d,0x80,0x07,0x1f,0x09,0x0c,0x1f,0x04,0x70,0x0d,0x1f,0x03,0x06,0x1f,0x0a,0x60,0x04,0x1f,0x0d,0x00,0x01,
    0x0e,0x1f,0x01,0x50,0x0a,0x1f,0x07,0x10,0x0a,0x1f,0x07,0x40,0x01,0x0e,0x1f,0x02,0x10,0x04,0x1f,0x0d,0x40,0x06,0x1f,0x0b,
    0x30,0x0d,0x1f,0x04,0x30,0x0c,0x1f,0x05,0x30,0x07,0x1f,0x0a,0x20,0x03,0x1f,0x0e,0x40,0x02,0x2f,0x01,0x10,0x09,0x1f,0x08,
    0x50,0x0b,0x1f,0x07,0xf0,0xf0,0xf0,0xf0,0xf0,0xf0,0xf0,0xf0,0xf0,0xf0,0xf0,0xf0,0xf0,0xf0,0x00,0x00,0xfd,0x0d,0x00,0xff,
    0x0f,0x00,0xff,0x0f,0x00,0x05,0x28,0x03,0x60,0x02,0x0e,0x1f,0x0d,0x70,0x03,0x2f,0x08,0x70,0x05,0x2f,0x03,0x70,0x07,0x1f,
    0x0c,0x80,0x09,0x1f,0x07,0xf0,0xf0,0xf0,0xf0,0xf0,0xf0,0xf0,0xf0,0xf0,0xf0,0xf0,0xf0,0xf0,0xf0,0xf0,0xf0,0xf0,0xf0,0x20,
    0x50,0x03,0x08,0x0c,0x0e,0x0f,0x0e,0x0c,0x08,0x03,0x90,0x01,0x0a,0x8f,0x08,0x70,0x01,0x0d,0x3f,0x1e,0x4f,0x09,0x60,0x0b,
    0x2f,0x0a,0x03,0x20,0x05,0x0d,0x2f,0x04,0x40,0x03,0x2f,0x08,0x50,0x02,0x0e,0x1f,0x0a,0x40,0x05,0x2d,0x01,0x60,0x0a,0x1f,
    0x0d,0xf0,0x00,0x07,0x1f,0x0e,0xf0,0x00,0x07,0x2f,0x80,0x04,0x08,0x0b,0x1e,0x6f,0x60,0x04,0x0c,0xbf,0x50,0x05,0x5f,0x1e,
    0x1d,0x3f,0x40,0x02,0x0e,0x2f,0x09,0x04,0x01,0x30,0x07,0x2f,0x40,0x09,0x2f,0x05,0x60,0x07,0x2f,0x40,0x0d,0x1f,0x0a,0x70,
    0x07,0x2f,0x40,0x0e,0x1f,0x07,0x70,0x0b,0x2f,0x40,0x0e,0x1f,0x08,0x70,0x3f,0x40,0x0b,0x1f,0x0e,0x01,0x50,0x09,0x3f,0x40,
    0x05,0x2f,0x0c,0x04,0x20,0x05,0x0c,0x4f,0x01,0x40,0x0a,0x4f,0x0e,0x7f,0x03,0x40,0x01,0x0a,0x7f,0x07,0x03,0x2f,0x06,0x60,
    0x04,0x0a,0x0d,0x1e,0x0c,0x08,0x02,0x10,0x09,0x1a,0x06,0x10,0x20,0x2f,0x07,0xf0,0x00,0x2f,0x07,0xf0,0x00,0x2f,0x07,0xf0,
    0x00,0x2f,0x07,0xf0,0x00,0x2f,0x07,0xf0,0x00,0x2f,0x07,0xf0,0x00,0x2f,0x07,0xf0,0x00,0x2f,0x07,0xf0,0x00,0x2f,0x07,0x00,
    0x02,0x08,0x0c,0x1e,0x0d,0x09,0x03,0x70,0x2f,0x17,0x7f,0x09,0x60,0x2f,0x0d,0x3f,0x0e,0x4f,0x0a,0x50,0x4f,0x0a,0x03,0x10,
    0x01,0x06,0x0e,0x2f,0x05,0x40,0x3f,0x08,0x50,0x02,0x0e,0x1f,0x0d,0x40,0x3f,0x70,0x06,0x2f,0x04,0x30,0x2f,0x0b,0x80,0x0e,
    0x1f,0x08,0x30,0x2f,0x07,0x80,0x0b,0x1f,0x0b,0x30,0x2f,0x07,0x80,0x08,0x1f,0x0d,0x30,0x2f,0x07,0x80,0x07,0x1f,0x0e,0x30,
    0x2f,0x07,0x80,0x07,0x2f,0x30,0x2f,0x07,0x80,0x07,0x1f,0x0e,0x30,0x2f,0x07,0x80,0x08,0x1f,0x0d,0x30,0x2f,0x07,0x80,0x0b,
    0x1f,0x0b,0x30,0x2f,0x0b,0x70,0x01,0x0e,0x1f,0x08,0x30,0x3f,0x70,0x06,0x2f,0x04,0x30,0x3f,0x09,0x50,0x02,0x0e,0x1f,0x0d,
    0x40,0x4f,0x0b,0x03,0x10,0x01,0x06,0x0e,0x2f,0x05,0x40,0x2f,0x0c,0x3f,0x0e,0x4f,0x09,0x50,0x2f,0x04,0x07,0x7f,0x08,0x60,
    0x2f,0x03,0x00,0x02,0x08,0x0c,0x1e,0x0d,0x09,0x03,0x40,0x60,0x05,0x0a,0x0d,0x1e,0x0d,0x0a,0x04,0x90,0x03,0x0d,0x7f,0x0c,
    0x02,0x60,0x04,0x4f,0x1e,0x3f,0x0e,0x02,0x40,0x02,0x0e,0x1f,0x0e,0x07,0x01,0x10,0x02,0x09,0x2f,0x0d,0x40,0x0a,0x1f,0x0e,
    0x03,0x50,0x06,0x2f,0x06,0x20,0x02,0x2f,0x07,0x70,0x0b,0x1f,0x0b,0x20,0x07,0x2f,0x01,0x70,0x06,0x1f,0x0e,0x20,0x0b,0x1f,
    0x0b,0x80,0x01,0x25,0x20,0x0d,0x1f,0x08,0xf0,0x0e,0x1f,0x07,0xf0,0x2f,0x07,0xf0,0x0e,0x1f,0x07,0xf0,0x0d,0x1f,0x09,0xf0,
    0x0b,0x1f,0x0b,0xf0,0x07,0x1f,0x0e,0x80,0x04,0x2c,0x20,0x02,0x2f,0x06,0x70,0x09,0x1f,0x0c,0x30,0x0b,0x1f,0x0e,0x03,0x50,
    0x04,0x2f,0x07,0x30,0x02,0x0e,0x1f,0x0e,0x07,0x01,0x10,0x02,0x08,0x2f,0x0d,0x01,0x40,0x04,0x4f,0x1e,0x3f,0x0d,0x02,0x60,
    0x04,0x0d,0x7f,0x0b,0x01,0x90,0x05,0x0a,0x0d,0x1e,0x0d,0x09,0x04,0x40,0xe0,0x07,0x2f,0xf0,0x00,0x07,0x2f,0xf0,0x00,0x07,
    0x2f,0xf0,0x00,0x07,0x2f,0xf0,0x00,0x07,0x2f,0xf0,0x00,0x07,0x2f,0xf0,0x00,0x07,0x2f,0xf0,0x00,0x07,0x2f,0x70,0x02,0x08,
    0x0d,0x1e,0x0d,0x09,0x03,0x00,0x07,0x2f,0x60,0x07,0x7f,0x08,0x07,0x2f,0x50,0x07,0x4f,0x1e,0x6f,0x40,0x03,0x2f,0x0e,0x07,
    0x01,0x10,0x02,0x09,0x4f,0x40,0x0c,0x2f,0x03,0x50,0x06,0x3f,0x30,0x03,0x2f,0x07,0x70,0x3f,0x30,0x08,0x2f,0x01,0x70,0x09,
    0x2f,0x30,0x0b,0x1f,0x0b,0x80,0x07,0x2f,0x30,0x0d,0x1f,0x09,0x80,0x07,0x2f,0x30,0x0e,0x1f,0x07,0x80,0x07,0x2f,0x30,0x2f,
    0x07,0x80,0x07,0x2f,0x30,0x0e,0x1f,0x07,0x80,0x07,0x2f,0x30,0x0d,0x1f,0x08,0x80,0x07,0x2f,0x30,0x0b,0x1f,0x0b,0x80,0x07,
    0x2f,0x30,0x08,0x2f,0x01,0x70,0x09,0x2f,0x30,0x03,0x2f,0x07,0x70,0x3f,0x40,0x0c,0x1f,0x0e,0x03,0x50,0x06,0x3f,0x40,0x03,
    0x2f,0x0e,0x06,0x01,0x10,0x02,0x09,0x4f,0x50,0x07,0x4f,0x0e,0x3f,0x0e,0x2f,0x60,0x06,0x0e,0x6f,0x08,0x04,0x2f,0x70,0x02,
    0x08,0x0d,0x1e,0x0d,0x09,0x03,0x00,0x03,0x2f,0x10,0x60,0x04,0x09,0x0d,0x0f,0x0e,0x0d,0x09,0x03,0x90,0x02,0x0b,0x7f,0x0a,
    0x01,0x60,0x02,0x0d,0x3f,0x0e,0x4f,0x0b,0x50,0x01,0x0d,0x2f,0x07,0x01,0x10,0x02,0x0a,0x2f,0x08,0x40,0x08,0x2f,0x04,0x50,
    0x08,0x2f,0x01,0x20,0x01,0x0e,0x1f,0x08,0x60,0x01,0x0e,0x1f,0x06,0x20,0x06,0x2f,0x01,0x70,0x09,0x1f,0x0a,0x20,0x0a,0x1f,
    0x0c,0x80,0x07,0x1f,0x0d,0x20,0x0d,0x2f,0x8d,0x0e,0x1f,0x0e,0x20,0x0e,0xff,0x20,0xff,0x0f,0x20,0x2f,0x07,0xf0,0x0e,0x1f,
    0x08,0xf0,0x0c,0x1f,0x0b,0xf0,0x08,0x2f,0x02,0xe0,0x03,0x2f,0x09,0x80,0x07,0x03,0x40,0x0b,0x2f,0x06,0x60,0x08,0x0f,0x0e,
    0x04,0x30,0x02,0x0e,0x2f,0x0a,0x03,0x20,0x04,0x0b,0x2f,0x05,0x40,0x04,0x0e,0x4f,0x0e,0x4f,0x07,0x60,0x03,0x0c,0x7f,0x0e,
    0x05,0x90,0x04,0x09,0x0d,0x0e,0x0f,0x0e,0x0b,0x07,0x01,0x30,0x60,0x04,0x09,0x0c,0x0d,0x0c,0x0a,0x40,0x01,0x0a,0x5f,0x40,
    0x0a,0x6f,0x30,0x04,0x2f,0x0d,0x05,0x01,0x00,0x02,0x30,0x0a,0x1f,0x0e,0x02,0x70,0x0d,0x1f,0x09,0x80,0x0e,0x1f,0x07,0x80,
    0x2f,0x07,0x80,0x2f,0x07,0x50,0x9f,0x08,0x10,0x9f,0x08,0x10,0x2d,0x3f,0x2d,0x07,0x40,0x2f,0x07,0x80,0x2f,0x07,0x80,0x2f,
    0x07,0x80,0x2f,0x07,0x80,0x2f,0x07,0x80,0x2f,0x07,0x80,0x2f,0x07,0x80,0x2f,0x07,0x80,0x2f,0x07,0x80,0x2f,0x07,0x80,0x2f,
    0x07,0x80,0x2f,0x07,0x80,0x2f,0x07,0x80,0x2f,0x07,0x80,0x2f,0x07,0x80,0x2f,0x07,0x80,0x2f,0x07,0x80,0x2f,0x07,0x40,0x50,
    0x02,0x08,0x0d,0x1e,0x0d,0x09,0x03,0x00,0x02,0x2f,0x60,0x07,0x7f,0x08,0x03,0x2f,0x50,0x08,0x4f,0x1e,0x2f,0x0d,0x2f,0x40,
    0x04,0x2f,0x0e,0x07,0x01,0x10,0x02,0x09,0x4f,0x40,0x0c,0x2f,0x03,0x50,0x06,0x3f,0x30,0x03,0x2f,0x07,0x70,0x3f,0x30,0x08,
    0x2f,0x01,0x70,0x09,0x2f,0x30,0x0b,0x1f,0x0b,0x80,0x07,0x2f,0x30,0x0d,0x1f,0x09,0x80,0x07,0x2f,0x30,0x0e,0x1f,0x07,0x80,
    0x07,0x2f,0x30,0x2f,0x07,0x80,0x07,0x2f,0x30,0x0e,0x1f,0x07,0x80,0x07,0x2f,0x30,0x0d,0x1f,0x08,0x80,0x07,0x2f,0x30,0x0b,
    0x1f,0x0b,0x80,0x07,0x2f,0x30,0x08,0x2f,0x01,0x70,0x0a,0x2f,0x30,0x03,0x2f,0x07,0x70,0x3f,0x40,0x0c,0x1f,0x0e,0x03,0x50,
    0x07,0x3f,0x40,0x03,0x2f,0x0e,0x06,0x01,0x10,0x03,0x09,0x4f,0x50,0x07,0x4f,0x0e,0x7f,0x60,0x07,0x7f,0x08,0x07,0x2f,0x70,
    0x02,0x08,0x0d,0x1e,0x0d,0x09,0x03,0x00,0x07,0x2f,0xf0,0x00,0x08,0x1f,0x0e,0xf0,0x00,0x0b,0x1f,0x0c,0x50,0x06,0x03,0x70,
    0x02,0x2f,0x08,0x40,0x04,0x0f,0x0d,0x03,0x60,0x0b,0x2f,0x03,0x40,0x0c,0x2f,0x08,0x03,0x10,0x01,0x05,0x0c,0x2f,0x09,0x50,
    0x02,0x0d,0x4f,0x0e,0x4f,0x0c,0x70,0x01,0x0a,0x8f,0x09,0xa0,0x02,0x08,0x0b,0x0e,0x0f,0x0d,0x0c,0x08,0x02,0x50,0x20,0x2f,
    0x07,0xf0,0x00,0x2f,0x07,0xf0,0x00,0x2f,0x07,0xf0,0x00,0x2f,0x07,0xf0,0x00,0x2f,0x07,0xf0,0x00,0x2f,0x07,0xf0,0x00,0x2f,
    0x07,0xf0,0x00,0x2f,0x07,0xf0,0x00,0x2f,0x07,0x10,0x06,0x0b,0x0d,0x0f,0x0e,0x0b,0x06,0x01,0x60,0x2f,0x07,0x03,0x0d,0x6f,
    0x0c,0x02,0x50,0x2f,0x0a,0x0e,0x2f,0x0e,0x4f,0x0c,0x50,0x4f,0x0c,0x04,0x20,0x04,0x0d,0x2f,0x05,0x40,0x3f,0x0b,0x50,0x02,
    0x0e,0x1f,0x0a,0x40,0x3f,0x01,0x60,0x0a,0x1f,0x0d,0x40,0x2f,0x0c,0x70,0x08,0x1f,0x0e,0x40,0x2f,0x07,0x70,0x07,0x2f,0x40,
    0x2f,0x07,0x70,0x07,0x2f,0x40,0x2f,0x07,0x70,0x07,0x2f,0x40,0x2f,0x07,0x70,0x07,0x2f,0x40,0x2f,0x07,0x70,0x07,0x2f,0x40,
    0x2f,0x07,0x70,0x07,0x2f,0x40,0x2f,0x07,0x70,0x07,0x2f,0x40,0x2f,0x07,0x70,0x07,0x2f,0x40,0x2f,0x07,0x70,0x07,0x2f,0x40,
    0x2f,0x07,0x70,0x07,0x2f,0x40,0x2f,0x07,0x70,0x07,0x2f,0x40,0x2f,0x07,0x70,0x07,0x2f,0x40,0x2f,0x07,0x70,0x07,0x2f,0x40,
    0x2f,0x07,0x70,0x07,0x2f,0x10,0x20,0x05,0x1e,0x05,0x40,0x0e,0x1f,0x0d,0x40,0x0e,0x1f,0x0e,0x40,0x05,0x1e,0x05,0xf0,0xf0,
    0x2f,0x07,0x40,0x2f,0x07,0x40,0x2f,0x07,0x40,0x2f,0x07,0x40,0x2f,0x07,0x40,0x2f,0x07,0x40,0x2f,0x07,0x40,0x2f,0x07,0x40,
    0x2f,0x07,0x40,0x2f,0x07,0x40,0x2f,0x07,0x40,0x2f,0x07,0x40,0x2f,0x07,0x40,0x2f,0x07,0x40,0x2f,0x07,0x40,0x2f,0x07,0x40,
    0x2f,0x07,0x40,0x2f,0x07,0x40,0x2f,0x07,0x40,0x2f,0x07,0x40,0x2f,0x07,0x10,0x30,0x05,0x1e,0x05,0x60,0x0e,0x1f,0x0e,0x60,
    0x0e,0x1f,0x0e,0x60,0x05,0x1e,0x05,0xf0,0xf0,0x70,0x07,0x2f,0x60,0x07,0x2f,0x60,0x07,0x2f,0x60,0x07,0x2f,0x60,0x07,0x2f,
    0x60,0x07,0x2f,0x60,0x07,0x2f,0x60,0x07,0x2f,0x60,0x07,0x2f,0x60,0x07,0x2f,0x60,0x07,0x2f,0x60,0x07,0x2f,0x60,0x07,0x2f,
    0x60,0x07,0x2f,0x60,0x07,0x2f,0x60,0x07,0x2f,0x60,0x07,0x2f,0x60,0x07,0x2f,0x60,0x07,0x2f,0x60,0x07,0x2f,0x60,0x07,0x2f,
    0x60,0x07,0x2f,0x60,0x07,0x2f,0x60,0x07,0x2f,0x60,0x09,0x1f,0x0d,0x50,0x04,0x0e,0x1f,0x0a,0x20,0x07,0x1e,0x3f,0x04,0x20,
    0x08,0x4f,0x09,0x30,0x06,0x0d,0x0f,0x0e,0x0b,0x05,0x40,0x20,0x2f,0x07,0xf0,0x2f,0x07,0xf0,0x2f,0x07,0xf0,0x2f,0x07,0xf0,
    0x2f,0x07,0xf0,0x2f,0x07,0xf0,0x2f,0x07,0xf0,0x2f,0x07,0xf0,0x2f,0x07,0x50,0x01,0x0d,0x2f,0x04,0x30,0x2f,0x07,0x40,0x01,
    0x0c,0x2f,0x06,0x40,0x2f,0x07,0x40,0x0b,0x2f,0x07,0x50,0x2f,0x07,0x30,0x0a,0x2f,0x09,0x60,0x2f,0x07,0x20,0x08,0x2f,0x0a,
    0x70,0x2f,0x07,0x10,0x07,0x2f,0x0b,0x80,0x2f,0x07,0x00,0x05,0x2f,0x0c,0x01,0x80,0x2f,0x07,0x03,0x2f,0x0d,0x02,0x90,0x2f,
    0x08,0x0e,0x2f,0x03,0xa0,0x7f,0x06,0xa0,0x7f,0x0e,0x02,0x90,0x4f,0x09,0x2f,0x0c,0x90,0x3f,0x07,0x00,0x08,0x2f,0x08,0x80,
    0x3f,0x20,0x0c,0x2f,0x04,0x70,0x2f,0x07,0x20,0x02,0x0e,0x1f,0x0d,0x01,0x60,0x2f,0x07,0x30,0x05,0x2f,0x0a,0x60,0x2f,0x07,
    0x40,0x0a,0x2f,0x06,0x50,0x2f,0x07,0x40,0x01,0x0d,0x1f,0x0e,0x02,0x40,0x2f,0x07,0x50,0x03,0x2f,0x0c,0x40,0x2f,0x07,0x60,
    0x07,0x2f,0x08,0x30,0x2f,0x07,0x70,0x0c,0x2f,0x04,0x20,0x2f,0x07,0x40,0x2f,0x07,0x40,0x2f,0x07,0x40,0x2f,0x07,0x40,0x2f,
    0x07,0x40,0x2f,0x07,0x40,0x2f,0x07,0x40,0x2f,0x07,0x40,0x2f,0x07,0x40,0x2f,0x07,0x40,0x2f,0x07,0x40,0x2f,0x07,0x40,0x2f,
    0x07,0x40,0x2f,0x07,0x40,0x2f,0x07,0x40,0x2f,0x07,0x40,0x2f,0x07,0x40,0x2f,0x07,0x40,0x2f,0x07,0x40,0x2f,0x07,0x40,0x2f,
    0x07,0x40,0x2f,0x07,0x40,0x2f,0x07,0x40,0x2f,0x07,0x40,0x2f,0x07,0x40,0x2f,0x07,0x40,0x2f,0x07,0x40,0x2f,0x07,0x40,0x2f,
    0x07,0x10,0x20,0x2f,0x07,0x00,0x01,0x07,0x0c,0x0e,0x0f,0x0e,0x0b,0x05,0x40,0x06,0x0b,0x0e,0x0f,0x0e,0x0b,0x06,0x70,0x2f,
    0x07,0x06,0x0e,0x6f,0x0b,0x01,0x00,0x03,0x0d,0x6f,0x0c,0x02,0x50,0x2f,0x0d,0x2f,0x1e,0x4f,0x0b,0x03,0x0e,0x2f,0x0e,0x4f,
    0x0c,0x50,0x4f,0x09,0x02,0x10,0x01,0x06,0x0e,0x4f,0x0e,0x05,0x20,0x04,0x0d,0x2f,0x05,0x40,0x3f,0x06,0x50,0x03,0x3f,0x0e,
    0x02,0x40,0x02,0x0e,0x1f,0x0a,0x40,0x3f,0x70,0x0b,0x2f,0x08,0x60,0x0a,0x1f,0x0d,0x40,0x2f,0x0b,0x70,0x08,0x2f,0x03,0x60,
    0x08,0x1f,0x0e,0x40,0x2f,0x08,0x70,0x07,0x2f,0x01,0x60,0x07,0x2f,0x40,0x2f,0x07,0x70,0x07,0x2f,0x70,0x07,0x2f,0x40,0x2f,
    0x07,0x70,0x07,0x2f,0x70,0x07,0x2f,0x40,0x2f,0x07,0x70,0x07,0x2f,0x70,0x07,0x2f,0x40,0x2f,0x07,0x70,0x07,0x2f,0x70,0x07,
    0x2f,0x40,0x2f,0x07,0x70,0x07,0x2f,0x70,0x07,0x2f,0x40,0x2f,0x07,0x70,0x07,0x2f,0x70,0x07,0x2f,0x40,0x2f,0x07,0x70,0x07,
    0x2f,0x70,0x07,0x2f,0x40,0x2f,0x07,0x70,0x07,0x2f,0x70,0x07,0x2f,0x40,0x2f,0x07,0x70,0x07,0x2f,0x70,0x07,0x2f,0x40,0x2f,
    0x07,0x70,0x07,0x2f,0x70,0x07,0x2f,0x40,0x2f,0x07,0x70,0x07,0x2f,0x70,0x07,0x2f,0x40,0x2f,0x07,0x70,0x07,0x2f,0x70,0x07,
    0x2f,0x40,0x2f,0x07,0x70,0x07,0x2f,0x70,0x07,0x2f,0x10,0x20,0x2f,0x07,0x10,0x06,0x0b,0x0d,0x0f,0x0e,0x0b,0x06,0x01,0x60,
    0x2f,0x07,0x03,0x0d,0x6f,0x0c,0x02,0x50,0x2f,0x0a,0x0e,0x2f,0x0e,0x4f,0x0c,0x50,0x4f,0x0d,0x05,0x20,0x04,0x0d,0x2f,0x05,
    0x40,0x3f,0x0c,0x01,0x40,0x02,0x0e,0x1f,0x0a,0x40,0x3f,0x01,0x60,0x0a,0x1f,0x0d,0x40,0x2f,0x0e,0x70,0x08,0x1f,0x0e,0x40,
    0x2f,0x08,0x70,0x07,0x2f,0x40,0x2f,0x07,0x70,0x07,0x2f,0x40,0x2f,0x07,0x70,0x07,0x2f,0x40,0x2f,0x07,0x70,0x07,0x2f,0x40,
    0x2f,0x07,0x70,0x07,0x2f,0x40,0x2f,0x07,0x70,0x07,0x2f,0x40,0x2f,0x07,0x70,0x07,0x2f,0x40,0x2f,0x07,0x70,0x07,0x2f,0x40,
    0x2f,0x07,0x70,0x07,0x2f,0x40,0x2f,0x07,0x70,0x07,0x2f,0x40,0x2f,0x07,0x70,0x07,0x2f,0x40,0x2f,0x07,0x70,0x07,0x2f,0x40,
    0x2f,0x07,0x70,0x07,0x2f,0x40,0x2f,0x07,0x70,0x07,0x2f,0x10,0x60,0x04,0x09,0x0c,0x1e,0x0d,0x0b,0x06,0x01,0xa0,0x02,0x0b,
    0x7f,0x0d,0x05,0x80,0x02,0x0d,0x4f,0x0e,0x4f,0x07,0x60,0x01,0x0d,0x2f,0x0a,0x03,0x10,0x01,0x06,0x0e,0x2f,0x05,0x50,0x09,
    0x2f,0x06,0x50,0x02,0x0d,0x1f,0x0e,0x01,0x30,0x01,0x0e,0x1f,0x0a,0x70,0x04,0x2f,0x07,0x30,0x06,0x2f,0x02,0x80,0x0b,0x1f,
    0x0d,0x30,0x0a,0x1f,0x0c,0x90,0x06,0x2f,0x02,0x20,0x0d,0x1f,0x09,0x90,0x02,0x2f,0x04,0x20,0x0e,0x1f,0x07,0x90,0x01,0x2f,
    0x06,0x20,0x2f,0x07,0xa0,0x2f,0x06,0x20,0x0e,0x1f,0x07,0x90,0x01,0x2f,0x06,0x20,0x0d,0x1f,0x09,0x90,0x02,0x2f,0x04,0x20,
    0x0a,0x1f,0x0c,0x90,0x06,0x2f,0x02,0x20,0x06,0x2f,0x02,0x80,0x0b,0x1f,0x0d,0x30,0x01,0x2f,0x0a,0x70,0x03,0x2f,0x07,0x40,
    0x09,0x2f,0x06,0x50,0x01,0x0d,0x1f,0x0e,0x01,0x40,0x01,0x0d,0x2f,0x09,0x03,0x10,0x01,0x06,0x0e,0x2f,0x05,0x60,0x02,0x0d,
    0x4f,0x0e,0x4f,0x07,0x80,0x02,0x0b,0x7f,0x0e,0x05,0xb0,0x04,0x09,0x0d,0x0e,0x0f,0x0d,0x0b,0x06,0x01,0x50,0x20,0x2f,0x03,
    0x00,0x03,0x08,0x0c,0x1e,0x0d,0x09,0x03,0x70,0x2f,0x04,0x08,0x7f,0x09,0x60,0x2f,0x0d,0x2f,0x1e,0x4f,0x09,0x50,0x4f,0x09,
    0x02,0x10,0x01,0x07,0x3f,0x05,0x40,0x3f,0x05,0x50,0x04,0x2f,0x0d,0x40,0x3f,0x70,0x08,0x2f,0x04,0x30,0x2f,0x08,0x70,0x01,
    0x2f,0x08,0x30,0x2f,0x07,0x80,0x0b,0x1f,0x0b,0x30,0x2f,0x07,0x80,0x09,0x1f,0x0d,0x30,0x2f,0x07,0x80,0x07,0x1f,0x0e,0x30,
    0x2f,0x07,0x80,0x07,0x2f,0x30,0x2f,0x07,0x80,0x07,0x1f,0x0e,0x30,0x2f,0x07,0x80,0x09,0x1f,0x0d,0x30,0x2f,0x07,0x80,0x0b,
    0x1f,0x0b,0x30,0x2f,0x08,0x70,0x01,0x2f,0x08,0x30,0x3f,0x70,0x08,0x2f,0x03,0x30,0x3f,0x05,0x50,0x04,0x2f,0x0d,0x40,0x4f,
    0x08,0x02,0x10,0x01,0x07,0x3f,0x04,0x40,0x6f,0x1e,0x4f,0x09,0x50,0x2f,0x07,0x08,0x7f,0x08,0x60,0x2f,0x07,0x00,0x03,0x09,
    0x0d,0x1e,0x0d,0x09,0x03,0x70,0x2f,0x07,0xf0,0x00,0x2f,0x07,0xf0,0x00,0x2f,0x07,0xf0,0x00,0x2f,0x07,0xf0,0x00,0x2f,0x07,
    0xf0,0x00,0x2f,0x07,0xf0,0x00,0x2f,0x07,0xf0,0x00,0x2f,0x07,0xd0,0x50,0x02,0x08,0x0c,0x1e,0x0d,0x09,0x03,0x00,0x03,0x2f,
    0x70,0x07,0x7f,0x09,0x04,0x2f,0x60,0x08,0x4f,0x1e,0x6f,0x50,0x04,0x3f,0x07,0x01,0x10,0x02,0x08,0x4f,0x50,0x0d,0x2f,0x04,
    0x50,0x04,0x3f,0x40,0x03,0x2f,0x08,0x70,0x3f,0x40,0x08,0x2f,0x01,0x70,0x07,0x2f,0x40,0x0b,0x1f,0x0b,0x80,0x07,0x2f,0x40,
    0x0d,0x1f,0x09,0x80,0x07,0x2f,0x40,0x0e,0x1f,0x07,0x80,0x07,0x2f,0x40,0x2f,0x07,0x80,0x07,0x2f,0x40,0x0e,0x1f,0x07,0x80,
    0x07,0x2f,0x40,0x0d,0x1f,0x09,0x80,0x07,0x2f,0x40,0x0b,0x1f,0x0b,0x80,0x07,0x2f,0x40,0x08,0x2f,0x01,0x70,0x08,0x2f,0x40,
    0x03,0x2f,0x08,0x70,0x3f,0x50,0x0c,0x2f,0x04,0x50,0x05,0x3f,0x50,0x04,0x3f,0x07,0x01,0x10,0x02,0x08,0x4f,0x60,0x07,0x4f,
    0x1e,0x6f,0x70,0x07,0x7f,0x0a,0x07,0x2f,0x80,0x02,0x08,0x0d,0x1e,0x0d,0x09,0x04,0x00,0x07,0x2f,0xf0,0x10,0x07,0x2f,0xf0,
    0x10,0x07,0x2f,0xf0,0x10,0x07,0x2f,0xf0,0x10,0x07,0x2f,0xf0,0x10,0x07,0x2f,0xf0,0x10,0x07,0x2f,0xf0,0x10,0x07,0x2f,0xf0,
    0x10,0x07,0x2f,0x20,0x20,0x2f,0x07,0x00,0x05,0x0b,0x0e,0x0f,0x07,0x20,0x2f,0x07,0x09,0x3f,0x08,0x20,0x2f,0x0d,0x2f,0x1e,
    0x07,0x20,0x4f,0x07,0x01,0x50,0x3f,0x04,0x70,0x3f,0x80,0x2f,0x0b,0x80,0x2f,0x08,0x80,0x2f,0x07,0x80,0x2f,0x07,0x80,0x2f,
    0x07,0x80,0x2f,0x07,0x80,0x2f,0x07,0x80,0x2f,0x07,0x80,0x2f,0x07,0x80,0x2f,0x07,0x80,0x2f,0x07,0x80,0x2f,0x07,0x80,0x2f,
    0x07,0x80,0x2f,0x07,0x80,0x2f,0x07,0x50,0x50,0x04,0x0a,0x0d,0x1e,0x0d,0x0b,0x06,0x01,0x80,0x02,0x0c,0x7f,0x0e,0x06,0x60,
    0x02,0x0e,0x3f,0x1e,0x4f,0x07,0x50,0x0c,0x2f,0x07,0x02,0x10,0x01,0x06,0x0e,0x2f,0x03,0x30,0x03,0x2f,0x06,0x50,0x03,0x2f,
    0x0a,0x30,0x06,0x2f,0x01,0x60,0x09,0x1f,0x0d,0x30,0x06,0x2f,0x02,0x60,0x02,0x25,0x30,0x02,0x2f,0x0b,0x01,0xe0,0x0a,0x2f,
    0x0e,0x09,0x05,0x01,0xc0,0x0a,0x5f,0x0c,0x08,0x03,0xa0,0x04,0x0b,0x6f,0x0c,0x04,0xa0,0x02,0x06,0x09,0x0d,0x4f,0x07,0xd0,
    0x02,0x07,0x0e,0x2f,0x05,0xe0,0x02,0x0e,0x1f,0x0b,0x30,0x09,0x1a,0x05,0x70,0x08,0x1f,0x0e,0x30,0x0d,0x1f,0x0a,0x70,0x07,
    0x1f,0x0e,0x30,0x08,0x2f,0x03,0x60,0x0c,0x1f,0x0c,0x30,0x02,0x0e,0x1f,0x0e,0x07,0x02,0x20,0x04,0x0c,0x2f,0x06,0x40,0x04,
    0x4f,0x1e,0x4f,0x0a,0x60,0x03,0x0d,0x8f,0x08,0x90,0x05,0x0a,0x0d,0x0e,0x0f,0x0e,0x0c,0x08,0x02,0x40,0x30,0x2f,0x07,0x70,
    0x2f,0x07,0x70,0x2f,0x07,0x70,0x2f,0x07,0x70,0x2f,0x07,0x30,0x08,0x9f,0x00,0x08,0x9f,0x00,0x07,0x2d,0x3f,0x2d,0x40,0x2f,
    0x07,0x70,0x2f,0x07,0x70,0x2f,0x07,0x70,0x2f,0x07,0x70,0x2f,0x07,0x70,0x2f,0x07,0x70,0x2f,0x07,0x70,0x2f,0x07,0x70,0x2f,
    0x07,0x70,0x2f,0x07,0x70,0x2f,0x07,0x70,0x2f,0x07,0x70,0x2f,0x07,0x70,0x0e,0x1f,0x08,0x70,0x0c,0x1f,0x0d,0x02,0x60,0x07,
    0x3f,0x0e,0x0f,0x01,0x30,0x01,0x0d,0x4f,0x01,0x40,0x01,0x09,0x0d,0x0f,0x0e,0x0c,0x01,0x20,0x2f,0x07,0x70,0x07,0x2f,0x40,
    0x2f,0x07,0x70,0x07,0x2f,0x40,0x2f,0x07,0x70,0x07,0x2f,0x40,0x2f,0x07,0x70,0x07,0x2f,0x40,0x2f,0x07,0x70,0x07,0x2f,0x40,
    0x2f,0x07,0x70,0x07,0x2f,0x40,0x2f,0x07,0x70,0x07,0x2f,0x40,0x2f,0x07,0x70,0x07,0x2f,0x40,0x2f,0x07,0x70,0x07,0x2f,0x40,
    0x2f,0x07,0x70,0x07,0x2f,0x40,0x2f,0x07,0x70,0x07,0x2f,0x40,0x2f,0x07,0x70,0x07,0x2f,0x40,0x2f,0x07,0x70,0x07,0x2f,0x40,
    0x2f,0x07,0x70,0x07,0x2f,0x40,0x0e,0x1f,0x08,0x70,0x0b,0x2f,0x40,0x0c,0x1f,0x0b,0x70,0x3f,0x40,0x09,0x2f,0x02,0x50,0x06,
    0x3f,0x40,0x04,0x2f,0x0d,0x04,0x20,0x03,0x0a,0x4f,0x50,0x0a,0x4f,0x0e,0x7f,0x50,0x01,0x0b,0x7f,0x0a,0x07,0x2f,0x70,0x05,
    0x0b,0x0e,0x0f,0x0e,0x0d,0x09,0x03,0x00,0x07,0x2f,0x10,0x03,0x2f,0x04,0x80,0x0e,0x1f,0x08,0x00,0x0d,0x1f,0x09,0x70,0x04,
    0x2f,0x03,0x00,0x08,0x1f,0x0e,0x70,0x08,0x1f,0x0d,0x10,0x03,0x2f,0x04,0x60,0x0d,0x1f,0x08,0x20,0x0d,0x1f,0x08,0x50,0x03,
    0x2f,0x03,0x20,0x07,0x1f,0x0d,0x50,0x07,0x1f,0x0c,0x30,0x02,0x2f,0x03,0x40,0x0c,0x1f,0x07,0x40,0x0c,0x1f,0x08,0x30,0x02,
    0x2f,0x02,0x40,0x07,0x1f,0x0d,0x30,0x06,0x1f,0x0c,0x50,0x02,0x2f,0x02,0x20,0x0b,0x1f,0x07,0x60,0x0b,0x1f,0x07,0x10,0x01,
    0x2f,0x02,0x60,0x06,0x1f,0x0c,0x10,0x05,0x1f,0x0b,0x70,0x01,0x2f,0x02,0x00,0x0a,0x1f,0x06,0x80,0x0b,0x1f,0x06,0x00,0x0e,
    0x1f,0x01,0x80,0x05,0x1f,0x0b,0x04,0x1f,0x0b,0x90,0x01,0x2f,0x0a,0x1f,0x06,0xa0,0x0a,0x4f,0x01,0xa0,0x05,0x3f,0x0b,0xc0,
    0x0e,0x2f,0x05,0xc0,0x09,0x2f,0x01,0xc0,0x04,0x1f,0x0c,0x60,0x01,0x2f,0x05,0x60,0x04,0x1f,0x0c,0x70,0x0d,0x1f,0x08,0x10,
    0x0c,0x1f,0x09,0x60,0x09,0x2f,0x01,0x50,0x02,0x2f,0x04,0x10,0x08,0x1f,0x0d,0x60,0x0d,0x2f,0x06,0x50,0x05,0x1f,0x0e,0x20,
    0x03,0x2f,0x02,0x40,0x03,0x3f,0x0a,0x50,0x09,0x1f,0x0a,0x30,0x0e,0x1f,0x05,0x40,0x07,0x3f,0x0e,0x50,0x0d,0x1f,0x06,0x30,
    0x0a,0x1f,0x09,0x40,0x0c,0x1f,0x0c,0x1f,0x04,0x30,0x01,0x2f,0x02,0x30,0x06,0x1f,0x0d,0x30,0x01,0x1f,0x0b,0x06,0x1f,0x08,
    0x30,0x05,0x1f,0x0d,0x40,0x02,0x2f,0x02,0x20,0x06,0x1f,0x07,0x01,0x1f,0x0d,0x30,0x08,0x1f,0x09,0x50,0x0d,0x1f,0x06,0x20,
    0x0a,0x1f,0x02,0x00,0x0c,0x1f,0x02,0x20,0x0c,0x1f,0x05,0x50,0x09,0x1f,0x09,0x20,0x0e,0x0f,0x0d,0x10,0x07,0x1f,0x07,0x10,
    0x01,0x2f,0x01,0x50,0x04,0x1f,0x0d,0x10,0x04,0x1f,0x08,0x10,0x02,0x1f,0x0b,0x10,0x04,0x1f,0x0b,0x60,0x01,0x2f,0x02,0x00,
    0x09,0x1f,0x04,0x20,0x0d,0x1f,0x01,0x00,0x08,0x1f,0x07,0x70,0x0b,0x1f,0x06,0x00,0x0d,0x0f,0x0e,0x30,0x08,0x1f,0x05,0x00,
    0x0c,0x1f,0x03,0x70,0x07,0x1f,0x09,0x03,0x1f,0x0a,0x30,0x04,0x1f,0x0a,0x01,0x1f,0x0e,0x80,0x03,0x1f,0x0d,0x07,0x1f,0x05,
    0x40,0x0e,0x0f,0x0e,0x04,0x1f,0x0a,0x90,0x0e,0x1f,0x0d,0x1f,0x01,0x40,0x09,0x1f,0x0b,0x1f,0x06,0x90,0x09,0x3f,0x0c,0x50,
    0x05,0x4f,0x01,0x90,0x05,0x3f,0x07,0x50,0x01,0x3f,0x0c,0xa0,0x01,0x3f,0x03,0x60,0x0b,0x2f,0x08,0xb0,0x0c,0x1f,0x0d,0x70,
    0x06,0x2f,0x04,0xb0,0x08,0x1f,0x09,0x70,0x01,0x2f,0x60,0x00,0x0b,0x2f,0x03,0x60,0x08,0x2f,0x07,0x10,0x02,0x0e,0x1f,0x0c,
    0x50,0x02,0x2f,0x0d,0x30,0x07,0x2f,0x06,0x40,0x0a,0x2f,0x03,0x40,0x0c,0x1f,0x0e,0x01,0x20,0x04,0x2f,0x09,0x50,0x03,0x2f,
    0x08,0x20,0x0c,0x1f,0x0e,0x01,0x60,0x08,0x2f,0x02,0x00,0x06,0x2f,0x05,0x70,0x01,0x0d,0x1f,0x0a,0x01,0x0e,0x1f,0x0a,0x90,
    0x04,0x2f,0x0b,0x1f,0x0e,0x02,0xa0,0x0a,0x4f,0x06,0xb0,0x01,0x0e,0x2f,0x0c,0xd0,0x0a,0x2f,0x06,0xc0,0x03,0x3f,0x0e,0x01,
    0xb0,0x0c,0x4f,0x09,0xa0,0x07,0x2f,0x08,0x2f,0x04,0x80,0x02,0x0e,0x1f,0x09,0x00,0x0c,0x1f,0x0d,0x80,0x0b,0x1f,0x0e,0x01,
    0x00,0x03,0x2f,0x08,0x60,0x06,0x2f,0x06,0x20,0x09,0x2f,0x03,0x40,0x01,0x0e,0x1f,0x0c,0x30,0x01,0x0e,0x1f,0x0c,0x40,0x0a,
    0x2f,0x04,0x40,0x06,0x2f,0x06,0x20,0x04,0x2f,0x0a,0x60,0x0c,0x1f,0x0e,0x02,0x00,0x01,0x0d,0x1f,0x0e,0x02,0x60,0x04,0x2f,
    0x0a,0x00,0x06,0x2f,0x05,0x70,0x05,0x2f,0x05,0x01,0x2f,0x0a,0x70,0x09,0x1f,0x0e,0x01,0x00,0x0b,0x1f,0x0e,0x70,0x0e,0x1f,
    0x0a,0x10,0x06,0x2f,0x04,0x50,0x03,0x2f,0x05,0x10,0x01,0x2f,0x09,0x50,0x08,0x1f,0x0e,0x01,0x20,0x0a,0x1f,0x0e,0x50,0x0c,
    0x1f,0x0a,0x30,0x05,0x2f,0x04,0x30,0x02,0x2f,0x05,0x40,0x0e,0x1f,0x09,0x30,0x06,0x1f,0x0e,0x50,0x0a,0x1f,0x0d,0x30,0x0b,
    0x1f,0x0a,0x50,0x04,0x2f,0x03,0x10,0x01,0x0e,0x1f,0x05,0x60,0x0e,0x1f,0x08,0x10,0x05,0x1f,0x0e,0x70,0x09,0x1f,0x0d,0x10,
    0x09,0x1f,0x0a,0x70,0x04,0x2f,0x03,0x00,0x0e,0x1f,0x04,0x80,0x0d,0x1f,0x08,0x03,0x1f,0x0e,0x90,0x08,0x1f,0x0d,0x08,0x1f,
    0x09,0x90,0x03,0x5f,0x04,0xa0,0x0d,0x3f,0x0e,0xb0,0x08,0x3f,0x09,0xb0,0x02,0x3f,0x04,0xc0,0x0d,0x2f,0xd0,0x0d,0x1f,0x09,
    0xd0,0x0c,0x1f,0x04,0xc0,0x02,0x1f,0x0e,0xd0,0x07,0x1f,0x09,0xc0,0x01,0x0e,0x1f,0x03,0xb0,0x04,0x0d,0x1f,0x0b,0x90,0x06,
    0x0e,0x3f,0x0e,0x02,0x90,0x06,0x3f,0x0e,0x04,0xa0,0x05,0x0d,0x0f,0x0d,0x09,0x02,0xa0,0x10,0xef,0x07,0x20,0xef,0x07,0x20,
    0xad,0x3f,0x05,0xc0,0x03,0x2f,0x0b,0xc0,0x01,0x0d,0x1f,0x0d,0x01,0xc0,0x0a,0x2f,0x04,0xc0,0x06,0x2f,0x07,0xc0,0x02,0x0e,
    0x1f,0x0b,0xd0,0x0c,0x1f,0x0e,0x02,0xc0,0x08,0x2f,0x04,0xc0,0x04,0x2f,0x08,0xc0,0x01,0x0e,0x1f,0x0c,0xd0,0x0b,0x1f,0x0e,
    0x02,0xc0,0x07,0x2f,0x05,0xc0,0x03,0x2f,0x09,0xc0,0x01,0x0d,0x1f,0x0c,0x01,0xc0,0x09,0x1f,0x0e,0x02,0xc0,0x05,0x2f,0x06,
    0xd0,0x0e,0x2f,0xbd,0x20,0xff,0x20,0xff,0x00,0x90,0x04,0x06,0x80,0x04,0x0c,0x0f,0x0e,0x70,0x06,0x2f,0x0d,0x02,0x50,0x05,
    0x2f,0x08,0x70,0x0d,0x1f,0x09,0x70,0x06,0x2f,0x02,0x70,0x0a,0x1f,0x0c,0x80,0x0d,0x1f,0x09,0x80,0x0e,0x1f,0x08,0x80,0x2f,
    0x07,0x80,0x2f,0x07,0x80,0x2f,0x07,0x80,0x2f,0x07,0x70,0x01,0x2f,0x06,0x70,0x03,0x2f,0x04,0x70,0x07,0x2f,0x01,0x60,0x02,
    0x0e,0x1f,0x0a,0x50,0x05,0x08,0x0e,0x1f,0x0e,0x02,0x50,0x3f,0x0d,0x03,0x60,0x3f,0x0c,0x02,0x60,0x08,0x0b,0x2f,0x0d,0x01,
    0x70,0x04,0x2f,0x09,0x80,0x08,0x2f,0x01,0x70,0x03,0x2f,0x04,0x70,0x01,0x2f,0x06,0x80,0x2f,0x07,0x80,0x2f,0x07,0x80,0x2f,
    0x07,0x80,0x2f,0x07,0x80,0x0e,0x1f,0x07,0x80,0x0d,0x1f,0x08,0x80,0x0b,0x1f,0x0b,0x80,0x07,0x2f,0x01,0x70,0x01,0x0e,0x1f,
    0x08,0x80,0x07,0x2f,0x06,0x80,0x09,0x2f,0x0b,0x02,0x70,0x06,0x0e,0x1f,0x01,0x80,0x01,0x07,0x08,0x00,0x20,0x1f,0x0d,0x50,
    0x1f,0x0d,0x50,0x1f,0x0d,0x50,0x1f,0x0d,0x50,0x1f,0x0d,0x50,0x1f,0x0d,0x50,0x1f,0x0d,0x50,0x1f,0x0d,0x50,0x1f,0x0d,0x50,
    0x1f,0x0d,0x50,0x1f,0x0d,0x50,0x1f,0x0d,0x50,0x1f,0x0d,0x50,0x1f,0x0d,0x50,0x1f,0x0d,0x50,0x1f,0x0d,0x50,0x1f,0x0d,0x50,
    0x1f,0x0d,0x50,0x1f,0x0d,0x50,0x1f,0x0d,0x50,0x1f,0x0d,0x50,0x1f,0x0d,0x50,0x1f,0x0d,0x50,0x1f,0x0d,0x50,0x1f,0x0d,0x50,
    0x1f,0x0d,0x50,0x1f,0x0d,0x50,0x1f,0x0d,0x50,0x1f,0x0d,0x50,0x1f,0x0d,0x50,0x1f,0x0d,0x50,0x1f,0x0d,0x50,0x1f,0x0d,0x20,
    0x03,0x08,0x03,0x90,0x09,0x1f,0x0a,0x01,0x70,0x08,0x2f,0x0d,0x02,0x70,0x02,0x0d,0x1f,0x0c,0x80,0x03,0x2f,0x06,0x80,0x0a,
    0x1f,0x0d,0x80,0x05,0x2f,0x02,0x70,0x02,0x2f,0x05,0x70,0x01,0x2f,0x06,0x80,0x2f,0x07,0x80,0x2f,0x07,0x80,0x2f,0x07,0x80,
    0x2f,0x07,0x80,0x2f,0x07,0x80,0x0d,0x1f,0x09,0x80,0x0a,0x1f,0x0e,0x01,0x70,0x05,0x2f,0x09,0x80,0x0a,0x2f,0x0d,0x09,0x04,
    0x50,0x01,0x0a,0x3f,0x0e,0x60,0x07,0x4f,0x50,0x08,0x2f,0x0e,0x0b,0x05,0x40,0x03,0x2f,0x0b,0x01,0x60,0x09,0x2f,0x01,0x70,
    0x0d,0x1f,0x0a,0x80,0x0e,0x1f,0x08,0x80,0x2f,0x07,0x80,0x2f,0x07,0x80,0x2f,0x07,0x80,0x2f,0x07,0x80,0x2f,0x06,0x70,0x02,
    0x2f,0x05,0x70,0x04,0x2f,0x02,0x70,0x09,0x1f,0x0e,0x70,0x02,0x0e,0x1f,0x08,0x60,0x01,0x0c,0x1f,0x0d,0x01,0x50,0x06,0x0d,
    0x1f,0x0e,0x03,0x60,0x09,0x1f,0x0c,0x03,0x70,0x04,0x0b,0x05,0x90,0x40,0x04,0x0a,0x0d,0x0c,0x0a,0x03,0x80,0x26,0x03,0x50,
    0x09,0x5f,0x09,0x01,0x50,0x01,0x2f,0x06,0x40,0x08,0x7f,0x0c,0x01,0x40,0x04,0x2f,0x03,0x30,0x02,0x2f,0x0c,0x03,0x01,0x04,
    0x0c,0x1f,0x0c,0x01,0x30,0x0b,0x1f,0x0e,0x40,0x08,0x2f,0x02,0x30,0x0a,0x1f,0x0d,0x04,0x10,0x08,0x2f,0x08,0x40,0x0c,0x1f,
    0x0a,0x50,0x09,0x2f,0x0e,0x3f,0x0d,0x01,0x40,0x0e,0x1f,0x08,0x60,0x07,0x5f,0x0e,0x03,0x50,0x26,0x03,0x70,0x03,0x0a,0x0d,
    0x0f,0x0d,0x08,0x01,0xf0,0xf0,0xf0,0xf0,0xf0,0xf0,0xf0,0xf0,0xf0,0xf0,0xf0,0xf0,0xf0,0x40,0x20,0x05,0x1e,0x05,0x40,0x0e,
    0x1f,0x0e,0x40,0x0e,0x1f,0x0e,0x40,0x05,0x1e,0x05,0xf0,0xf0,0x80,0x07,0x2f,0x40,0x07,0x2f,0x40,0x07,0x2f,0x40,0x07,0x2f,
    0x40,0x07,0x2f,0x40,0x07,0x2f,0x40,0x07,0x2f,0x40,0x07,0x2f,0x40,0x07,0x2f,0x40,0x07,0x2f,0x40,0x07,0x2f,0x40,0x07,0x2f,
    0x40,0x07,0x2f,0x40,0x07,0x2f,0x40,0x07,0x2f,0x40,0x07,0x2f,0x40,0x07,0x2f,0x40,0x07,0x2f,0x40,0x07,0x2f,0x40,0x07,0x2f,
    0x10,0x80,0x28,0x03,0xf0,0x00,0x2f,0x07,0xf0,0x00,0x2f,0x07,0xf0,0x00,0x2f,0x07,0xf0,0x00,0x2f,0x07,0xe0,0x05,0x0a,0x3f,
    0x0a,0x04,0xa0,0x03,0x0d,0x7f,0x0c,0x02,0x70,0x04,0x3f,0x0d,0x1b,0x0e,0x2f,0x0e,0x03,0x50,0x02,0x0e,0x1f,0x0d,0x04,0x30,
    0x06,0x2f,0x0d,0x01,0x40,0x0b,0x1f,0x0d,0x01,0x50,0x05,0x2f,0x07,0x30,0x02,0x2f,0x05,0x70,0x0b,0x1f,0x0c,0x30,0x08,0x1f,
    0x0e,0x80,0x06,0x1f,0x0e,0x30,0x0b,0x1f,0x0a,0x80,0x01,0x23,0x30,0x0d,0x1f,0x08,0xf0,0x00,0x0e,0x1f,0x07,0xf0,0x00,0x2f,
    0x07,0xf0,0x00,0x0e,0x1f,0x08,0xf0,0x00,0x0d,0x1f,0x09,0xf0,0x00,0x0b,0x1f,0x0b,0xf0,0x00,0x08,0x1f,0x0e,0x01,0x70,0x05,
    0x1d,0x0c,0x30,0x02,0x2f,0x06,0x70,0x0a,0x1f,0x0c,0x40,0x0b,0x1f,0x0e,0x03,0x50,0x05,0x2f,0x07,0x40,0x02,0x0e,0x1f,0x0e,
    0x06,0x01,0x10,0x02,0x08,0x2f,0x0c,0x60,0x05,0x4f,0x1e,0x3f,0x0d,0x02,0x70,0x04,0x0d,0x7f,0x0a,0x01,0xa0,0x05,0x0a,0x3f,
    0x09,0x03,0xe0,0x2f,0x07,0xf0,0x00,0x2f,0x07,0xf0,0x00,0x2f,0x07,0xf0,0x00,0x2f,0x07,0xf0,0x00,0x28,0x03,0x70,0x80,0x04,
    0x09,0x0c,0x1e,0x0d,0x0a,0x04,0xb0,0x01,0x0b,0x7f,0x0b,0x01,0x80,0x01,0x0d,0x3f,0x0e,0x4f,0x0c,0x80,0x0b,0x2f,0x09,0x02,
    0x10,0x03,0x0c,0x2f,0x08,0x60,0x04,0x2f,0x08,0x50,0x0c,0x1f,0x0e,0x60,0x09,0x1f,0x0e,0x60,0x05,0x2f,0x03,0x50,0x0d,0x1f,
    0x0a,0x60,0x01,0x2f,0x05,0x50,0x0e,0x1f,0x08,0x70,0x24,0x02,0x50,0x2f,0x07,0xf0,0x10,0x2f,0x07,0xf0,0x10,0x2f,0x07,0xf0,
    0x10,0x2f,0x07,0xf0,0x10,0x2f,0x07,0xe0,0x2d,0x3f,0x4d,0x04,0x80,0xbf,0x05,0x80,0xbf,0x05,0xb0,0x2f,0x07,0xf0,0x10,0x2f,
    0x07,0xf0,0x10,0x2f,0x07,0xf0,0x10,0x2f,0x07,0xf0,0x10,0x2f,0x06,0xf0,0x00,0x01,0x2f,0x05,0xf0,0x00,0x03,0x2f,0x04,0xf0,
    0x00,0x07,0x2f,0x01,0xf0,0x01,0x0d,0x1f,0x0a,0xf0,0x0d,0x4f,0xcd,0x20,0xff,0x2f,0x20,0xff,0x2f,0x00,0x30,0x02,0x01,0xf0,
    0x01,0x03,0x50,0x03,0x0e,0x0d,0x02,0x20,0x04,0x08,0x0b,0x1d,0x0b,0x08,0x04,0x20,0x01,0x0c,0x0e,0x03,0x30,0x04,0x0e,0x1f,
    0x0d,0x02,0x04,0x0c,0x7f,0x0c,0x04,0x01,0x0c,0x1f,0x0e,0x03,0x20,0x02,0x0d,0xff,0x3f,0x0e,0x03,0x30,0x02,0x0d,0x4f,0x0e,
    0x08,0x03,0x11,0x03,0x08,0x0e,0x4f,0x0e,0x03,0x50,0x02,0x3f,0x0c,0x02,0x50,0x02,0x0c,0x3f,0x03,0x60,0x03,0x2f,0x0c,0x01,
    0x70,0x01,0x0c,0x2f,0x03,0x60,0x0b,0x1f,0x0e,0x02,0x90,0x02,0x0e,0x1f,0x0b,0x50,0x03,0x2f,0x07,0xb0,0x07,0x2f,0x03,0x40,
    0x07,0x2f,0x01,0xb0,0x01,0x2f,0x07,0x40,0x0b,0x1f,0x0b,0xd0,0x0c,0x1f,0x0b,0x40,0x0d,0x1f,0x08,0xd0,0x08,0x1f,0x0d,0x40,
    0x0e,0x1f,0x07,0xd0,0x07,0x1f,0x0e,0x40,0x0e,0x1f,0x07,0xd0,0x07,0x1f,0x0e,0x40,0x0d,0x1f,0x08,0xd0,0x08,0x1f,0x0d,0x40,
    0x0b,0x1f,0x0b,0xd0,0x0b,0x1f,0x0b,0x40,0x07,0x2f,0x01,0xb0,0x01,0x2f,0x07,0x40,0x03,0x2f,0x07,0xb0,0x07,0x2f,0x03,0x50,
    0x0b,0x1f,0x0e,0x01,0x90,0x01,0x0e,0x1f,0x0c,0x60,0x04,0x2f,0x0b,0x90,0x0b,0x2f,0x04,0x60,0x05,0x3f,0x0a,0x01,0x50,0x01,
    0x0a,0x3f,0x07,0x50,0x05,0x5f,0x0d,0x06,0x01,0x10,0x01,0x06,0x0d,0x5f,0x07,0x30,0x05,0x9f,0x1e,0x9f,0x06,0x20,0x01,0x0c,
    0x1f,0x09,0x00,0x06,0x0e,0x7f,0x0e,0x06,0x00,0x0a,0x1f,0x0e,0x03,0x30,0x01,0x0b,0x08,0x20,0x01,0x05,0x0a,0x0d,0x1e,0x0d,
    0x0a,0x05,0x01,0x20,0x0a,0x0e,0x03,0xf0,0x80,0x02,0x20,0x0b,0x2f,0x05,0x90,0x0b,0x2f,0x13,0x2f,0x0c,0x80,0x03,0x2f,0x0b,
    0x10,0x0b,0x2f,0x03,0x70,0x09,0x2f,0x03,0x10,0x03,0x2f,0x0a,0x60,0x01,0x2f,0x0b,0x30,0x0b,0x2f,0x02,0x50,0x08,0x2f,0x04,
    0x30,0x03,0x2f,0x08,0x40,0x01,0x0e,0x1f,0x0b,0x50,0x0b,0x1f,0x0e,0x01,0x30,0x06,0x2f,0x04,0x50,0x03,0x2f,0x07,0x30,0x0d,
    0x1f,0x0b,0x70,0x0b,0x1f,0x0d,0x20,0x04,0x2f,0x04,0x70,0x03,0x2f,0x05,0x10,0x0b,0x1f,0x0c,0x90,0x0b,0x1f,0x0c,0x00,0x03,
    0x2f,0x04,0x90,0x03,0x2f,0x04,0x09,0x1f,0x0c,0xb0,0x0b,0x1f,0x0c,0x2f,0x05,0xb0,0x03,0x4f,0x0c,0x80,0xef,0x08,0x30,0xef,
    0x08,0x30,0x56,0x3f,0x46,0x03,0x90,0x2f,0x07,0xf0,0x2f,0x07,0x90,0x5d,0x3f,0x4d,0x07,0x30,0xef,0x08,0x30,0xef,0x08,0x90,
    0x2f,0x07,0xf0,0x2f,0x07,0xf0,0x2f,0x07,0xf0,0x2f,0x07,0xf0,0x2f,0x07,0xf0,0x2f,0x07,0x70,0x20,0x2f,0x07,0x40,0x2f,0x07,
    0x40,0x2f,0x07,0x40,0x2f,0x07,0x40,0x2f,0x07,0x40,0x2f,0x07,0x40,0x2f,0x07,0x40,0x2f,0x07,0x40,0x2f,0x07,0x40,0x2f,0x07,
    0x40,0x2f,0x07,0x40,0x2f,0x07,0x40,0x2f,0x07,0x40,0x2f,0x07,0xf0,0xf0,0x2f,0x07,0x40,0x2f,0x07,0x40,0x2f,0x07,0x40,0x2f,
    0x07,0x40,0x2f,0x07,0x40,0x2f,0x07,0x40,0x2f,0x07,0x40,0x2f,0x07,0x40,0x2f,0x07,0x40,0x2f,0x07,0x40,0x2f,0x07,0x40,0x2f,
    0x07,0x40,0x2f,0x07,0x40,0x2f,0x07,0x40,0x2f,0x07,0x10,0x60,0x03,0x08,0x0b,0x0e,0x0f,0x0e,0x0d,0x0b,0x07,0x02,0xa0,0x02,
    0x0b,0x9f,0x09,0x01,0x70,0x03,0x0e,0x4f,0x1e,0x4f,0x0d,0x01,0x50,0x01,0x0e,0x2f,0x0a,0x04,0x20,0x01,0x06,0x0d,0x2f,0x0b,
    0x50,0x08,0x2f,0x06,0x60,0x01,0x0c,0x2f,0x05,0x40,0x0c,0x1f,0x0b,0x80,0x02,0x2f,0x0a,0x40,0x0e,0x1f,0x07,0x90,0x0a,0x1f,
    0x0d,0x40,0x0e,0x1f,0x07,0x90,0x07,0x1f,0x0e,0x40,0x0d,0x1f,0x0b,0xf0,0x20,0x09,0x2f,0x07,0xf0,0x10,0x03,0x3f,0x0b,0x04,
    0xf0,0x00,0x07,0x5f,0x09,0x04,0xd0,0x05,0x7f,0x0e,0x0a,0x04,0x90,0x07,0xbf,0x0d,0x06,0x60,0x03,0x3f,0x08,0x04,0x06,0x0a,
    0x0e,0x5f,0x0c,0x02,0x40,0x0a,0x2f,0x04,0x30,0x01,0x05,0x0a,0x4f,0x0d,0x01,0x30,0x0e,0x1f,0x0a,0x70,0x02,0x08,0x3f,0x0a,
    0x30,0x2f,0x07,0x90,0x03,0x0e,0x2f,0x01,0x20,0x0e,0x1f,0x08,0xa0,0x05,0x2f,0x05,0x20,0x0b,0x1f,0x0c,0xa0,0x01,0x2f,0x06,
    0x20,0x06,0x2f,0x08,0x90,0x01,0x2f,0x06,0x30,0x0c,0x2f,0x0c,0x05,0x01,0x60,0x05,0x2f,0x03,0x30,0x02,0x0d,0x3f,0x0e,0x0a,
    0x05,0x01,0x20,0x02,0x0d,0x1f,0x0c,0x50,0x01,0x0a,0x6f,0x0c,0x0a,0x09,0x0e,0x1f,0x0e,0x03,0x70,0x03,0x0a,0x9f,0x0c,0x03,
    0xa0,0x01,0x06,0x0a,0x0e,0x5f,0x07,0xe0,0x01,0x05,0x0a,0x4f,0x07,0xf0,0x00,0x02,0x09,0x3f,0x03,0xf0,0x10,0x05,0x2f,0x09,
    0x30,0x08,0x19,0x04,0xa0,0x0a,0x1f,0x0d,0x30,0x0e,0x1f,0x08,0xa0,0x07,0x1f,0x0e,0x30,0x0c,0x1f,0x0c,0xa0,0x08,0x1f,0x0e,
    0x30,0x07,0x2f,0x04,0x90,0x0d,0x1f,0x0c,0x30,0x02,0x0e,0x1f,0x0e,0x04,0x70,0x0a,0x2f,0x07,0x40,0x07,0x3f,0x0a,0x05,0x02,
    0x00,0x01,0x02,0x06,0x0d,0x2f,0x0d,0x01,0x50,0x08,0xcf,0x0d,0x03,0x70,0x04,0x0c,0x9f,0x0a,0x01,0xa0,0x03,0x07,0x0a,0x0c,
    0x1d,0x0c,0x0a,0x06,0x01,0x50,0x10,0x05,0x1e,0x05,0x30,0x05,0x1e,0x05,0x30,0x0e,0x1f,0x0e,0x30,0x0e,0x1f,0x0d,0x30,0x0e,
    0x1f,0x0e,0x30,0x0e,0x1f,0x0e,0x30,0x05,0x1e,0x05,0x30,0x05,0x1e,0x05,0xf0,0xf0,0xf0,0xf0,0xf0,0xf0,0xf0,0xf0,0xf0,0xf0,
    0xf0,0xf0,0xf0,0xf0,0xf0,0xf0,0xf0,0xf0,0xf0,0xf0,0xf0,0xf0,0xf0,0xf0,0x10,0xc0,0x01,0x12,0x01,0xf0,0x60,0x04,0x09,0x0d,
    0x3f,0x0e,0x0a,0x05,0xf0,0x10,0x03,0x0c,0x9f,0x0d,0x05,0xe0,0x08,0x2f,0x0a,0x05,0x02,0x11,0x02,0x05,0x0a,0x0e,0x1f,0x0a,
    0x01,0xa0,0x01,0x0a,0x1f,0x0a,0x02,0x70,0x01,0x09,0x1f,0x0c,0x01,0x90,0x0a,0x1f,0x06,0xb0,0x04,0x0e,0x0f,0x0c,0x80,0x06,
    0x1f,0x05,0x20,0x03,0x09,0x0d,0x0f,0x0e,0x0c,0x08,0x01,0x20,0x03,0x0e,0x0f,0x09,0x60,0x01,0x0e,0x0f,0x08,0x20,0x07,0x6f,
    0x0e,0x04,0x20,0x06,0x1f,0x03,0x50,0x08,0x0f,0x0c,0x20,0x06,0x3f,0x0e,0x3f,0x0e,0x02,0x20,0x0b,0x0f,0x0a,0x40,0x01,0x0e,
    0x0f,0x05,0x10,0x01,0x0e,0x1f,0x0a,0x02,0x10,0x04,0x0d,0x1f,0x08,0x20,0x03,0x1f,0x02,0x30,0x06,0x0f,0x0d,0x20,0x06,0x1f,
    0x0b,0x40,0x03,0x1f,0x0c,0x30,0x0c,0x0f,0x08,0x30,0x09,0x0f,0x09,0x20,0x0a,0x1f,0x05,0x50,0x0e,0x0f,0x0e,0x30,0x07,0x0f,
    0x0b,0x30,0x0c,0x0f,0x05,0x20,0x0b,0x1f,0x01,0x50,0x22,0x30,0x03,0x0f,0x0e,0x30,0x0e,0x0f,0x04,0x20,0x0d,0x1f,0xd0,0x02,
    0x1f,0x01,0x20,0x1f,0x03,0x20,0x0d,0x1f,0xd0,0x01,0x1f,0x02,0x20,0x1f,0x03,0x20,0x0d,0x1f,0xd0,0x01,0x1f,0x02,0x20,0x0e,
    0x0f,0x04,0x20,0x0b,0x1f,0x01,0x50,0x02,0x13,0x30,0x02,0x1f,0x01,0x20,0x0c,0x0f,0x06,0x20,0x0a,0x1f,0x05,0x50,0x0e,0x0f,
    0x0e,0x30,0x04,0x0f,0x0e,0x30,0x09,0x0f,0x0a,0x20,0x06,0x1f,0x0b,0x40,0x03,0x1f,0x0c,0x30,0x08,0x0f,0x0b,0x30,0x05,0x0f,
    0x0e,0x20,0x01,0x0e,0x1f,0x0a,0x02,0x10,0x04,0x0d,0x1f,0x08,0x30,0x0d,0x0f,0x07,0x40,0x0e,0x0f,0x06,0x20,0x05,0x3f,0x0e,
    0x3f,0x0e,0x02,0x20,0x05,0x1f,0x02,0x40,0x07,0x0f,0x0d,0x01,0x20,0x07,0x6f,0x0e,0x04,0x30,0x0c,0x0f,0x09,0x50,0x01,0x0e,
    0x0f,0x0a,0x30,0x03,0x09,0x0d,0x0f,0x0e,0x0c,0x08,0x01,0x30,0x08,0x1f,0x02,0x60,0x04,0x1f,0x07,0xd0,0x05,0x1f,0x06,0x80,
    0x08,0x1f,0x09,0xb0,0x07,0x1f,0x0a,0xa0,0x08,0x1f,0x0c,0x04,0x70,0x03,0x0b,0x1f,0x0a,0xc0,0x06,0x0e,0x1f,0x0d,0x08,0x05,
    0x13,0x05,0x07,0x0c,0x2f,0x08,0xe0,0x02,0x0a,0x9f,0x0b,0x03,0xf0,0x10,0x02,0x07,0x0b,0x0d,0x1f,0x0e,0x0b,0x08,0x03,0x90,
    0x40,0x03,0x09,0x0d,0x0f,0x0e,0x0c,0x06,0x80,0x08,0x6f,0x0b,0x60,0x05,0x2f,0x0e,0x0b,0x0c,0x2f,0x08,0x50,0x0c,0x1f,0x0b,
    0x01,0x10,0x07,0x1f,0x0e,0x50,0x0c,0x0e,0x0f,0x04,0x20,0x02,0x2f,0x01,0xc0,0x2f,0x02,0xa0,0x11,0x2f,0x02,0x50,0x01,0x07,
    0x0b,0x0e,0x5f,0x02,0x40,0x02,0x0d,0x8f,0x02,0x40,0x0a,0x1f,0x0d,0x04,0x01,0x10,0x2f,0x02,0x40,0x0e,0x1f,0x04,0x30,0x2f,
    0x02,0x40,0x0e,0x1f,0x06,0x20,0x06,0x2f,0x03,0x40,0x0b,0x2f,0x0c,0x0b,0x0d,0x3f,0x03,0x40,0x03,0x5f,0x0d,0x0e,0x1f,0x05,
    0x50,0x03,0x0a,0x0e,0x0f,0x0d,0x09,0x01,0x07,0x1b,0x06,0xf0,0xf0,0xf0,0xf0,0xf0,0xf0,0xf0,0xf0,0xf0,0xf0,0xf0,0xf0,0xd0,
    0x50,0x01,0x0e,0x0f,0x0a,0x10,0x01,0x0d,0x0f,0x0c,0x70,0x0b,0x0f,0x0e,0x02,0x10,0x09,0x1f,0x03,0x60,0x06,0x1f,0x07,0x10,
    0x04,0x1f,0x09,0x60,0x02,0x1f,0x0d,0x10,0x01,0x0e,0x0f,0x0e,0x01,0x60,0x0c,0x1f,0x04,0x10,0x0a,0x1f,0x06,0x60,0x08,0x1f,
    0x0a,0x10,0x06,0x1f,0x0c,0x60,0x04,0x1f,0x0e,0x01,0x00,0x02,0x0e,0x1f,0x03,0x50,0x01,0x2f,0x07,0x10,0x0e,0x1f,0x0a,0x70,
    0x0c,0x1f,0x09,0x10,0x0a,0x1f,0x0b,0x70,0x02,0x0e,0x1f,0x04,0x00,0x01,0x0c,0x1f,0x06,0x70,0x04,0x1f,0x0d,0x01,0x00,0x02,
    0x0e,0x0f,0x0e,0x02,0x70,0x06,0x1f,0x09,0x10,0x04,0x1f,0x0b,0x80,0x0a,0x1f,0x04,0x10,0x07,0x1f,0x07,0x70,0x01,0x0c,0x0f,
    0x0e,0x01,0x10,0x0a,0x0f,0x0e,0x02,0x70,0x02,0x0e,0x0f,0x0a,0x10,0x01,0x0d,0x0f,0x0c,0xf0,0xf0,0xf0,0x70,0x10,0xed,0x06,
    0x40,0xef,0x0a,0x40,0xef,0x0d,0xf0,0x00,0x2f,0x07,0xf0,0x00,0x2f,0x07,0xf0,0x00,0x2f,0x07,0xf0,0x00,0x2f,0x07,0xf0,0x00,
    0x2f,0x07,0xf0,0xf0,0xf0,0xf0,0xf0,0xf0,0xf0,0xf0,0xf0,0x50,0xc0,0x01,0x12,0x01,0xf0,0x60,0x04,0x09,0x0d,0x3f,0x0e,0x0a,
    0x05,0xf0,0x10,0x03,0x0c,0x9f,0x0d,0x05,0xe0,0x08,0x2f,0x0a,0x05,0x02,0x11,0x02,0x05,0x0a,0x0e,0x1f,0x0a,0x01,0xa0,0x01,
    0x0a,0x1f,0x0a,0x02,0x70,0x01,0x09,0x1f,0x0c,0x01,0x90,0x0a,0x1f,0x06,0xb0,0x04,0x0e,0x0f,0x0c,0x80,0x06,0x1f,0x05,0x10,
    0x5d,0x0c,0x08,0x03,0x20,0x03,0x0e,0x0f,0x09,0x60,0x01,0x0e,0x0f,0x08,0x20,0x8f,0x08,0x20,0x06,0x1f,0x03,0x50,0x08,0x0f,
    0x0c,0x30,0x9f,0x05,0x20,0x0a,0x0f,0x0b,0x40,0x01,0x0e,0x0f,0x05,0x30,0x1f,0x0d,0x20,0x02,0x09,0x1f,0x0c,0x20,0x03,0x1f,
    0x03,0x30,0x06,0x0f,0x0d,0x40,0x1f,0x0d,0x40,0x0e,0x0f,0x0e,0x30,0x0b,0x0f,0x08,0x30,0x09,0x0f,0x09,0x40,0x1f,0x0d,0x40,
    0x0e,0x0f,0x0e,0x30,0x07,0x0f,0x0c,0x30,0x0c,0x0f,0x05,0x40,0x1f,0x0d,0x20,0x01,0x09,0x1f,0x0b,0x30,0x03,0x0f,0x0e,0x30,
    0x0e,0x0f,0x04,0x40,0x2f,0x1d,0x0e,0x2f,0x0e,0x03,0x30,0x02,0x1f,0x01,0x20,0x1f,0x03,0x40,0x8f,0x04,0x40,0x01,0x1f,0x02,
    0x20,0x1f,0x03,0x40,0x8f,0x0d,0x01,0x30,0x01,0x1f,0x02,0x20,0x0e,0x0f,0x04,0x40,0x1f,0x0d,0x20,0x02,0x0a,0x1f,0x08,0x30,
    0x02,0x1f,0x01,0x20,0x0c,0x0f,0x06,0x40,0x1f,0x0d,0x30,0x01,0x1f,0x0d,0x30,0x04,0x0f,0x0e,0x30,0x09,0x0f,0x0a,0x40,0x1f,
    0x0d,0x40,0x0d,0x1f,0x30,0x08,0x0f,0x0b,0x30,0x05,0x0f,0x0e,0x40,0x1f,0x0d,0x40,0x0d,0x1f,0x30,0x0d,0x0f,0x07,0x40,0x0e,
    0x0f,0x06,0x30,0x1f,0x0d,0x40,0x0d,0x1f,0x20,0x04,0x1f,0x02,0x40,0x07,0x0f,0x0d,0x01,0x20,0x1f,0x0d,0x40,0x0c,0x1f,0x02,
    0x10,0x0c,0x0f,0x09,0x50,0x01,0x0e,0x0f,0x0a,0x20,0x18,0x07,0x40,0x06,0x18,0x02,0x00,0x08,0x1f,0x02,0x60,0x04,0x1f,0x07,
    0xd0,0x05,0x1f,0x06,0x80,0x08,0x1f,0x09,0xb0,0x07,0x1f,0x0a,0xa0,0x08,0x1f,0x0d,0x04,0x70,0x03,0x0b,0x1f,0x0a,0xc0,0x06,
    0x0e,0x1f,0x0d,0x08,0x05,0x13,0x05,0x07,0x0c,0x2f,0x08,0xe0,0x02,0x0a,0x9f,0x0b,0x03,0xf0,0x10,0x02,0x07,0x0b,0x0d,0x1f,
    0x0e,0x0b,0x08,0x03,0x90,0x20,0xbd,0x40,0xbf,0x40,0xbf,0xf0,0xf0,0xf0,0xf0,0xf0,0xf0,0xf0,0xf0,0xf0,0xf0,0xf0,0xf0,0xf0,
    0xf0,0xf0,0xf0,0xf0,0xf0,0xf0,0xf0,0xf0,0xf0,0xf0,0xf0,0xf0,0xf0,0xa0,0x30,0x06,0x0c,0x0e,0x0d,0x07,0x70,0x09,0x4f,0x0b,
    0x50,0x05,0x2f,0x0e,0x2f,0x07,0x40,0x0b,0x0f,0x0d,0x03,0x00,0x01,0x0b,0x0f,0x0e,0x40,0x0e,0x0f,0x04,0x20,0x02,0x1f,0x01,
    0x30,0x0e,0x0f,0x04,0x20,0x02,0x1f,0x01,0x30,0x0c,0x0f,0x0c,0x02,0x00,0x01,0x0b,0x0f,0x0e,0x40,0x05,0x2f,0x0e,0x2f,0x08,
    0x50,0x09,0x4f,0x0c,0x70,0x06,0x0c,0x0e,0x0d,0x08,0xf0,0xf0,0xf0,0xf0,0xf0,0xf0,0xf0,0xf0,0xf0,0xf0,0xf0,0xf0,0xf0,0xf0,
    0xf0,0xf0,0x00,0x70,0x2f,0x07,0xf0,0x2f,0x07,0xf0,0x2f,0x07,0xf0,0x2f,0x07,0xf0,0x2f,0x07,0xf0,0x2f,0x07,0xf0,0x2f,0x07,
    0xf0,0x2f,0x07,0x80,0x08,0xff,0x08,0x10,0x08,0xff,0x08,0x10,0x07,0x5d,0x3f,0x5d,0x07,0x80,0x2f,0x07,0xf0,0x2f,0x07,0xf0,
    0x2f,0x07,0xf0,0x2f,0x07,0xf0,0x2f,0x07,0xf0,0x2f,0x07,0xf0,0x2f,0x07,0xf0,0x28,0x04,0xf0,0xf0,0xf0,0x10,0xed,0x40,0xef,
    0x40,0xef,0x20,0x20,0x03,0x0a,0x0d,0x0f,0x0e,0x0c,0x07,0x50,0x07,0x6f,0x0c,0x01,0x20,0x04,0x2f,0x0d,0x0b,0x0c,0x2f,0x09,
    0x20,0x0b,0x1f,0x0a,0x20,0x08,0x1f,0x0d,0x20,0x0e,0x1f,0x04,0x20,0x03,0x2f,0x90,0x06,0x1f,0x0c,0x80,0x02,0x0e,0x1f,0x05,
    0x70,0x02,0x0d,0x1f,0x09,0x70,0x03,0x0e,0x1f,0x0a,0x70,0x05,0x0e,0x1f,0x09,0x70,0x06,0x2f,0x07,0x70,0x08,0x1f,0x0e,0x04,
    0x70,0x0a,0x2f,0x0c,0x5a,0x20,0xaf,0x20,0xaf,0xf0,0xf0,0xf0,0xf0,0xf0,0xf0,0xf0,0xf0,0xf0,0xf0,0x90,0x20,0x05,0x0b,0x0e,
    0x0f,0x0e,0x0b,0x06,0x50,0x0b,0x6f,0x0c,0x01,0x20,0x08,0x2f,0x0d,0x0b,0x0d,0x2f,0x09,0x20,0x0d,0x1f,0x08,0x20,0x08,0x1f,
    0x0e,0x20,0x25,0x01,0x20,0x03,0x1f,0x0e,0x90,0x08,0x1f,0x0a,0x50,0x02,0x08,0x09,0x0b,0x1f,0x0c,0x01,0x50,0x06,0x3f,0x0e,
    0x02,0x60,0x02,0x07,0x08,0x0a,0x2f,0x04,0x90,0x04,0x1f,0x0d,0x20,0x27,0x01,0x20,0x01,0x2f,0x02,0x10,0x0d,0x1f,0x09,0x20,
    0x06,0x2f,0x01,0x10,0x08,0x2f,0x0d,0x0b,0x0c,0x2f,0x0b,0x30,0x0b,0x6f,0x0d,0x02,0x40,0x05,0x0b,0x0e,0x0f,0x0e,0x0b,0x07,
    0xf0,0xf0,0xf0,0xf0,0xf0,0xf0,0xf0,0xf0,0xf0,0xf0,0xb0,0x40,0x02,0x28,0x06,0x60,0x0c,0x1f,0x0e,0x03,0x50,0x07,0x2f,0x04,
    0x50,0x02,0x0e,0x1f,0x05,0x60,0x0b,0x1f,0x06,0x60,0x06,0x1f,0x07,0xf0,0xf0,0xf0,0xf0,0xf0,0xf0,0xf0,0xf0,0xf0,0xf0,0xf0,
    0xf0,0xf0,0xf0,0xf0,0xf0,0xf0,0xf0,0x50,0x20,0x2f,0x07,0x70,0x07,0x2f,0x50,0x2f,0x07,0x70,0x07,0x2f,0x50,0x2f,0x07,0x70,
    0x07,0x2f,0x50,0x2f,0x07,0x70,0x07,0x2f,0x50,0x2f,0x07,0x70,0x07,0x2f,0x50,0x2f,0x07,0x70,0x07,0x2f,0x50,0x2f,0x07,0x70,
    0x07,0x2f,0x50,0x2f,0x07,0x70,0x07,0x2f,0x50,0x2f,0x07,0x70,0x07,0x2f,0x50,0x2f,0x07,0x70,0x07,0x2f,0x50,0x2f,0x07,0x70,
    0x07,0x2f,0x50,0x2f,0x07,0x70,0x07,0x2f,0x50,0x2f,0x0d,0x70,0x07,0x2f,0x50,0x2f,0x0e,0x70,0x07,0x2f,0x50,0x3f,0x70,0x0b,
    0x2f,0x50,0x3f,0x70,0x3f,0x50,0x3f,0x05,0x50,0x04,0x3f,0x50,0x3f,0x0e,0x05,0x01,0x10,0x02,0x08,0x4f,0x50,0x6f,0x1e,0x2f,
    0x0d,0x2f,0x50,0xaf,0x0b,0x04,0x2f,0x50,0x2f,0x07,0x05,0x0b,0x0e,0x0f,0x0e,0x0b,0x06,0x00,0x02,0x2f,0x50,0x2f,0x07,0xf0,
    0x10,0x2f,0x07,0xf0,0x10,0x2f,0x07,0xf0,0x10,0x2f,0x07,0xf0,0x10,0x2f,0x07,0xf0,0x10,0x2f,0x07,0xf0,0x10,0x2f,0x07,0xf0,
    0x10,0x2f,0x07,0xe0,0x50,0x04,0x09,0x0c,0x0e,0x4f,0x07,0x60,0x01,0x0b,0x8f,0x07,0x50,0x02,0x0d,0x9f,0x07,0x50,0x0c,0xaf,
    0x07,0x40,0x07,0xbf,0x07,0x40,0x0e,0xbf,0x07,0x30,0x03,0xcf,0x07,0x30,0x06,0xcf,0x07,0x30,0x07,0xcf,0x07,0x30,0x07,0xcf,
    0x07,0x30,0x06,0xcf,0x07,0x30,0x03,0xcf,0x07,0x40,0x0e,0xbf,0x07,0x40,0x08,0xbf,0x07,0x40,0x01,0x0d,0xaf,0x07,0x50,0x03,
    0x0e,0x9f,0x07,0x60,0x02,0x0c,0x8f,0x07,0x80,0x04,0x09,0x0d,0x0e,0x4f,0x07,0xe0,0x2f,0x07,0xe0,0x2f,0x07,0xe0,0x2f,0x07,
    0xe0,0x2f,0x07,0xe0,0x2f,0x07,0xe0,0x2f,0x07,0xe0,0x2f,0x07,0xe0,0x2f,0x07,0xe0,0x2f,0x07,0xe0,0x2f,0x07,0x20,0x20,0x05,
    0x1e,0x05,0x50,0x0e,0x1f,0x0e,0x50,0x0e,0x1f,0x0e,0x50,0x05,0x1e,0x05,0xf0,0xf0,0xf0,0xf0,0xf0,0xf0,0xf0,0xa0,0x10,0x03,
    0x08,0x07,0x50,0x09,0x0f,0x0e,0x04,0x40,0x0c,0x2f,0x0b,0x01,0x20,0x03,0x06,0x0c,0x1f,0x08,0x40,0x02,0x1f,0x0c,0x40,0x02,
    0x1f,0x0c,0x20,0x01,0x04,0x0c,0x1f,0x07,0x20,0x3f,0x0b,0x30,0x0f,0x0d,0x0b,0x05,0x20,0x60,0x01,0x05,0x01,0x70,0x02,0x07,
    0x0b,0x1f,0x02,0x50,0x08,0x0d,0x4f,0x02,0x50,0x6f,0x02,0x50,0x0d,0x09,0x05,0x01,0x2f,0x02,0x90,0x2f,0x02,0x90,0x2f,0x02,
    0x90,0x2f,0x02,0x90,0x2f,0x02,0x90,0x2f,0x02,0x90,0x2f,0x02,0x90,0x2f,0x02,0x90,0x2f,0x02,0x90,0x2f,0x02,0x90,0x2f,0x02,
    0xf0,0xf0,0xf0,0xf0,0xf0,0xf0,0xf0,0xf0,0xf0,0xf0,0xb0,0x40,0x05,0x0b,0x0d,0x0f,0x0d,0x0b,0x05,0x70,0x01,0x0a,0x6f,0x0a,
    0x01,0x50,0x0a,0x2f,0x0d,0x0b,0x0d,0x2f,0x0a,0x40,0x04,0x2f,0x05,0x20,0x06,0x2f,0x04,0x30,0x0a,0x1f,0x09,0x40,0x0a,0x1f,
    0x0a,0x30,0x0d,0x1f,0x04,0x40,0x05,0x1f,0x0d,0x30,0x2f,0x03,0x40,0x03,0x2f,0x30,0x2f,0x02,0x40,0x02,0x2f,0x30,0x2f,0x03,
    0x40,0x03,0x2f,0x30,0x0d,0x1f,0x04,0x40,0x04,0x1f,0x0d,0x30,0x0a,0x1f,0x09,0x40,0x09,0x1f,0x0a,0x30,0x04,0x2f,0x05,0x20,
    0x05,0x2f,0x05,0x40,0x0a,0x2f,0x0d,0x0b,0x0d,0x2f,0x0a,0x50,0x01,0x0a,0x6f,0x0b,0x01,0x70,0x05,0x0b,0x0d,0x0f,0x0d,0x0b,
    0x05,0xf0,0xf0,0xf0,0xf0,0xf0,0xf0,0xf0,0xf0,0xf0,0xf0,0xf0,0xf0,0xf0,0x00,0x10,0x0b,0x0f,0x0d,0x01,0x10,0x04,0x1f,0x06,
    0x70,0x02,0x0e,0x0f,0x0b,0x20,0x09,0x1f,0x03,0x70,0x06,0x1f,0x08,0x10,0x01,0x0d,0x0f,0x0e,0x01,0x70,0x0b,0x1f,0x05,0x10,
    0x04,0x1f,0x0c,0x70,0x02,0x0e,0x0f,0x0e,0x02,0x10,0x08,0x1f,0x09,0x70,0x06,0x1f,0x0d,0x01,0x00,0x01,0x0d,0x1f,0x06,0x70,
    0x0a,0x1f,0x0a,0x10,0x03,0x2f,0x03,0x60,0x09,0x1f,0x0e,0x10,0x02,0x2f,0x06,0x50,0x03,0x2f,0x02,0x10,0x0a,0x1f,0x09,0x60,
    0x0b,0x1f,0x06,0x10,0x04,0x1f,0x0d,0x01,0x50,0x06,0x1f,0x0b,0x20,0x0d,0x1f,0x03,0x50,0x01,0x0e,0x0f,0x0e,0x01,0x10,0x07,
    0x1f,0x07,0x60,0x09,0x1f,0x05,0x10,0x02,0x1f,0x0c,0x60,0x03,0x1f,0x09,0x20,0x0b,0x0f,0x0e,0x02,0x60,0x0c,0x0f,0x0d,0x01,
    0x10,0x05,0x1f,0x06,0xf0,0xf0,0xf0,0xb0,0x60,0x03,0x07,0xf0,0x60,0x04,0x09,0x0d,0x0f,0x0d,0xf0,0x40,0x09,0x0e,0x3f,0x0d,
    0xf0,0x40,0x5f,0x0d,0x90,0x0c,0x09,0x01,0x70,0x0d,0x09,0x05,0x01,0x1f,0x0d,0x80,0x06,0x1f,0x04,0xb0,0x1f,0x0d,0x70,0x01,
    0x0e,0x0f,0x0a,0xc0,0x1f,0x0d,0x70,0x09,0x1f,0x02,0xc0,0x1f,0x0d,0x60,0x03,0x1f,0x08,0xd0,0x1f,0x0d,0x60,0x0b,0x0f,0x0d,
    0x01,0xd0,0x1f,0x0d,0x50,0x05,0x1f,0x05,0xe0,0x1f,0x0d,0x40,0x01,0x0d,0x0f,0x0c,0xf0,0x1f,0x0d,0x40,0x08,0x1f,0x03,0xf0,
    0x1f,0x0d,0x30,0x02,0x1f,0x09,0xf0,0x00,0x1f,0x0d,0x30,0x0a,0x0f,0x0e,0x01,0x30,0x3f,0x80,0x1f,0x0d,0x20,0x04,0x1f,0x07,
    0x30,0x08,0x3f,0x80,0x18,0x06,0x20,0x0d,0x0f,0x0d,0x30,0x03,0x4f,0xd0,0x07,0x1f,0x04,0x20,0x01,0x0d,0x4f,0xc0,0x01,0x0e,
    0x0f,0x0a,0x30,0x09,0x1f,0x0c,0x2f,0xc0,0x09,0x1f,0x02,0x20,0x04,0x1f,0x08,0x07,0x2f,0xb0,0x03,0x1f,0x08,0x20,0x01,0x0d,
    0x0f,0x0b,0x00,0x07,0x2f,0xb0,0x0c,0x0f,0x0d,0x01,0x20,0x0a,0x0f,0x0d,0x01,0x00,0x07,0x2f,0xa0,0x06,0x1f,0x05,0x20,0x05,
    0x0f,0x0e,0x02,0x10,0x07,0x2f,0x90,0x01,0x0e,0x0f,0x0b,0x20,0x01,0x0e,0x0f,0x0e,0x2d,0x3f,0x1d,0x70,0x08,0x1f,0x03,0x20,
    0x03,0xbf,0x60,0x01,0x0e,0x0f,0x09,0x30,0x03,0xbf,0x70,0x02,0x0a,0x01,0xa0,0x07,0x2f,0xf0,0x70,0x07,0x2f,0xf0,0x70,0x07,
    0x2f,0x20,0x50,0x01,0x04,0xf0,0x70,0x01,0x05,0x0a,0x0f,0x0d,0xf0,0x50,0x06,0x0b,0x3f,0x0d,0xf0,0x50,0x5f,0x0d,0x80,0x07,
    0x08,0xa0,0x0f,0x0c,0x08,0x04,0x1f,0x0d,0x70,0x02,0x1f,0x07,0x90,0x01,0x20,0x1f,0x0d,0x70,0x0b,0x0f,0x0d,0x01,0xd0,0x1f,
    0x0d,0x60,0x05,0x1f,0x05,0xe0,0x1f,0x0d,0x50,0x01,0x0d,0x0f,0x0b,0xf0,0x1f,0x0d,0x50,0x08,0x1f,0x02,0xf0,0x1f,0x0d,0x40,
    0x02,0x1f,0x08,0xf0,0x00,0x1f,0x0d,0x40,0x0b,0x0f,0x0d,0x01,0xf0,0x00,0x1f,0x0d,0x30,0x05,0x1f,0x05,0xf0,0x10,0x1f,0x0d,
    0x20,0x01,0x0e,0x0f,0x0b,0xf0,0x20,0x1f,0x0d,0x20,0x08,0x1f,0x02,0x10,0x05,0x0a,0x0d,0x0f,0x0e,0x0c,0x08,0x02,0x80,0x1f,
    0x0d,0x10,0x03,0x1f,0x08,0x00,0x01,0x0b,0x7f,0x04,0x70,0x1d,0x0b,0x10,0x0c,0x0f,0x0d,0x01,0x00,0x0a,0x3f,0x0e,0x3f,0x0e,
    0x01,0xa0,0x06,0x1f,0x05,0x00,0x02,0x2f,0x0b,0x01,0x00,0x01,0x09,0x2f,0x05,0x90,0x01,0x0e,0x0f,0x0b,0x10,0x05,0x2f,0x02,
    0x20,0x01,0x2f,0x06,0x90,0x09,0x1f,0x02,0x20,0x21,0x30,0x03,0x2f,0x03,0x80,0x03,0x1f,0x08,0xa0,0x0b,0x1f,0x0a,0x90,0x0c,
    0x0f,0x0d,0x01,0x90,0x09,0x1f,0x0b,0x01,0x80,0x06,0x1f,0x05,0x90,0x0a,0x1f,0x0b,0x01,0x80,0x01,0x0e,0x0f,0x0b,0x90,0x0a,
    0x1f,0x09,0xa0,0x09,0x1f,0x02,0x70,0x01,0x0b,0x0f,0x0e,0x05,0xb0,0x06,0x0e,0x08,0x70,0x01,0x0c,0x0f,0x0c,0x02,0xd0,0x01,
    0x80,0x0c,0x1f,0x0e,0x6d,0xf0,0x10,0xaf,0xf0,0x10,0xaf,0x10,0x30,0x05,0x0b,0x0e,0x0f,0x0e,0x0b,0x06,0xf0,0x50,0x0a,0x6f,
    0x0c,0x01,0xf0,0x20,0x07,0x3f,0x0e,0x3f,0x09,0xf0,0x20,0x0d,0x1f,0x0c,0x02,0x00,0x02,0x0d,0x1f,0x0e,0x60,0x01,0x09,0x02,
    0x80,0x06,0x17,0x03,0x20,0x07,0x1f,0x0e,0x60,0x08,0x0f,0x0e,0x01,0xe0,0x0b,0x1f,0x0a,0x50,0x02,0x1f,0x08,0xc0,0x19,0x0d,
    0x1f,0x0d,0x02,0x50,0x0b,0x0f,0x0d,0x01,0xb0,0x01,0x4f,0x03,0x50,0x05,0x1f,0x05,0xd0,0x09,0x0a,0x0c,0x2f,0x06,0x30,0x01,
    0x0d,0x0f,0x0b,0xf0,0x10,0x07,0x2f,0x01,0x20,0x08,0x1f,0x02,0xf0,0x10,0x01,0x2f,0x05,0x10,0x02,0x1f,0x08,0xb0,0x0e,0x1f,
    0x08,0x20,0x02,0x2f,0x06,0x10,0x0b,0x0f,0x0d,0x01,0xb0,0x0c,0x1f,0x0e,0x05,0x01,0x02,0x0b,0x2f,0x03,0x00,0x05,0x1f,0x05,
    0xc0,0x05,0x8f,0x0c,0x00,0x01,0x0d,0x0f,0x0b,0x30,0x3f,0x60,0x07,0x6f,0x0c,0x01,0x00,0x08,0x1f,0x02,0x20,0x07,0x3f,0x70,
    0x02,0x08,0x0c,0x0d,0x0c,0x0a,0x05,0x10,0x02,0x1f,0x08,0x20,0x02,0x4f,0xf0,0x00,0x0b,0x0f,0x0d,0x01,0x20,0x0c,0x4f,0xf0,
    0x05,0x1f,0x05,0x20,0x07,0x1f,0x0d,0x2f,0xe0,0x01,0x0d,0x0f,0x0b,0x20,0x02,0x0e,0x0f,0x0a,0x07,0x2f,0xe0,0x08,0x1f,0x02,
    0x20,0x0b,0x0f,0x0c,0x01,0x07,0x2f,0xd0,0x02,0x1f,0x08,0x20,0x06,0x0f,0x0e,0x02,0x00,0x07,0x2f,0xd0,0x0b,0x0f,0x0d,0x01,
    0x10,0x02,0x0e,0x0f,0x04,0x10,0x07,0x2f,0xc0,0x05,0x1f,0x05,0x20,0x0a,0x1f,0x2d,0x3f,0x1d,0x90,0x01,0x0e,0x0f,0x0b,0x30,
    0x0d,0xaf,0x90,0x07,0x1f,0x02,0x30,0x0d,0xaf,0xa0,0x06,0x07,0xa0,0x07,0x2f,0xf0,0x90,0x07,0x2f,0xf0,0x90,0x07,0x2f,0x30,
    0x60,0x06,0x0e,0x0b,0x01,0xd0,0x0e,0x1f,0x05,0xd0,0x0e,0x1f,0x05,0xd0,0x06,0x0e,0x0b,0x01,0xf0,0xf0,0xf0,0xf0,0xf0,0x40,
    0x01,0x2f,0x06,0xc0,0x02,0x2f,0x05,0xc0,0x06,0x2f,0x03,0xc0,0x0b,0x1f,0x0e,0xc0,0x07,0x2f,0x07,0xb0,0x05,0x2f,0x0c,0xb0,
    0x04,0x2f,0x0e,0x02,0xa0,0x02,0x0e,0x1f,0x0e,0x03,0xb0,0x0b,0x2f,0x05,0xb0,0x04,0x2f,0x09,0xc0,0x09,0x1f,0x0e,0x01,0xc0,
    0x0d,0x1f,0x09,0xd0,0x0e,0x1f,0x07,0xd0,0x0e,0x1f,0x07,0x60,0x06,0x1c,0x0b,0x20,0x0c,0x1f,0x0a,0x60,0x0a,0x1f,0x0d,0x20,
    0x09,0x1f,0x0e,0x02,0x40,0x03,0x2f,0x09,0x20,0x03,0x2f,0x0d,0x05,0x10,0x01,0x05,0x0e,0x2f,0x02,0x30,0x08,0x4f,0x0e,0x4f,
    0x06,0x50,0x08,0x7f,0x0e,0x06,0x70,0x02,0x08,0x0c,0x0e,0x0f,0x0e,0x0c,0x07,0x01,0x40,0x50,0x02,0x0e,0x1f,0x0b,0xf0,0x40,
    0x04,0x2f,0x07,0xf0,0x40,0x06,0x2f,0x03,0xf0,0x40,0x09,0x1f,0x0d,0xf0,0x50,0x0c,0x1f,0x08,0xf0,0x40,0x02,0x18,0x07,0x01,
    0xf0,0xf0,0xc0,0x0b,0x1f,0x0e,0x01,0xf0,0x20,0x02,0x3f,0x05,0xf0,0x20,0x07,0x3f,0x0b,0xf0,0x20,0x0c,0x4f,0x02,0xf0,0x00,
    0x02,0x5f,0x07,0xf0,0x00,0x08,0x1f,0x0e,0x0c,0x1f,0x0d,0xf0,0x00,0x0d,0x1f,0x09,0x06,0x2f,0x03,0xe0,0x03,0x2f,0x04,0x01,
    0x2f,0x09,0xe0,0x09,0x1f,0x0e,0x10,0x0a,0x1f,0x0e,0xe0,0x0e,0x1f,0x09,0x10,0x04,0x2f,0x05,0xc0,0x04,0x2f,0x04,0x20,0x0e,
    0x1f,0x0a,0xc0,0x0a,0x1f,0x0d,0x30,0x09,0x2f,0x01,0xa0,0x01,0x0e,0x1f,0x08,0x30,0x03,0x2f,0x06,0xa0,0x05,0x2f,0x03,0x40,
    0x0d,0x1f,0x0c,0xa0,0x0a,0x1f,0x0d,0x50,0x07,0x2f,0x02,0x80,0x01,0x2f,0x08,0x50,0x02,0x2f,0x08,0x80,0x06,0x2f,0x03,0x60,
    0x0b,0x1f,0x0d,0x80,0x0b,0x1f,0x0c,0x70,0x06,0x2f,0x04,0x60,0x02,0xff,0x0a,0x60,0x07,0xff,0x0e,0x01,0x50,0x0c,0x2f,0x9d,
    0x3f,0x06,0x40,0x02,0x2f,0x07,0xa0,0x0d,0x1f,0x0b,0x40,0x08,0x2f,0x02,0xa0,0x08,0x2f,0x02,0x30,0x0d,0x1f,0x0b,0xb0,0x03,
    0x2f,0x07,0x20,0x03,0x2f,0x06,0xc0,0x0c,0x1f,0x0d,0x20,0x09,0x2f,0x01,0xc0,0x07,0x2f,0x03,0x10,0x0e,0x1f,0x0b,0xd0,0x01,
    0x2f,0x09,0x00,0x04,0x2f,0x06,0xe0,0x0b,0x1f,0x0e,0x00,0xc0,0x05,0x2f,0x0a,0xf0,0x20,0x02,0x0e,0x1f,0x0b,0xf0,0x30,0x0b,
    0x1f,0x0c,0x01,0xf0,0x20,0x06,0x1f,0x0d,0x02,0xf0,0x20,0x02,0x1f,0x0e,0x02,0xf0,0x30,0x05,0x18,0x03,0xf0,0xf0,0xd0,0x0b,
    0x1f,0x0e,0x01,0xf0,0x20,0x02,0x3f,0x05,0xf0,0x20,0x07,0x3f,0x0b,0xf0,0x20,0x0c,0x4f,0x02,0xf0,0x00,0x02,0x5f,0x07,0xf0,
    0x00,0x08,0x1f,0x0e,0x0c,0x1f,0x0d,0xf0,0x00,0x0d,0x1f,0x09,0x06,0x2f,0x03,0xe0,0x03,0x2f,0x04,0x01,0x2f,0x09,0xe0,0x09,
    0x1f,0x0e,0x10,0x0a,0x1f,0x0e,0xe0,0x0e,0x1f,0x09,0x10,0x04,0x2f,0x05,0xc0,0x04,0x2f,0x04,0x20,0x0e,0x1f,0x0a,0xc0,0x0a,
    0x1f,0x0d,0x30,0x09,0x2f,0x01,0xa0,0x01,0x0e,0x1f,0x08,0x30,0x03,0x2f,0x06,0xa0,0x05,0x2f,0x03,0x40,0x0d,0x1f,0x0c,0xa0,
    0x0a,0x1f,0x0d,0x50,0x07,0x2f,0x02,0x80,0x01,0x2f,0x08,0x50,0x02,0x2f,0x08,0x80,0x06,0x2f,0x03,0x60,0x0b,0x1f,0x0d,0x80,
    0x0b,0x1f,0x0c,0x70,0x06,0x2f,0x04,0x60,0x02,0xff,0x0a,0x60,0x07,0xff,0x0e,0x01,0x50,0x0c,0x2f,0x9d,0x3f,0x06,0x40,0x02,
    0x2f,0x07,0xa0,0x0d,0x1f,0x0b,0x40,0x08,0x2f,0x02,0xa0,0x08,0x2f,0x02,0x30,0x0d,0x1f,0x0b,0xb0,0x03,0x2f,0x07,0x20,0x03,
    0x2f,0x06,0xc0,0x0c,0x1f,0x0d,0x20,0x09,0x2f,0x01,0xc0,0x07,0x2f,0x03,0x10,0x0e,0x1f,0x0b,0xd0,0x01,0x2f,0x09,0x00,0x04,
    0x2f,0x06,0xe0,0x0b,0x1f,0x0e,0x00,0x90,0x07,0x1f,0x0c,0x01,0xf0,0x20,0x05,0x3f,0x0b,0xf0,0x10,0x04,0x1f,0x0b,0x06,0x1f,
    0x0a,0xf0,0x02,0x0e,0x0f,0x0b,0x01,0x00,0x06,0x1f,0x08,0xd0,0x01,0x0d,0x0f,0x0c,0x01,0x20,0x06,0x1f,0x07,0xf0,0xf0,0xf0,
    0xf0,0x20,0x0b,0x1f,0x0e,0x01,0xf0,0x20,0x02,0x3f,0x05,0xf0,0x20,0x07,0x3f,0x0b,0xf0,0x20,0x0c,0x4f,0x02,0xf0,0x00,0x02,
    0x5f,0x07,0xf0,0x00,0x08,0x1f,0x0e,0x0c,0x1f,0x0d,0xf0,0x00,0x0d,0x1f,0x09,0x06,0x2f,0x03,0xe0,0x03,0x2f,0x04,0x01,0x2f,
    0x09,0xe0,0x09,0x1f,0x0e,0x10,0x0a,0x1f,0x0e,0xe0,0x0e,0x1f,0x09,0x10,0x04,0x2f,0x05,0xc0,0x04,0x2f,0x04,0x20,0x0e,0x1f,
    0x0a,0xc0,0x0a,0x1f,0x0d,0x30,0x09,0x2f,0x01,0xa0,0x01,0x0e,0x1f,0x08,0x30,0x03,0x2f,0x06,0xa0,0x05,0x2f,0x03,0x40,0x0d,
    0x1f,0x0c,0xa0,0x0a,0x1f,0x0d,0x50,0x07,0x2f,0x02,0x80,0x01,0x2f,0x08,0x50,0x02,0x2f,0x08,0x80,0x06,0x2f,0x03,0x60,0x0b,
    0x1f,0x0d,0x80,0x0b,0x1f,0x0c,0x70,0x06,0x2f,0x04,0x60,0x02,0xff,0x0a,0x60,0x07,0xff,0x0e,0x01,0x50,0x0c,0x2f,0x9d,0x3f,
    0x06,0x40,0x02,0x2f,0x07,0xa0,0x0d,0x1f,0x0b,0x40,0x08,0x2f,0x02,0xa0,0x08,0x2f,0x02,0x30,0x0d,0x1f,0x0b,0xb0,0x03,0x2f,
    0x07,0x20,0x03,0x2f,0x06,0xc0,0x0c,0x1f,0x0d,0x20,0x09,0x2f,0x01,0xc0,0x07,0x2f,0x03,0x10,0x0e,0x1f,0x0b,0xd0,0x01,0x2f,
    0x09,0x00,0x04,0x2f,0x06,0xe0,0x0b,0x1f,0x0e,0x00,0xf0,0x01,0x02,0x01,0xc0,0x01,0x08,0x1c,0x07,0x30,0x04,0x0f,0x0e,0xc0,
    0x0b,0x3f,0x0d,0x04,0x00,0x01,0x0c,0x0f,0x0c,0xb0,0x06,0x6f,0x0e,0x2f,0x07,0xb0,0x0c,0x0f,0x0c,0x02,0x01,0x07,0x4f,0x0d,
    0x01,0xb0,0x0e,0x0f,0x04,0x20,0x02,0x0b,0x1e,0x0a,0x01,0xc0,0x13,0x01,0xf0,0xf0,0xf0,0x20,0x0b,0x2f,0x01,0xf0,0x20,0x01,
    0x3f,0x06,0xf0,0x20,0x07,0x3f,0x0c,0xf0,0x20,0x0c,0x4f,0x02,0xf0,0x00,0x02,0x5f,0x08,0xf0,0x00,0x07,0x1f,0x0e,0x0c,0x1f,
    0x0d,0xf0,0x00,0x0d,0x1f,0x09,0x06,0x2f,0x04,0xe0,0x03,0x2f,0x04,0x01,0x2f,0x09,0xe0,0x08,0x1f,0x0e,0x10,0x0a,0x1f,0x0e,
    0x01,0xd0,0x0e,0x1f,0x09,0x10,0x04,0x2f,0x05,0xc0,0x04,0x2f,0x04,0x20,0x0e,0x1f,0x0b,0xc0,0x09,0x1f,0x0d,0x30,0x09,0x2f,
    0x02,0xb0,0x0e,0x1f,0x08,0x30,0x03,0x2f,0x07,0xa0,0x05,0x2f,0x03,0x40,0x0d,0x1f,0x0c,0xa0,0x0a,0x1f,0x0d,0x50,0x07,0x2f,
    0x03,0x80,0x01,0x2f,0x08,0x50,0x02,0x2f,0x08,0x80,0x06,0x2f,0x03,0x60,0x0b,0x1f,0x0e,0x80,0x0b,0x1f,0x0c,0x70,0x06,0x2f,
    0x04,0x60,0x02,0xff,0x0a,0x60,0x07,0xff,0x0f,0x01,0x50,0x0c,0x2f,0x9d,0x3f,0x06,0x40,0x02,0x2f,0x07,0xa0,0x0d,0x1f,0x0b,
    0x40,0x08,0x2f,0x02,0xa0,0x08,0x2f,0x02,0x30,0x0d,0x1f,0x0b,0xb0,0x03,0x2f,0x07,0x20,0x03,0x2f,0x06,0xc0,0x0c,0x1f,0x0d,
    0x20,0x09,0x2f,0x01,0xc0,0x07,0x2f,0x03,0x10,0x0e,0x1f,0x0b,0xd0,0x01,0x2f,0x09,0x00,0x04,0x2f,0x06,0xe0,0x0b,0x1f,0x0e,
    0x00,0x60,0x05,0x1e,0x05,0x30,0x05,0x1e,0x05,0xc0,0x0e,0x1f,0x0e,0x30,0x0e,0x1f,0x0d,0xc0,0x0e,0x1f,0x0e,0x30,0x0e,0x1f,
    0x0e,0xc0,0x05,0x1e,0x05,0x30,0x05,0x1e,0x05,0xf0,0xf0,0xf0,0xf0,0x10,0x02,0x2f,0x06,0xf0,0x30,0x08,0x2f,0x0b,0xf0,0x30,
    0x0d,0x3f,0x02,0xf0,0x10,0x04,0x4f,0x07,0xf0,0x10,0x0a,0x4f,0x0c,0xf0,0x00,0x01,0x0e,0x0f,0x0e,0x0c,0x2f,0x02,0xf0,0x06,
    0x1f,0x09,0x06,0x2f,0x08,0xf0,0x0c,0x1f,0x04,0x01,0x2f,0x0d,0xe0,0x02,0x1f,0x0e,0x10,0x0a,0x2f,0x03,0xd0,0x08,0x1f,0x09,
    0x10,0x04,0x2f,0x09,0xd0,0x0d,0x1f,0x04,0x20,0x0e,0x1f,0x0e,0xc0,0x04,0x1f,0x0d,0x30,0x09,0x2f,0x04,0xb0,0x0a,0x1f,0x08,
    0x30,0x03,0x2f,0x0a,0xa0,0x01,0x0e,0x1f,0x03,0x40,0x0d,0x1f,0x0e,0x01,0x90,0x06,0x1f,0x0d,0x50,0x07,0x2f,0x05,0x90,0x0c,
    0x1f,0x08,0x50,0x02,0x2f,0x0b,0x80,0x02,0x2f,0x03,0x60,0x0b,0x2f,0x01,0x70,0x08,0x1f,0x0c,0x70,0x06,0x2f,0x06,0x70,0x0d,
    0xef,0x0c,0x60,0x04,0xff,0x0f,0x02,0x50,0x0a,0x2f,0x9d,0x3f,0x07,0x40,0x01,0x0e,0x1f,0x07,0xa0,0x0d,0x1f,0x0d,0x40,0x06,
    0x2f,0x02,0xa0,0x08,0x2f,0x03,0x30,0x0c,0x1f,0x0b,0xb0,0x03,0x2f,0x08,0x20,0x02,0x2f,0x06,0xc0,0x0c,0x1f,0x0d,0x20,0x08,
    0x2f,0x01,0xc0,0x07,0x2f,0x04,0x10,0x0d,0x1f,0x0b,0xd0,0x01,0x2f,0x09,0x00,0x04,0x2f,0x06,0xe0,0x0b,0x1f,0x0e,0x00,0x80,
    0x01,0x08,0x0d,0x0f,0x0d,0x08,0x01,0xf0,0x00,0x01,0x0c,0x1f,0x0d,0x1f,0x0c,0x01,0xf0,0x08,0x0f,0x0b,0x01,0x00,0x01,0x0b,
    0x0f,0x08,0xf0,0x0c,0x0f,0x02,0x20,0x02,0x0f,0x0c,0xf0,0x0c,0x0f,0x02,0x20,0x02,0x0f,0x0c,0xf0,0x08,0x0f,0x0b,0x01,0x00,
    0x01,0x0b,0x0f,0x08,0xf0,0x01,0x0d,0x1f,0x0d,0x1f,0x0d,0x01,0xf0,0x00,0x01,0x09,0x0d,0x0f,0x0d,0x08,0x01,0xf0,0xf0,0xb0,
    0x0b,0x2f,0x04,0xf0,0x20,0x01,0x3f,0x0a,0xf0,0x20,0x07,0x3f,0x0e,0x01,0xf0,0x10,0x0c,0x4f,0x05,0xf0,0x00,0x02,0x5f,0x0b,
    0xf0,0x00,0x07,0x1f,0x0e,0x0c,0x2f,0x01,0xf0,0x0d,0x1f,0x09,0x06,0x2f,0x07,0xe0,0x03,0x2f,0x04,0x01,0x2f,0x0c,0xe0,0x08,
    0x1f,0x0e,0x10,0x0a,0x2f,0x02,0xd0,0x0e,0x1f,0x09,0x10,0x04,0x2f,0x08,0xc0,0x04,0x2f,0x04,0x20,0x0e,0x1f,0x0d,0xc0,0x09,
    0x1f,0x0d,0x30,0x09,0x2f,0x03,0xb0,0x0e,0x1f,0x08,0x30,0x03,0x2f,0x09,0xa0,0x05,0x2f,0x03,0x40,0x0d,0x1f,0x0e,0xa0,0x0a,
    0x1f,0x0d,0x50,0x07,0x2f,0x05,0x80,0x01,0x2f,0x08,0x50,0x02,0x2f,0x0a,0x80,0x06,0x2f,0x03,0x60,0x0b,0x1f,0x0e,0x01,0x70,
    0x0b,0x1f,0x0c,0x70,0x06,0x2f,0x06,0x60,0x02,0xff,0x0b,0x60,0x07,0xff,0x0f,0x02,0x50,0x0c,0x2f,0x9d,0x3f,0x07,0x40,0x02,
    0x2f,0x07,0xa0,0x0d,0x1f,0x0c,0x40,0x08,0x2f,0x02,0xa0,0x08,0x2f,0x03,0x30,0x0d,0x1f,0x0b,0xb0,0x03,0x2f,0x08,0x20,0x03,
    0x2f,0x06,0xc0,0x0c,0x1f,0x0d,0x20,0x09,0x2f,0x01,0xc0,0x07,0x2f,0x04,0x10,0x0e,0x1f,0x0b,0xd0,0x01,0x2f,0x09,0x00,0x04,
    0x2f,0x06,0xe0,0x0b,0x1f,0x0e,0x00,0xf0,0x01,0x0e,0xff,0x0f,0xf0,0x10,0x08,0xff,0x1f,0xf0,0x00,0x02,0x6f,0xbd,0xf0,0x00,
    0x0b,0x5f,0x03,0xf0,0xb0,0x05,0x2f,0x08,0x2f,0x04,0xf0,0xb0,0x0d,0x1f,0x0c,0x02,0x2f,0x05,0xf0,0xa0,0x07,0x2f,0x04,0x01,
    0x2f,0x05,0xf0,0x90,0x02,0x0e,0x1f,0x0a,0x00,0x01,0x2f,0x06,0xf0,0x90,0x0a,0x2f,0x02,0x10,0x2f,0x06,0xf0,0x80,0x04,0x2f,
    0x08,0x20,0x2f,0x07,0xf0,0x80,0x0d,0x1f,0x0e,0x01,0x20,0x0e,0x1f,0x07,0xf0,0x70,0x07,0x2f,0x06,0x30,0x0d,0x1f,0x08,0xf0,
    0x60,0x01,0x0e,0x1f,0x0c,0x40,0x0d,0x2f,0x9d,0x07,0xb0,0x09,0x2f,0x04,0x40,0x0c,0xcf,0x08,0xa0,0x03,0x2f,0x0a,0x50,0x0b,
    0xcf,0x08,0xa0,0x0c,0x2f,0x02,0x50,0x0b,0x1f,0x0a,0xf0,0x40,0x06,0x2f,0x08,0x60,0x0a,0x1f,0x0b,0xf0,0x30,0x01,0x0e,0x1f,
    0x0e,0x01,0x60,0x0a,0x1f,0x0b,0xf0,0x30,0x09,0x3f,0x7d,0x2f,0x0c,0xf0,0x20,0x03,0xff,0x0d,0xf0,0x20,0x0b,0xff,0x0d,0xf0,
    0x10,0x05,0x2f,0x0b,0x90,0x07,0x1f,0x0e,0xf0,0x00,0x01,0x0d,0x2f,0x03,0x90,0x06,0x1f,0x0e,0xf0,0x00,0x08,0x2f,0x09,0xa0,
    0x06,0x2f,0xf0,0x02,0x2f,0x0e,0x01,0xa0,0x05,0x2f,0xf0,0x0b,0x2f,0x07,0xb0,0x05,0x2f,0x0e,0xbd,0x10,0x05,0x2f,0x0d,0xc0,
    0x04,0xff,0x10,0x0d,0x2f,0x05,0xc0,0x03,0xff,0x00,0x70,0x03,0x08,0x0c,0x0d,0x0f,0x0e,0x0d,0x0a,0x06,0x01,0xc0,0x02,0x0a,
    0x8f,0x0e,0x04,0xa0,0x03,0x0e,0x4f,0x0e,0x5f,0x08,0x80,0x03,0x0e,0x2f,0x09,0x03,0x20,0x02,0x07,0x0e,0x2f,0x05,0x70,0x0c,
    0x1f,0x0e,0x04,0x60,0x02,0x0d,0x1f,0x0e,0x01,0x50,0x07,0x2f,0x05,0x80,0x04,0x2f,0x07,0x50,0x0d,0x1f,0x0b,0xa0,0x0c,0x1f,
    0x0d,0x40,0x04,0x2f,0x04,0xa0,0x07,0x2f,0x02,0x30,0x07,0x1f,0x0e,0xb0,0x03,0x2f,0x05,0x30,0x0b,0x1f,0x0b,0xc0,0x21,0x40,
    0x0d,0x1f,0x09,0xf0,0x40,0x0e,0x1f,0x07,0xf0,0x40,0x2f,0x07,0xf0,0x40,0x2f,0x07,0xf0,0x40,0x2f,0x07,0xf0,0x40,0x2f,0x07,
    0xf0,0x40,0x0e,0x1f,0x07,0xf0,0x40,0x0d,0x1f,0x09,0xf0,0x40,0x0b,0x1f,0x0b,0xf0,0x40,0x08,0x1f,0x0e,0xb0,0x03,0x2f,0x05,
    0x30,0x04,0x2f,0x04,0xa0,0x07,0x2f,0x02,0x40,0x0d,0x1f,0x0b,0xa0,0x0c,0x1f,0x0d,0x50,0x07,0x2f,0x05,0x80,0x04,0x2f,0x07,
    0x60,0x0d,0x1f,0x0e,0x04,0x60,0x02,0x0d,0x1f,0x0e,0x01,0x60,0x03,0x0e,0x2f,0x08,0x02,0x20,0x02,0x07,0x0e,0x2f,0x05,0x80,
    0x04,0x0e,0x4f,0x0e,0x5f,0x07,0xa0,0x02,0x0b,0x8f,0x0d,0x04,0xd0,0x03,0x09,0x0d,0x2f,0x0d,0x0a,0x05,0xf0,0x10,0x04,0x1f,
    0x02,0xf0,0x40,0x08,0x2f,0x09,0x01,0xf0,0x20,0x04,0x08,0x0d,0x1f,0x09,0xf0,0x40,0x01,0x0e,0x0f,0x0e,0xf0,0x50,0x0e,0x0f,
    0x0e,0xf0,0x20,0x01,0x03,0x0a,0x1f,0x0a,0xf0,0x20,0x0b,0x2f,0x0d,0x02,0xf0,0x20,0x0b,0x0e,0x0b,0x07,0x01,0x90,0x40,0x02,
    0x28,0x06,0xf0,0x10,0x0a,0x2f,0x05,0xf0,0x10,0x0b,0x1f,0x0e,0x01,0xf0,0x00,0x01,0x0c,0x1f,0x0a,0xf0,0x10,0x02,0x0d,0x1f,
    0x05,0xf0,0x10,0x03,0x0e,0x0f,0x0e,0x02,0xf0,0xf0,0xf0,0x60,0xff,0x0f,0x40,0xff,0x0f,0x40,0x3f,0xcd,0x40,0x2f,0x07,0xf0,
    0x10,0x2f,0x07,0xf0,0x10,0x2f,0x07,0xf0,0x10,0x2f,0x07,0xf0,0x10,0x2f,0x07,0xf0,0x10,0x2f,0x07,0xf0,0x10,0x2f,0x07,0xf0,
    0x10,0x2f,0x07,0xf0,0x10,0x2f,0x07,0xf0,0x10,0x3f,0xad,0x07,0x50,0xef,0x08,0x50,0xef,0x08,0x50,0x2f,0x07,0xf0,0x10,0x2f,
    0x07,0xf0,0x10,0x2f,0x07,0xf0,0x10,0x2f,0x07,0xf0,0x10,0x2f,0x07,0xf0,0x10,0x2f,0x07,0xf0,0x10,0x2f,0x07,0xf0,0x10,0x2f,
    0x07,0xf0,0x10,0x2f,0x07,0xf0,0x10,0x2f,0x07,0xf0,0x10,0x3f,0xcd,0x40,0xff,0x0f,0x40,0xff,0x0f,0x10,0xc0,0x07,0x18,0x07,
    0x01,0xf0,0x08,0x2f,0x07,0xf0,0x04,0x2f,0x08,0xf0,0x01,0x0d,0x1f,0x09,0xf0,0x00,0x09,0x1f,0x0a,0xf0,0x00,0x04,0x1f,0x0b,
    0xf0,0xf0,0xf0,0x70,0xff,0x0f,0x40,0xff,0x0f,0x40,0x3f,0xcd,0x40,0x2f,0x07,0xf0,0x10,0x2f,0x07,0xf0,0x10,0x2f,0x07,0xf0,
    0x10,0x2f,0x07,0xf0,0x10,0x2f,0x07,0xf0,0x10,0x2f,0x07,0xf0,0x10,0x2f,0x07,0xf0,0x10,0x2f,0x07,0xf0,0x10,0x2f,0x07,0xf0,
    0x10,0x3f,0xad,0x07,0x50,0xef,0x08,0x50,0xef,0x08,0x50,0x2f,0x07,0xf0,0x10,0x2f,0x07,0xf0,0x10,0x2f,0x07,0xf0,0x10,0x2f,
    0x07,0xf0,0x10,0x2f,0x07,0xf0,0x10,0x2f,0x07,0xf0,0x10,0x2f,0x07,0xf0,0x10,0x2f,0x07,0xf0,0x10,0x2f,0x07,0xf0,0x10,0x2f,
    0x07,0xf0,0x10,0x3f,0xcd,0x40,0xff,0x0f,0x40,0xff,0x0f,0x10,0x90,0x07,0x08,0x05,0xf0,0x10,0x09,0x2f,0x05,0xf0,0x07,0x1f,
    0x0e,0x0f,0x0e,0x03,0xd0,0x05,0x1f,0x0a,0x02,0x0d,0x0f,0x0e,0x02,0xb0,0x04,0x1f,0x0c,0x01,0x00,0x02,0x0e,0x0f,0x0c,0x01,
    0x90,0x02,0x0e,0x0f,0x0d,0x01,0x20,0x04,0x1f,0x0b,0xf0,0xf0,0xf0,0x30,0xff,0x0f,0x40,0xff,0x0f,0x40,0x3f,0xcd,0x40,0x2f,
    0x07,0xf0,0x10,0x2f,0x07,0xf0,0x10,0x2f,0x07,0xf0,0x10,0x2f,0x07,0xf0,0x10,0x2f,0x07,0xf0,0x10,0x2f,0x07,0xf0,0x10,0x2f,
    0x07,0xf0,0x10,0x2f,0x07,0xf0,0x10,0x2f,0x07,0xf0,0x10,0x3f,0xad,0x07,0x50,0xef,0x08,0x50,0xef,0x08,0x50,0x2f,0x07,0xf0,
    0x10,0x2f,0x07,0xf0,0x10,0x2f,0x07,0xf0,0x10,0x2f,0x07,0xf0,0x10,0x2f,0x07,0xf0,0x10,0x2f,0x07,0xf0,0x10,0x2f,0x07,0xf0,
    0x10,0x2f,0x07,0xf0,0x10,0x2f,0x07,0xf0,0x10,0x2f,0x07,0xf0,0x10,0x3f,0xcd,0x40,0xff,0x0f,0x40,0xff,0x0f,0x10,0x40,0x05,
    0x1e,0x05,0x30,0x05,0x1e,0x05,0x90,0x0e,0x1f,0x0e,0x30,0x0e,0x1f,0x0e,0x90,0x0e,0x1f,0x0e,0x30,0x0e,0x1f,0x0e,0x90,0x05,
    0x1e,0x05,0x30,0x05,0x1e,0x05,0xf0,0xf0,0xf0,0x30,0xff,0x0f,0x40,0xff,0x0f,0x40,0x3f,0xcd,0x40,0x2f,0x07,0xf0,0x10,0x2f,
    0x07,0xf0,0x10,0x2f,0x07,0xf0,0x10,0x2f,0x07,0xf0,0x10,0x2f,0x07,0xf0,0x10,0x2f,0x07,0xf0,0x10,0x2f,0x07,0xf0,0x10,0x2f,
    0x07,0xf0,0x10,0x2f,0x07,0xf0,0x10,0x3f,0xad,0x07,0x50,0xef,0x08,0x50,0xef,0x08,0x50,0x2f,0x07,0xf0,0x10,0x2f,0x07,0xf0,
    0x10,0x2f,0x07,0xf0,0x10,0x2f,0x07,0xf0,0x10,0x2f,0x07,0xf0,0x10,0x2f,0x07,0xf0,0x10,0x2f,0x07,0xf0,0x10,0x2f,0x07,0xf0,
    0x10,0x2f,0x07,0xf0,0x10,0x2f,0x07,0xf0,0x10,0x3f,0xcd,0x40,0xff,0x0f,0x40,0xff,0x0f,0x10,0x06,0x28,0x02,0x50,0x03,0x0e,
    0x1f,0x0b,0x60,0x04,0x2f,0x06,0x60,0x06,0x1f,0x0e,0x01,0x60,0x08,0x1f,0x0a,0x70,0x0a,0x1f,0x04,0xf0,0xc0,0x2f,0x07,0x60,
    0x2f,0x07,0x60,0x2f,0x07,0x60,0x2f,0x07,0x60,0x2f,0x07,0x60,0x2f,0x07,0x60,0x2f,0x07,0x60,0x2f,0x07,0x60,0x2f,0x07,0x60,
    0x2f,0x07,0x60,0x2f,0x07,0x60,0x2f,0x07,0x60,0x2f,0x07,0x60,0x2f,0x07,0x60,0x2f,0x07,0x60,0x2f,0x07,0x60,0x2f,0x07,0x60,
    0x2f,0x07,0x60,0x2f,0x07,0x60,0x2f,0x07,0x60,0x2f,0x07,0x60,0x2f,0x07,0x60,0x2f,0x07,0x60,0x2f,0x07,0x60,0x2f,0x07,0x60,
    0x2f,0x07,0x60,0x2f,0x07,0x60,0x2f,0x07,0x20,0x50,0x06,0x28,0x02,0x40,0x04,0x2f,0x09,0x40,0x01,0x0d,0x1f,0x0a,0x50,0x08,
    0x1f,0x0b,0x50,0x03,0x1f,0x0c,0x01,0x50,0x0c,0x0f,0x0d,0x02,0xf0,0xc0,0x2f,0x07,0x60,0x2f,0x07,0x60,0x2f,0x07,0x60,0x2f,
    0x07,0x60,0x2f,0x07,0x60,0x2f,0x07,0x60,0x2f,0x07,0x60,0x2f,0x07,0x60,0x2f,0x07,0x60,0x2f,0x07,0x60,0x2f,0x07,0x60,0x2f,
    0x07,0x60,0x2f,0x07,0x60,0x2f,0x07,0x60,0x2f,0x07,0x60,0x2f,0x07,0x60,0x2f,0x07,0x60,0x2f,0x07,0x60,0x2f,0x07,0x60,0x2f,
    0x07,0x60,0x2f,0x07,0x60,0x2f,0x07,0x60,0x2f,0x07,0x60,0x2f,0x07,0x60,0x2f,0x07,0x60,0x2f,0x07,0x60,0x2f,0x07,0x60,0x2f,
    0x07,0x30,0x30,0x04,0x08,0x07,0x70,0x03,0x0e,0x1f,0x08,0x50,0x02,0x0d,0x0f,0x0e,0x1f,0x05,0x30,0x01,0x0c,0x0f,0x0e,0x02,
    0x0a,0x1f,0x03,0x20,0x0a,0x1f,0x04,0x00,0x01,0x0c,0x0f,0x0e,0x02,0x00,0x08,0x1f,0x06,0x20,0x02,0x0e,0x0f,0x0c,0x01,0xf0,
    0xb0,0x2f,0x07,0x70,0x2f,0x07,0x70,0x2f,0x07,0x70,0x2f,0x07,0x70,0x2f,0x07,0x70,0x2f,0x07,0x70,0x2f,0x07,0x70,0x2f,0x07,
    0x70,0x2f,0x07,0x70,0x2f,0x07,0x70,0x2f,0x07,0x70,0x2f,0x07,0x70,0x2f,0x07,0x70,0x2f,0x07,0x70,0x2f,0x07,0x70,0x2f,0x07,
    0x70,0x2f,0x07,0x70,0x2f,0x07,0x70,0x2f,0x07,0x70,0x2f,0x07,0x70,0x2f,0x07,0x70,0x2f,0x07,0x70,0x2f,0x07,0x70,0x2f,0x07,
    0x70,0x2f,0x07,0x70,0x2f,0x07,0x70,0x2f,0x07,0x70,0x2f,0x07,0x30,0x05,0x1e,0x05,0x30,0x05,0x1e,0x05,0x0e,0x1f,0x0e,0x30,
    0x0e,0x1f,0x1e,0x1f,0x0e,0x30,0x0e,0x1f,0x0e,0x05,0x1e,0x05,0x30,0x05,0x1e,0x05,0xf0,0xb0,0x2f,0x07,0x70,0x2f,0x07,0x70,
    0x2f,0x07,0x70,0x2f,0x07,0x70,0x2f,0x07,0x70,0x2f,0x07,0x70,0x2f,0x07,0x70,0x2f,0x07,0x70,0x2f,0x07,0x70,0x2f,0x07,0x70,
    0x2f,0x07,0x70,0x2f,0x07,0x70,0x2f,0x07,0x70,0x2f,0x07,0x70,0x2f,0x07,0x70,0x2f,0x07,0x70,0x2f,0x07,0x70,0x2f,0x07,0x70,
    0x2f,0x07,0x70,0x2f,0x07,0x70,0x2f,0x07,0x70,0x2f,0x07,0x70,0x2f,0x07,0x70,0x2f,0x07,0x70,0x2f,0x07,0x70,0x2f,0x07,0x70,
    0x2f,0x07,0x70,0x2f,0x07,0x30,0x30,0x7f,0x0e,0x0c,0x0a,0x05,0x01,0xc0,0xbf,0x0e,0x07,0x01,0xa0,0x3f,0x3d,0x5f,0x0d,0x02,
    0x90,0x2f,0x07,0x40,0x01,0x05,0x0b,0x2f,0x0e,0x02,0x80,0x2f,0x07,0x70,0x06,0x2f,0x0d,0x01,0x70,0x2f,0x07,0x80,0x05,0x2f,
    0x08,0x70,0x2f,0x07,0x90,0x09,0x1f,0x0e,0x01,0x60,0x2f,0x07,0x90,0x01,0x2f,0x07,0x60,0x2f,0x07,0xa0,0x0a,0x1f,0x0c,0x60,
    0x2f,0x07,0xa0,0x06,0x2f,0x01,0x50,0x2f,0x07,0xa0,0x03,0x2f,0x04,0x50,0x2f,0x07,0xa0,0x02,0x2f,0x05,0x20,0x2d,0x3f,0x3d,
    0x0a,0x50,0x01,0x2f,0x06,0x20,0xaf,0x0b,0x60,0x2f,0x07,0x20,0xaf,0x0b,0x60,0x2f,0x07,0x50,0x2f,0x07,0xa0,0x01,0x2f,0x06,
    0x50,0x2f,0x07,0xa0,0x02,0x2f,0x05,0x50,0x2f,0x07,0xa0,0x03,0x2f,0x03,0x50,0x2f,0x07,0xa0,0x07,0x2f,0x01,0x50,0x2f,0x07,
    0xa0,0x0c,0x1f,0x0c,0x60,0x2f,0x07,0x90,0x02,0x2f,0x07,0x60,0x2f,0x07,0x90,0x0a,0x1f,0x0e,0x01,0x60,0x2f,0x07,0x80,0x06,
    0x2f,0x08,0x70,0x2f,0x07,0x70,0x07,0x2f,0x0c,0x80,0x2f,0x07,0x40,0x02,0x06,0x0c,0x2f,0x0d,0x02,0x80,0x3f,0x2d,0x0e,0x5f,
    0x0c,0x02,0x90,0xbf,0x0e,0x07,0xb0,0x7f,0x0d,0x0c,0x09,0x05,0x01,0x80,0xf0,0x00,0x01,0x02,0x01,0xe0,0x01,0x08,0x1c,0x07,
    0x30,0x04,0x0f,0x0e,0xd0,0x01,0x0d,0x3f,0x0d,0x04,0x00,0x01,0x0c,0x0f,0x0c,0xd0,0x08,0x6f,0x0e,0x2f,0x07,0xd0,0x0e,0x0f,
    0x0b,0x11,0x08,0x4f,0x0d,0x01,0xc0,0x01,0x1f,0x02,0x20,0x03,0x0b,0x1e,0x09,0x01,0xe0,0x13,0xf0,0xf0,0xf0,0x2f,0x0b,0xc0,
    0x07,0x2f,0x50,0x3f,0x06,0xb0,0x07,0x2f,0x50,0x3f,0x0e,0x02,0xa0,0x07,0x2f,0x50,0x4f,0x0b,0xa0,0x07,0x2f,0x50,0x5f,0x06,
    0x90,0x07,0x2f,0x50,0x5f,0x0e,0x01,0x80,0x07,0x2f,0x50,0x2f,0x0d,0x2f,0x0a,0x80,0x07,0x2f,0x50,0x2f,0x07,0x0c,0x2f,0x05,
    0x70,0x07,0x2f,0x50,0x2f,0x07,0x03,0x2f,0x0e,0x01,0x60,0x07,0x2f,0x50,0x2f,0x07,0x00,0x08,0x2f,0x09,0x60,0x07,0x2f,0x50,
    0x2f,0x07,0x00,0x01,0x0d,0x2f,0x04,0x50,0x07,0x2f,0x50,0x2f,0x07,0x10,0x04,0x2f,0x0d,0x01,0x40,0x07,0x2f,0x50,0x2f,0x07,
    0x20,0x09,0x2f,0x09,0x40,0x07,0x2f,0x50,0x2f,0x07,0x20,0x01,0x0d,0x2f,0x04,0x30,0x07,0x2f,0x50,0x2f,0x07,0x30,0x05,0x2f,
    0x0d,0x01,0x20,0x07,0x2f,0x50,0x2f,0x07,0x40,0x0a,0x2f,0x08,0x20,0x07,0x2f,0x50,0x2f,0x07,0x40,0x01,0x0e,0x2f,0x03,0x10,
    0x07,0x2f,0x50,0x2f,0x07,0x50,0x05,0x2f,0x0c,0x10,0x07,0x2f,0x50,0x2f,0x07,0x60,0x0b,0x2f,0x08,0x00,0x07,0x2f,0x50,0x2f,
    0x07,0x60,0x02,0x0e,0x2f,0x03,0x07,0x2f,0x50,0x2f,0x07,0x70,0x06,0x2f,0x0c,0x07,0x2f,0x50,0x2f,0x07,0x80,0x0b,0x2f,0x0d,
    0x2f,0x50,0x2f,0x07,0x80,0x02,0x0e,0x5f,0x50,0x2f,0x07,0x90,0x07,0x5f,0x50,0x2f,0x07,0xa0,0x0c,0x4f,0x50,0x2f,0x07,0xa0,
    0x03,0x4f,0x50,0x2f,0x07,0xb0,0x08,0x3f,0x50,0x2f,0x07,0xc0,0x0c,0x2f,0x20,0x60,0x06,0x28,0x02,0xf0,0x40,0x03,0x0e,0x1f,
    0x0c,0xf0,0x50,0x04,0x2f,0x07,0xf0,0x50,0x06,0x1f,0x0e,0x02,0xf0,0x50,0x08,0x1f,0x0b,0xf0,0x60,0x0a,0x1f,0x06,0xf0,0xf0,
    0xf0,0xf0,0x60,0x02,0x07,0x0b,0x0d,0x0f,0x0e,0x0c,0x09,0x04,0xe0,0x01,0x08,0x8f,0x0d,0x04,0xb0,0x02,0x0d,0x4f,0x0e,0x5f,
    0x07,0x90,0x01,0x0d,0x2f,0x0b,0x04,0x20,0x02,0x07,0x0e,0x2f,0x06,0x80,0x0a,0x2f,0x06,0x60,0x02,0x0c,0x2f,0x02,0x60,0x04,
    0x2f,0x07,0x80,0x01,0x0d,0x1f,0x0b,0x60,0x0b,0x1f,0x0d,0xa0,0x06,0x2f,0x03,0x40,0x02,0x2f,0x06,0xb0,0x0e,0x1f,0x09,0x40,
    0x06,0x2f,0x01,0xb0,0x09,0x1f,0x0d,0x40,0x0a,0x1f,0x0c,0xc0,0x05,0x2f,0x01,0x30,0x0c,0x1f,0x09,0xc0,0x03,0x2f,0x04,0x30,
    0x0d,0x1f,0x08,0xc0,0x01,0x2f,0x05,0x30,0x0e,0x1f,0x07,0xd0,0x2f,0x06,0x30,0x2f,0x07,0xd0,0x2f,0x07,0x30,0x2f,0x07,0xd0,
    0x2f,0x07,0x30,0x0e,0x1f,0x07,0xc0,0x01,0x2f,0x06,0x30,0x0d,0x1f,0x08,0xc0,0x01,0x2f,0x05,0x30,0x0c,0x1f,0x09,0xc0,0x03,
    0x2f,0x04,0x30,0x0a,0x1f,0x0c,0xc0,0x05,0x2f,0x01,0x30,0x06,0x2f,0x01,0xb0,0x09,0x1f,0x0d,0x40,0x02,0x2f,0x06,0xb0,0x0d,
    0x1f,0x09,0x50,0x0b,0x1f,0x0d,0xa0,0x05,0x2f,0x03,0x50,0x04,0x2f,0x08,0x80,0x01,0x0d,0x1f,0x0c,0x70,0x0a,0x2f,0x07,0x60,
    0x01,0x0c,0x2f,0x03,0x70,0x01,0x0d,0x2f,0x0b,0x04,0x20,0x02,0x07,0x0e,0x2f,0x07,0x90,0x02,0x0d,0x4f,0x0e,0x5f,0x08,0xb0,
    0x01,0x08,0x8f,0x0d,0x04,0xe0,0x02,0x07,0x0b,0x0d,0x0f,0x0e,0x0d,0x0a,0x05,0x80,0xd0,0x05,0x28,0x03,0xf0,0x30,0x03,0x2f,
    0x0a,0xf0,0x40,0x0c,0x1f,0x0b,0xf0,0x40,0x07,0x1f,0x0c,0x01,0xf0,0x30,0x03,0x1f,0x0d,0x01,0xf0,0x40,0x0c,0x0f,0x0e,0x02,
    0xf0,0xf0,0xf0,0xf0,0x60,0x02,0x07,0x0b,0x0d,0x0f,0x0e,0x0c,0x09,0x04,0xe0,0x01,0x08,0x8f,0x0d,0x04,0xb0,0x02,0x0d,0x4f,
    0x0e,0x5f,0x07,0x90,0x01,0x0d,0x2f,0x0b,0x04,0x20,0x02,0x07,0x0e,0x2f,0x06,0x80,0x0a,0x2f,0x06,0x60,0x02,0x0c,0x2f,0x02,
    0x60,0x04,0x2f,0x07,0x80,0x01,0x0d,0x1f,0x0b,0x60,0x0b,0x1f,0x0d,0xa0,0x06,0x2f,0x03,0x40,0x02,0x2f,0x06,0xb0,0x0e,0x1f,
    0x09,0x40,0x06,0x2f,0x01,0xb0,0x09,0x1f,0x0d,0x40,0x0a,0x1f,0x0c,0xc0,0x05,0x2f,0x01,0x30,0x0c,0x1f,0x09,0xc0,0x03,0x2f,
    0x04,0x30,0x0d,0x1f,0x08,0xc0,0x01,0x2f,0x05,0x30,0x0e,0x1f,0x07,0xd0,0x2f,0x06,0x30,0x2f,0x07,0xd0,0x2f,0x07,0x30,0x2f,
    0x07,0xd0,0x2f,0x07,0x30,0x0e,0x1f,0x07,0xc0,0x01,0x2f,0x06,0x30,0x0d,0x1f,0x08,0xc0,0x01,0x2f,0x05,0x30,0x0c,0x1f,0x09,
    0xc0,0x03,0x2f,0x04,0x30,0x0a,0x1f,0x0c,0xc0,0x05,0x2f,0x01,0x30,0x06,0x2f,0x01,0xb0,0x09,0x1f,0x0d,0x40,0x02,0x2f,0x06,
    0xb0,0x0d,0x1f,0x09,0x50,0x0b,0x1f,0x0d,0xa0,0x05,0x2f,0x03,0x50,0x04,0x2f,0x08,0x80,0x01,0x0d,0x1f,0x0c,0x70,0x0a,0x2f,
    0x07,0x60,0x01,0x0c,0x2f,0x03,0x70,0x01,0x0d,0x2f,0x0b,0x04,0x20,0x02,0x07,0x0e,0x2f,0x07,0x90,0x02,0x0d,0x4f,0x0e,0x5f,
    0x08,0xb0,0x01,0x08,0x8f,0x0d,0x04,0xe0,0x02,0x07,0x0b,0x0d,0x0f,0x0e,0x0d,0x0a,0x05,0x80,0xa0,0x04,0x08,0x07,0x01,0xf0,
    0x40,0x04,0x0e,0x1f,0x0a,0xf0,0x30,0x03,0x0e,0x0f,0x0c,0x1f,0x09,0xf0,0x10,0x03,0x0e,0x0f,0x0c,0x01,0x05,0x1f,0x08,0xf0,
    0x02,0x0e,0x0f,0x0d,0x01,0x10,0x06,0x1f,0x07,0xe0,0x05,0x18,0x02,0x30,0x05,0x08,0x07,0x01,0xf0,0xf0,0xf0,0xf0,0x20,0x02,
    0x07,0x0b,0x0d,0x0f,0x0e,0x0c,0x09,0x04,0xe0,0x01,0x08,0x8f,0x0d,0x04,0xb0,0x02,0x0d,0x4f,0x0e,0x5f,0x07,0x90,0x01,0x0d,
    0x2f,0x0b,0x04,0x20,0x02,0x07,0x0e,0x2f,0x06,0x80,0x0a,0x2f,0x06,0x60,0x02,0x0c,0x2f,0x02,0x60,0x04,0x2f,0x07,0x80,0x01,
    0x0d,0x1f,0x0b,0x60,0x0b,0x1f,0x0d,0xa0,0x06,0x2f,0x03,0x40,0x02,0x2f,0x06,0xb0,0x0e,0x1f,0x09,0x40,0x06,0x2f,0x01,0xb0,
    0x09,0x1f,0x0d,0x40,0x0a,0x1f,0x0c,0xc0,0x05,0x2f,0x01,0x30,0x0c,0x1f,0x09,0xc0,0x03,0x2f,0x04,0x30,0x0d,0x1f,0x08,0xc0,
    0x01,0x2f,0x05,0x30,0x0e,0x1f,0x07,0xd0,0x2f,0x06,0x30,0x2f,0x07,0xd0,0x2f,0x07,0x30,0x2f,0x07,0xd0,0x2f,0x07,0x30,0x0e,
    0x1f,0x07,0xc0,0x01,0x2f,0x06,0x30,0x0d,0x1f,0x08,0xc0,0x01,0x2f,0x05,0x30,0x0c,0x1f,0x09,0xc0,0x03,0x2f,0x04,0x30,0x0a,
    0x1f,0x0c,0xc0,0x05,0x2f,0x01,0x30,0x06,0x2f,0x01,0xb0,0x09,0x1f,0x0d,0x40,0x02,0x2f,0x06,0xb0,0x0d,0x1f,0x09,0x50,0x0b,
    0x1f,0x0d,0xa0,0x05,0x2f,0x03,0x50,0x04,0x2f,0x08,0x80,0x01,0x0d,0x1f,0x0c,0x70,0x0a,0x2f,0x07,0x60,0x01,0x0c,0x2f,0x03,
    0x70,0x01,0x0d,0x2f,0x0b,0x04,0x20,0x02,0x07,0x0e,0x2f,0x07,0x90,0x02,0x0d,0x4f,0x0e,0x5f,0x08,0xb0,0x01,0x08,0x8f,0x0d,
    0x04,0xe0,0x02,0x07,0x0b,0x0d,0x0f,0x0e,0x0d,0x0a,0x05,0x80,0xf0,0x00,0x04,0x03,0xe0,0x03,0x0b,0x0e,0x0c,0x05,0x20,0x02,
    0x1f,0x01,0xc0,0x02,0x0e,0x3f,0x0a,0x02,0x01,0x0b,0x0f,0x0e,0xd0,0x09,0x1f,0x0e,0x6f,0x09,0xd0,0x0e,0x0f,0x09,0x00,0x01,
    0x09,0x3f,0x0e,0x02,0xc0,0x01,0x1f,0x02,0x20,0x04,0x0b,0x0d,0x0a,0x02,0xe0,0x13,0xf0,0xf0,0xf0,0x20,0x02,0x07,0x0b,0x0d,
    0x0f,0x0e,0x0c,0x09,0x04,0xe0,0x01,0x08,0x8f,0x0d,0x04,0xb0,0x02,0x0d,0x4f,0x0e,0x5f,0x07,0x90,0x01,0x0d,0x2f,0x0b,0x04,
    0x20,0x02,0x07,0x0e,0x2f,0x06,0x80,0x0a,0x2f,0x06,0x60,0x02,0x0c,0x2f,0x02,0x60,0x04,0x2f,0x07,0x80,0x01,0x0d,0x1f,0x0b,
    0x60,0x0b,0x1f,0x0d,0xa0,0x06,0x2f,0x03,0x40,0x02,0x2f,0x06,0xb0,0x0e,0x1f,0x09,0x40,0x06,0x2f,0x01,0xb0,0x09,0x1f,0x0d,
    0x40,0x0a,0x1f,0x0c,0xc0,0x05,0x2f,0x01,0x30,0x0c,0x1f,0x09,0xc0,0x03,0x2f,0x04,0x30,0x0d,0x1f,0x08,0xc0,0x01,0x2f,0x05,
    0x30,0x0e,0x1f,0x07,0xd0,0x2f,0x06,0x30,0x2f,0x07,0xd0,0x2f,0x07,0x30,0x2f,0x07,0xd0,0x2f,0x07,0x30,0x0e,0x1f,0x07,0xc0,
    0x01,0x2f,0x06,0x30,0x0d,0x1f,0x08,0xc0,0x01,0x2f,0x05,0x30,0x0c,0x1f,0x09,0xc0,0x03,0x2f,0x04,0x30,0x0a,0x1f,0x0c,0xc0,
    0x05,0x2f,0x01,0x30,0x06,0x2f,0x01,0xb0,0x09,0x1f,0x0d,0x40,0x02,0x2f,0x06,0xb0,0x0d,0x1f,0x09,0x50,0x0b,0x1f,0x0d,0xa0,
    0x05,0x2f,0x03,0x50,0x04,0x2f,0x08,0x80,0x01,0x0d,0x1f,0x0c,0x70,0x0a,0x2f,0x07,0x60,0x01,0x0c,0x2f,0x03,0x70,0x01,0x0d,
    0x2f,0x0b,0x04,0x20,0x02,0x07,0x0e,0x2f,0x07,0x90,0x02,0x0d,0x4f,0x0e,0x5f,0x08,0xb0,0x01,0x08,0x8f,0x0d,0x04,0xe0,0x02,
    0x07,0x0b,0x0d,0x0f,0x0e,0x0d,0x0a,0x05,0x80,0x60,0x05,0x1e,0x05,0x30,0x05,0x1e,0x05,0xd0,0x0e,0x1f,0x0e,0x30,0x0e,0x1f,
    0x0e,0xd0,0x0e,0x1f,0x0e,0x30,0x0e,0x1f,0x0e,0xd0,0x05,0x1e,0x05,0x30,0x05,0x1e,0x05,0xf0,0xf0,0xf0,0xf0,0x20,0x02,0x07,
    0x0b,0x0d,0x0f,0x0e,0x0c,0x09,0x04,0xe0,0x01,0x08,0x8f,0x0d,0x04,0xb0,0x02,0x0d,0x4f,0x0e,0x5f,0x07,0x90,0x01,0x0d,0x2f,
    0x0b,0x04,0x20,0x02,0x07,0x0e,0x2f,0x06,0x80,0x0a,0x2f,0x06,0x60,0x02,0x0c,0x2f,0x02,0x60,0x04,0x2f,0x07,0x80,0x01,0x0d,
    0x1f,0x0b,0x60,0x0b,0x1f,0x0d,0xa0,0x06,0x2f,0x03,0x40,0x02,0x2f,0x06,0xb0,0x0e,0x1f,0x09,0x40,0x06,0x2f,0x01,0xb0,0x09,
    0x1f,0x0d,0x40,0x0a,0x1f,0x0c,0xc0,0x05,0x2f,0x01,0x30,0x0c,0x1f,0x09,0xc0,0x03,0x2f,0x04,0x30,0x0d,0x1f,0x08,0xc0,0x01,
    0x2f,0x05,0x30,0x0e,0x1f,0x07,0xd0,0x2f,0x06,0x30,0x2f,0x07,0xd0,0x2f,0x07,0x30,0x2f,0x07,0xd0,0x2f,0x07,0x30,0x0e,0x1f,
    0x07,0xc0,0x01,0x2f,0x06,0x30,0x0d,0x1f,0x08,0xc0,0x01,0x2f,0x05,0x30,0x0c,0x1f,0x09,0xc0,0x03,0x2f,0x04,0x30,0x0a,0x1f,
    0x0c,0xc0,0x05,0x2f,0x01,0x30,0x06,0x2f,0x01,0xb0,0x09,0x1f,0x0d,0x40,0x02,0x2f,0x06,0xb0,0x0d,0x1f,0x09,0x50,0x0b,0x1f,
    0x0d,0xa0,0x05,0x2f,0x03,0x50,0x04,0x2f,0x08,0x80,0x01,0x0d,0x1f,0x0c,0x70,0x0a,0x2f,0x07,0x60,0x01,0x0c,0x2f,0x03,0x70,
    0x01,0x0d,0x2f,0x0b,0x04,0x20,0x02,0x07,0x0e,0x2f,0x07,0x90,0x02,0x0d,0x4f,0x0e,0x5f,0x08,0xb0,0x01,0x08,0x8f,0x0d,0x04,
    0xe0,0x02,0x07,0x0b,0x0d,0x0f,0x0e,0x0d,0x0a,0x05,0x80,0x20,0x02,0x01,0x90,0x01,0x02,0x40,0x01,0x0d,0x0b,0x01,0x80,0x0b,
    0x0d,0x01,0x20,0x01,0x0c,0x1f,0x0b,0x70,0x0a,0x1f,0x0c,0x01,0x20,0x0b,0x2f,0x0a,0x50,0x0a,0x2f,0x0b,0x01,0x20,0x01,0x0c,
    0x2f,0x0a,0x30,0x09,0x2f,0x0c,0x01,0x40,0x01,0x0c,0x2f,0x09,0x10,0x09,0x2f,0x0c,0x01,0x60,0x01,0x0c,0x2f,0x18,0x2f,0x0d,
    0x01,0x80,0x01,0x0d,0x5f,0x0d,0x02,0xa0,0x02,0x0d,0x3f,0x0d,0x02,0xc0,0x08,0x3f,0x09,0xc0,0x05,0x5f,0x06,0xa0,0x05,0x7f,
    0x05,0x80,0x04,0x2f,0x0e,0x13,0x0e,0x2f,0x05,0x60,0x04,0x0e,0x2f,0x04,0x10,0x04,0x3f,0x04,0x40,0x03,0x0e,0x2f,0x04,0x30,
    0x04,0x2f,0x0e,0x04,0x20,0x02,0x0e,0x2f,0x05,0x50,0x05,0x2f,0x0e,0x02,0x20,0x09,0x1f,0x06,0x70,0x05,0x1f,0x0a,0x40,0x0a,
    0x06,0x90,0x06,0x0a,0xf0,0xf0,0xf0,0xf0,0xf0,0x20,0xf0,0x30,0x01,0x0e,0x0f,0x07,0x90,0x02,0x07,0x0b,0x0d,0x0f,0x0e,0x0d,
    0x09,0x05,0x20,0x0a,0x0f,0x0d,0x80,0x01,0x08,0x8f,0x0d,0x14,0x1f,0x04,0x70,0x02,0x0d,0x4f,0x1e,0x6f,0x0a,0x70,0x01,0x0d,
    0x2f,0x0b,0x04,0x20,0x02,0x07,0x0e,0x3f,0x02,0x70,0x0a,0x2f,0x06,0x60,0x01,0x0e,0x2f,0x03,0x60,0x04,0x2f,0x07,0x80,0x0b,
    0x2f,0x0c,0x60,0x0b,0x1f,0x0d,0x80,0x04,0x4f,0x04,0x40,0x02,0x2f,0x06,0x80,0x0d,0x0f,0x0a,0x0d,0x1f,0x09,0x40,0x06,0x2f,
    0x01,0x70,0x07,0x0f,0x0e,0x02,0x09,0x1f,0x0d,0x40,0x0a,0x1f,0x0c,0x70,0x02,0x0e,0x0f,0x07,0x00,0x05,0x2f,0x01,0x30,0x0c,
    0x1f,0x09,0x70,0x0a,0x0f,0x0c,0x10,0x03,0x2f,0x04,0x30,0x0d,0x1f,0x08,0x60,0x04,0x1f,0x04,0x10,0x01,0x2f,0x05,0x30,0x0e,
    0x1f,0x07,0x60,0x0d,0x0f,0x0a,0x30,0x2f,0x06,0x30,0x2f,0x07,0x50,0x08,0x0f,0x0e,0x01,0x30,0x2f,0x07,0x30,0x2f,0x07,0x40,
    0x02,0x1f,0x07,0x40,0x2f,0x07,0x30,0x2f,0x07,0x40,0x0b,0x0f,0x0c,0x40,0x01,0x2f,0x06,0x30,0x0e,0x1f,0x08,0x30,0x05,0x1f,
    0x03,0x40,0x01,0x2f,0x05,0x30,0x0c,0x1f,0x09,0x20,0x01,0x0d,0x0f,0x09,0x50,0x03,0x2f,0x04,0x30,0x0a,0x1f,0x0c,0x20,0x08,
    0x0f,0x0e,0x01,0x50,0x05,0x2f,0x01,0x30,0x07,0x2f,0x01,0x00,0x02,0x1f,0x06,0x60,0x09,0x1f,0x0d,0x40,0x02,0x2f,0x06,0x00,
    0x0b,0x0f,0x0c,0x70,0x0d,0x1f,0x09,0x50,0x0c,0x1f,0x0d,0x06,0x1f,0x03,0x60,0x05,0x2f,0x03,0x50,0x05,0x4f,0x09,0x60,0x01,
    0x0d,0x1f,0x0c,0x70,0x0b,0x3f,0x01,0x50,0x01,0x0c,0x2f,0x03,0x70,0x01,0x3f,0x0b,0x04,0x20,0x02,0x07,0x0e,0x2f,0x07,0x90,
    0x0d,0x5f,0x0e,0x5f,0x08,0x90,0x06,0x1f,0x0c,0x8f,0x0d,0x04,0x90,0x01,0x0e,0x0f,0x09,0x00,0x02,0x07,0x0b,0x0e,0x0f,0x0e,
    0x0d,0x0a,0x05,0xb0,0x09,0x0f,0x0e,0x01,0xf0,0x50,0x07,0x08,0x04,0xf0,0x30,0x60,0x07,0x28,0x02,0xf0,0x30,0x04,0x2f,0x0b,
    0xf0,0x40,0x05,0x2f,0x06,0xf0,0x40,0x07,0x1f,0x0e,0x02,0xf0,0x40,0x09,0x1f,0x0b,0xf0,0x50,0x0b,0x1f,0x05,0xf0,0xf0,0xf0,
    0xe0,0x2f,0x07,0xb0,0x2f,0x07,0x40,0x2f,0x07,0xb0,0x2f,0x07,0x40,0x2f,0x07,0xb0,0x2f,0x07,0x40,0x2f,0x07,0xb0,0x2f,0x07,
    0x40,0x2f,0x07,0xb0,0x2f,0x07,0x40,0x2f,0x07,0xb0,0x2f,0x07,0x40,0x2f,0x07,0xb0,0x2f,0x07,0x40,0x2f,0x07,0xb0,0x2f,0x07,
    0x40,0x2f,0x07,0xb0,0x2f,0x07,0x40,0x2f,0x07,0xb0,0x2f,0x07,0x40,0x2f,0x07,0xb0,0x2f,0x07,0x40,0x2f,0x07,0xb0,0x2f,0x07,
    0x40,0x2f,0x07,0xb0,0x2f,0x07,0x40,0x2f,0x07,0xb0,0x2f,0x07,0x40,0x2f,0x07,0xb0,0x2f,0x07,0x40,0x2f,0x07,0xb0,0x2f,0x07,
    0x40,0x2f,0x07,0xb0,0x2f,0x07,0x40,0x2f,0x07,0xb0,0x2f,0x07,0x40,0x2f,0x07,0xb0,0x2f,0x07,0x40,0x0e,0x1f,0x08,0xa0,0x01,
    0x2f,0x06,0x40,0x0d,0x1f,0x09,0xa0,0x03,0x2f,0x04,0x40,0x0a,0x1f,0x0e,0xa0,0x07,0x2f,0x01,0x40,0x06,0x2f,0x06,0x80,0x01,
    0x0d,0x1f,0x0c,0x60,0x0d,0x1f,0x0e,0x04,0x60,0x01,0x0b,0x2f,0x04,0x60,0x04,0x3f,0x09,0x03,0x20,0x01,0x06,0x0d,0x2f,0x09,
    0x80,0x06,0x5f,0x0e,0x5f,0x0a,0xa0,0x03,0x0c,0x8f,0x0e,0x06,0xd0,0x04,0x09,0x0c,0x0e,0x0f,0x0e,0x0d,0x0a,0x05,0x01,0x60,
    0xd0,0x05,0x28,0x03,0xf0,0x20,0x03,0x2f,0x0a,0xf0,0x30,0x0d,0x1f,0x0b,0x01,0xf0,0x20,0x08,0x1f,0x0c,0x01,0xf0,0x20,0x03,
    0x1f,0x0d,0x02,0xf0,0x30,0x0c,0x0f,0x0e,0x02,0xf0,0xf0,0xf0,0xe0,0x2f,0x07,0xb0,0x2f,0x07,0x40,0x2f,0x07,0xb0,0x2f,0x07,
    0x40,0x2f,0x07,0xb0,0x2f,0x07,0x40,0x2f,0x07,0xb0,0x2f,0x07,0x40,0x2f,0x07,0xb0,0x2f,0x07,0x40,0x2f,0x07,0xb0,0x2f,0x07,
    0x40,0x2f,0x07,0xb0,0x2f,0x07,0x40,0x2f,0x07,0xb0,0x2f,0x07,0x40,0x2f,0x07,0xb0,0x2f,0x07,0x40,0x2f,0x07,0xb0,0x2f,0x07,
    0x40,0x2f,0x07,0xb0,0x2f,0x07,0x40,0x2f,0x07,0xb0,0x2f,0x07,0x40,0x2f,0x07,0xb0,0x2f,0x07,0x40,0x2f,0x07,0xb0,0x2f,0x07,
    0x40,0x2f,0x07,0xb0,0x2f,0x07,0x40,0x2f,0x07,0xb0,0x2f,0x07,0x40,0x2f,0x07,0xb0,0x2f,0x07,0x40,0x2f,0x07,0xb0,0x2f,0x07,
    0x40,0x2f,0x07,0xb0,0x2f,0x07,0x40,0x0e,0x1f,0x08,0xa0,0x01,0x2f,0x06,0x40,0x0d,0x1f,0x09,0xa0,0x03,0x2f,0x04,0x40,0x0a,
    0x1f,0x0e,0xa0,0x07,0x2f,0x01,0x40,0x06,0x2f,0x06,0x80,0x01,0x0d,0x1f,0x0c,0x60,0x0d,0x1f,0x0e,0x04,0x60,0x01,0x0b,0x2f,
    0x04,0x60,0x04,0x3f,0x09,0x03,0x20,0x01,0x06,0x0d,0x2f,0x09,0x80,0x06,0x5f,0x0e,0x5f,0x0a,0xa0,0x03,0x0c,0x8f,0x0e,0x06,
    0xd0,0x04,0x09,0x0c,0x0e,0x0f,0x0e,0x0d,0x0a,0x05,0x01,0x60,0xa0,0x04,0x08,0x07,0xf0,0x40,0x04,0x2f,0x0a,0xf0,0x20,0x04,
    0x1f,0x0c,0x1f,0x09,0xf0,0x00,0x03,0x0e,0x0f,0x0c,0x01,0x06,0x1f,0x08,0xe0,0x03,0x0e,0x0f,0x0c,0x01,0x10,0x06,0x1f,0x07,
    0xd0,0x06,0x08,0x07,0x01,0x30,0x05,0x08,0x07,0x01,0xf0,0xf0,0xf0,0xa0,0x2f,0x07,0xb0,0x2f,0x07,0x40,0x2f,0x07,0xb0,0x2f,
    0x07,0x40,0x2f,0x07,0xb0,0x2f,0x07,0x40,0x2f,0x07,0xb0,0x2f,0x07,0x40,0x2f,0x07,0xb0,0x2f,0x07,0x40,0x2f,0x07,0xb0,0x2f,
    0x07,0x40,0x2f,0x07,0xb0,0x2f,0x07,0x40,0x2f,0x07,0xb0,0x2f,0x07,0x40,0x2f,0x07,0xb0,0x2f,0x07,0x40,0x2f,0x07,0xb0,0x2f,
    0x07,0x40,0x2f,0x07,0xb0,0x2f,0x07,0x40,0x2f,0x07,0xb0,0x2f,0x07,0x40,0x2f,0x07,0xb0,0x2f,0x07,0x40,0x2f,0x07,0xb0,0x2f,
    0x07,0x40,0x2f,0x07,0xb0,0x2f,0x07,0x40,0x2f,0x07,0xb0,0x2f,0x07,0x40,0x2f,0x07,0xb0,0x2f,0x07,0x40,0x2f,0x07,0xb0,0x2f,
    0x07,0x40,0x2f,0x07,0xb0,0x2f,0x07,0x40,0x0e,0x1f,0x08,0xa0,0x01,0x2f,0x06,0x40,0x0d,0x1f,0x09,0xa0,0x03,0x2f,0x04,0x40,
    0x0a,0x1f,0x0e,0xa0,0x07,0x2f,0x01,0x40,0x06,0x2f,0x06,0x80,0x01,0x0d,0x1f,0x0c,0x60,0x0d,0x1f,0x0e,0x04,0x60,0x01,0x0b,
    0x2f,0x04,0x60,0x04,0x3f,0x09,0x03,0x20,0x01,0x06,0x0d,0x2f,0x09,0x80,0x06,0x5f,0x0e,0x5f,0x0a,0xa0,0x03,0x0c,0x8f,0x0e,
    0x06,0xd0,0x04,0x09,0x0c,0x0e,0x0f,0x0e,0x0d,0x0a,0x05,0x01,0x60,0x60,0x05,0x1e,0x05,0x30,0x05,0x1e,0x05,0xc0,0x0e,0x1f,
    0x0e,0x30,0x0e,0x1f,0x0d,0xc0,0x0e,0x1f,0x0e,0x30,0x0e,0x1f,0x0e,0xc0,0x05,0x1e,0x05,0x30,0x05,0x1e,0x05,0xf0,0xf0,0xf0,
    0xa0,0x2f,0x07,0xb0,0x2f,0x07,0x40,0x2f,0x07,0xb0,0x2f,0x07,0x40,0x2f,0x07,0xb0,0x2f,0x07,0x40,0x2f,0x07,0xb0,0x2f,0x07,
    0x40,0x2f,0x07,0xb0,0x2f,0x07,0x40,0x2f,0x07,0xb0,0x2f,0x07,0x40,0x2f,0x07,0xb0,0x2f,0x07,0x40,0x2f,0x07,0xb0,0x2f,0x07,
    0x40,0x2f,0x07,0xb0,0x2f,0x07,0x40,0x2f,0x07,0xb0,0x2f,0x07,0x40,0x2f,0x07,0xb0,0x2f,0x07,0x40,0x2f,0x07,0xb0,0x2f,0x07,
    0x40,0x2f,0x07,0xb0,0x2f,0x07,0x40,0x2f,0x07,0xb0,0x2f,0x07,0x40,0x2f,0x07,0xb0,0x2f,0x07,0x40,0x2f,0x07,0xb0,0x2f,0x07,
    0x40,0x2f,0x07,0xb0,0x2f,0x07,0x40,0x2f,0x07,0xb0,0x2f,0x07,0x40,0x2f,0x07,0xb0,0x2f,0x07,0x40,0x0e,0x1f,0x08,0xa0,0x01,
    0x2f,0x06,0x40,0x0d,0x1f,0x09,0xa0,0x03,0x2f,0x04,0x40,0x0a,0x1f,0x0e,0xa0,0x07,0x2f,0x01,0x40,0x06,0x2f,0x06,0x80,0x01,
    0x0d,0x1f,0x0c,0x60,0x0d,0x1f,0x0e,0x04,0x60,0x01,0x0b,0x2f,0x04,0x60,0x04,0x3f,0x09,0x03,0x20,0x01,0x06,0x0d,0x2f,0x09,
    0x80,0x06,0x5f,0x0e,0x5f,0x0a,0xa0,0x03,0x0c,0x8f,0x0e,0x06,0xd0,0x04,0x09,0x0c,0x0e,0x0f,0x0e,0x0d,0x0a,0x05,0x01,0x60,
    0xc0,0x0d,0x1f,0x0e,0x03,0xf0,0x00,0x08,0x2f,0x04,0xf0,0x00,0x02,0x2f,0x05,0xf0,0x10,0x0b,0x1f,0x07,0xf0,0x10,0x06,0x1f,
    0x08,0xf0,0x20,0x06,0x08,0x06,0xf0,0xf0,0x00,0x01,0x0e,0x1f,0x0e,0x01,0xb0,0x08,0x2f,0x07,0x00,0x08,0x2f,0x08,0xa0,0x01,
    0x0e,0x1f,0x0e,0x01,0x00,0x01,0x0e,0x1f,0x0e,0x01,0x90,0x08,0x2f,0x06,0x20,0x07,0x2f,0x08,0x80,0x01,0x0e,0x1f,0x0d,0x40,
    0x0d,0x1f,0x0e,0x01,0x70,0x08,0x2f,0x05,0x40,0x06,0x2f,0x07,0x60,0x01,0x0e,0x1f,0x0c,0x60,0x0d,0x1f,0x0e,0x01,0x50,0x08,
    0x2f,0x04,0x60,0x05,0x2f,0x07,0x40,0x01,0x0e,0x1f,0x0c,0x80,0x0c,0x1f,0x0e,0x01,0x30,0x08,0x2f,0x04,0x80,0x04,0x2f,0x07,
    0x20,0x01,0x0e,0x1f,0x0b,0xa0,0x0b,0x1f,0x0e,0x01,0x10,0x08,0x2f,0x03,0xa0,0x03,0x2f,0x07,0x00,0x01,0x0e,0x1f,0x0a,0xc0,
    0x0a,0x1f,0x0e,0x01,0x07,0x2f,0x02,0xc0,0x02,0x2f,0x08,0x0e,0x1f,0x09,0xe0,0x09,0x4f,0x0e,0x01,0xe0,0x02,0x4f,0x08,0xf0,
    0x00,0x08,0x2f,0x0e,0x01,0xf0,0x00,0x01,0x2f,0x08,0xf0,0x20,0x2f,0x07,0xf0,0x20,0x2f,0x07,0xf0,0x20,0x2f,0x07,0xf0,0x20,
    0x2f,0x07,0xf0,0x20,0x2f,0x07,0xf0,0x20,0x2f,0x07,0xf0,0x20,0x2f,0x07,0xf0,0x20,0x2f,0x07,0xf0,0x20,0x2f,0x07,0xf0,0x20,
    0x2f,0x07,0x80,0x20,0x2f,0x07,0xf0,0x10,0x2f,0x07,0xf0,0x10,0x2f,0x07,0xf0,0x10,0x2f,0x07,0xf0,0x10,0x2f,0x07,0xf0,0x10,
    0x2f,0x07,0xf0,0x10,0x8f,0x0e,0x0d,0x0a,0x05,0x80,0xcf,0x0d,0x03,0x60,0x3f,0x3d,0x0e,0x5f,0x05,0x50,0x2f,0x07,0x50,0x03,
    0x09,0x2f,0x0e,0x02,0x40,0x2f,0x07,0x70,0x05,0x2f,0x0a,0x40,0x2f,0x07,0x80,0x0a,0x2f,0x01,0x30,0x2f,0x07,0x80,0x04,0x2f,
    0x05,0x30,0x2f,0x07,0x80,0x01,0x2f,0x06,0x30,0x2f,0x07,0x80,0x01,0x2f,0x06,0x30,0x2f,0x07,0x80,0x03,0x2f,0x05,0x30,0x2f,
    0x07,0x80,0x09,0x2f,0x01,0x30,0x2f,0x07,0x70,0x05,0x2f,0x0b,0x40,0x2f,0x07,0x50,0x02,0x09,0x2f,0x0e,0x02,0x40,0x3f,0x4d,
    0x5f,0x05,0x50,0xcf,0x0d,0x03,0x60,0x8f,0x0e,0x0d,0x0a,0x05,0x80,0x2f,0x07,0xf0,0x10,0x2f,0x07,0xf0,0x10,0x2f,0x07,0xf0,
    0x10,0x2f,0x07,0xf0,0x10,0x2f,0x07,0xf0,0x10,0x2f,0x07,0xe0,0x50,0x01,0x07,0x0c,0x0e,0x0f,0x0e,0x0b,0x07,0x01,0xc0,0x04,
    0x0e,0x6f,0x0e,0x05,0xa0,0x03,0x4f,0x0e,0x4f,0x04,0x90,0x0d,0x2f,0x06,0x01,0x00,0x01,0x08,0x2f,0x0c,0x80,0x05,0x2f,0x06,
    0x40,0x09,0x2f,0x03,0x70,0x09,0x1f,0x0d,0x50,0x03,0x2f,0x05,0x70,0x0d,0x1f,0x09,0x60,0x2f,0x06,0x70,0x0e,0x1f,0x08,0x50,
    0x01,0x2f,0x05,0x70,0x2f,0x07,0x50,0x05,0x2f,0x03,0x70,0x2f,0x07,0x50,0x0c,0x1f,0x0c,0x80,0x2f,0x07,0x40,0x05,0x2f,0x05,
    0x80,0x2f,0x07,0x40,0x0c,0x1f,0x0c,0x90,0x2f,0x07,0x30,0x03,0x2f,0x05,0x90,0x2f,0x07,0x30,0x06,0x2f,0x01,0x90,0x2f,0x07,
    0x30,0x06,0x2f,0x01,0x90,0x2f,0x07,0x30,0x03,0x2f,0x07,0x90,0x2f,0x07,0x40,0x0c,0x2f,0x04,0x80,0x2f,0x07,0x40,0x03,0x3f,
    0x05,0x70,0x2f,0x07,0x50,0x04,0x0e,0x2f,0x07,0x60,0x2f,0x07,0x60,0x03,0x0e,0x2f,0x09,0x50,0x2f,0x07,0x70,0x02,0x0d,0x2f,
    0x06,0x40,0x2f,0x07,0x80,0x01,0x0d,0x1f,0x0e,0x01,0x30,0x2f,0x07,0x90,0x05,0x2f,0x05,0x30,0x2f,0x07,0x90,0x01,0x2f,0x06,
    0x30,0x2f,0x07,0x90,0x02,0x2f,0x05,0x30,0x2f,0x07,0x10,0x02,0x60,0x07,0x2f,0x03,0x30,0x2f,0x07,0x10,0x0a,0x0c,0x06,0x01,
    0x10,0x01,0x08,0x2f,0x0c,0x40,0x2f,0x07,0x10,0x0e,0x2f,0x1e,0x4f,0x04,0x40,0x2f,0x07,0x00,0x02,0x8f,0x0e,0x05,0x50,0x2f,
    0x07,0x10,0x03,0x07,0x0b,0x0d,0x0e,0x0f,0x0d,0x0b,0x07,0x01,0x30,0x40,0x06,0x28,0x03,0xf0,0x03,0x0e,0x1f,0x0d,0x01,0xf0,
    0x04,0x2f,0x09,0xf0,0x00,0x05,0x2f,0x04,0xf0,0x00,0x06,0x1f,0x0d,0xf0,0x10,0x08,0x1f,0x08,0xf0,0xf0,0xf0,0xf0,0xc0,0x03,
    0x08,0x0c,0x0e,0x0f,0x0e,0x0c,0x08,0x03,0x90,0x01,0x0a,0x8f,0x08,0x70,0x01,0x0d,0x3f,0x1e,0x4f,0x09,0x60,0x0b,0x2f,0x0a,
    0x03,0x20,0x05,0x0d,0x2f,0x04,0x40,0x03,0x2f,0x08,0x50,0x02,0x0e,0x1f,0x0a,0x40,0x05,0x2d,0x01,0x60,0x0a,0x1f,0x0d,0xf0,
    0x00,0x07,0x1f,0x0e,0xf0,0x00,0x07,0x2f,0x80,0x04,0x08,0x0b,0x1e,0x6f,0x60,0x04,0x0c,0xbf,0x50,0x05,0x5f,0x1e,0x1d,0x3f,
    0x40,0x02,0x0e,0x2f,0x09,0x04,0x01,0x30,0x07,0x2f,0x40,0x09,0x2f,0x05,0x60,0x07,0x2f,0x40,0x0d,0x1f,0x0a,0x70,0x07,0x2f,
    0x40,0x0e,0x1f,0x07,0x70,0x0b,0x2f,0x40,0x0e,0x1f,0x08,0x70,0x3f,0x40,0x0b,0x1f,0x0e,0x01,0x50,0x09,0x3f,0x40,0x05,0x2f,
    0x0c,0x04,0x20,0x05,0x0c,0x4f,0x01,0x40,0x0a,0x4f,0x0e,0x7f,0x03,0x40,0x01,0x0a,0x7f,0x07,0x03,0x2f,0x06,0x60,0x04,0x0a,
    0x0d,0x1e,0x0c,0x08,0x02,0x10,0x09,0x1a,0x06,0x10,0xb0,0x04,0x28,0x04,0xe0,0x02,0x0e,0x1f,0x0c,0x01,0xe0,0x0a,0x1f,0x0d,
    0x01,0xe0,0x05,0x1f,0x0e,0x02,0xe0,0x01,0x0e,0x0f,0x0e,0x03,0xf0,0x0a,0x1f,0x04,0xf0,0xf0,0xf0,0xf0,0xc0,0x03,0x08,0x0c,
    0x0e,0x0f,0x0e,0x0c,0x08,0x03,0x90,0x01,0x0a,0x8f,0x08,0x70,0x01,0x0d,0x3f,0x1e,0x4f,0x09,0x60,0x0b,0x2f,0x0a,0x03,0x20,
    0x05,0x0d,0x2f,0x04,0x40,0x03,0x2f,0x08,0x50,0x02,0x0e,0x1f,0x0a,0x40,0x05,0x2d,0x01,0x60,0x0a,0x1f,0x0d,0xf0,0x00,0x07,
    0x1f,0x0e,0xf0,0x00,0x07,0x2f,0x80,0x04,0x08,0x0b,0x1e,0x6f,0x60,0x04,0x0c,0xbf,0x50,0x05,0x3f,0x0d,0x0a,0x08,0x27,0x0e,
    0x2f,0x40,0x02,0x0e,0x1f,0x0d,0x04,0x50,0x07,0x2f,0x40,0x09,0x1f,0x0e,0x02,0x60,0x07,0x2f,0x40,0x0d,0x1f,0x09,0x70,0x07,
    0x2f,0x40,0x0e,0x1f,0x07,0x70,0x0b,0x2f,0x40,0x0e,0x1f,0x09,0x70,0x3f,0x40,0x0b,0x1f,0x0e,0x02,0x50,0x0a,0x3f,0x40,0x05,
    0x2f,0x0d,0x04,0x10,0x01,0x05,0x0c,0x4f,0x01,0x40,0x0a,0x4f,0x0e,0x3f,0x0e,0x2f,0x03,0x40,0x01,0x0a,0x7f,0x07,0x03,0x2f,
    0x06,0x60,0x04,0x0a,0x0d,0x1e,0x0c,0x08,0x02,0x10,0x09,0x1a,0x06,0x10,0x80,0x03,0x08,0x07,0x01,0xf0,0x03,0x0e,0x1f,0x0c,
    0x01,0xd0,0x02,0x0e,0x0f,0x0d,0x0e,0x0f,0x0b,0xc0,0x02,0x0e,0x0f,0x0d,0x02,0x04,0x0e,0x0f,0x0a,0xa0,0x02,0x0d,0x0f,0x0e,
    0x02,0x10,0x04,0x1f,0x09,0x90,0x05,0x18,0x03,0x30,0x04,0x18,0x02,0xf0,0xf0,0xf0,0xf0,0x80,0x03,0x08,0x0c,0x0e,0x0f,0x0e,
    0x0c,0x08,0x03,0x90,0x01,0x0a,0x8f,0x08,0x70,0x01,0x0d,0x3f,0x1e,0x4f,0x09,0x60,0x0b,0x2f,0x0a,0x03,0x20,0x05,0x0d,0x2f,
    0x04,0x40,0x03,0x2f,0x08,0x50,0x02,0x0e,0x1f,0x0a,0x40,0x05,0x2d,0x01,0x60,0x0a,0x1f,0x0d,0xf0,0x00,0x07,0x1f,0x0e,0xf0,
    0x00,0x07,0x2f,0x80,0x04,0x08,0x0b,0x1e,0x6f,0x60,0x04,0x0c,0xbf,0x50,0x05,0x5f,0x1e,0x1d,0x3f,0x40,0x02,0x0e,0x2f,0x09,
    0x04,0x01,0x30,0x07,0x2f,0x40,0x09,0x2f,0x05,0x60,0x07,0x2f,0x40,0x0d,0x1f,0x0a,0x70,0x07,0x2f,0x40,0x0e,0x1f,0x07,0x70,
    0x0b,0x2f,0x40,0x0e,0x1f,0x08,0x70,0x3f,0x40,0x0b,0x1f,0x0e,0x01,0x50,0x09,0x3f,0x40,0x05,0x2f,0x0c,0x04,0x20,0x05,0x0c,
    0x4f,0x01,0x40,0x0a,0x4f,0x0e,0x7f,0x03,0x40,0x01,0x0a,0x7f,0x07,0x03,0x2f,0x06,0x60,0x04,0x0a,0x0d,0x1e,0x0c,0x08,0x02,
    0x10,0x09,0x1a,0x06,0x10,0xe0,0x04,0x03,0x80,0x01,0x09,0x1e,0x0a,0x02,0x20,0x02,0x1f,0x01,0x70,0x0c,0x3f,0x0e,0x07,0x11,
    0x0b,0x0f,0x0e,0x70,0x06,0x2f,0x0e,0x6f,0x09,0x70,0x0c,0x0f,0x0b,0x01,0x00,0x05,0x0e,0x3f,0x0d,0x01,0x70,0x0e,0x0f,0x04,
    0x20,0x01,0x08,0x1d,0x09,0x01,0x80,0x12,0xf0,0xf0,0xf0,0xe0,0x03,0x08,0x0c,0x0e,0x0f,0x0e,0x0c,0x08,0x03,0x90,0x01,0x0a,
    0x8f,0x08,0x70,0x01,0x0d,0x3f,0x1e,0x4f,0x09,0x60,0x0b,0x2f,0x0a,0x03,0x20,0x05,0x0d,0x2f,0x04,0x40,0x03,0x2f,0x08,0x50,
    0x02,0x0e,0x1f,0x0a,0x40,0x05,0x2d,0x01,0x60,0x0a,0x1f,0x0d,0xf0,0x00,0x07,0x1f,0x0e,0xf0,0x00,0x07,0x2f,0x80,0x04,0x09,
    0x0c,0x0e,0x7f,0x60,0x04,0x0c,0xbf,0x50,0x05,0x5f,0x1e,0x1d,0x3f,0x40,0x02,0x3f,0x09,0x04,0x01,0x30,0x07,0x2f,0x40,0x09,
    0x2f,0x04,0x60,0x07,0x2f,0x40,0x0d,0x1f,0x0a,0x70,0x07,0x2f,0x40,0x0e,0x1f,0x07,0x70,0x0b,0x2f,0x40,0x0e,0x1f,0x08,0x70,
    0x3f,0x40,0x0b,0x1f,0x0e,0x01,0x50,0x09,0x3f,0x40,0x05,0x2f,0x0c,0x04,0x20,0x05,0x0c,0x4f,0x01,0x40,0x0b,0x4f,0x0e,0x3f,
    0x0c,0x2f,0x03,0x40,0x01,0x0a,0x6f,0x0e,0x05,0x04,0x2f,0x06,0x60,0x04,0x0a,0x0d,0x0f,0x0e,0x0c,0x07,0x01,0x00,0x01,0x2a,
    0x06,0x10,0x40,0x05,0x1e,0x05,0x30,0x05,0x1e,0x05,0x80,0x0e,0x1f,0x0e,0x30,0x0e,0x1f,0x0d,0x80,0x0e,0x1f,0x0e,0x30,0x0e,
    0x1f,0x0e,0x80,0x05,0x1e,0x05,0x30,0x05,0x1e,0x05,0xf0,0xf0,0xf0,0xf0,0x80,0x03,0x08,0x0c,0x0e,0x0f,0x0e,0x0c,0x08,0x03,
    0x90,0x01,0x0a,0x8f,0x08,0x70,0x01,0x0d,0x3f,0x1e,0x4f,0x09,0x60,0x0b,0x2f,0x0a,0x03,0x20,0x05,0x0d,0x2f,0x04,0x40,0x03,
    0x2f,0x08,0x50,0x02,0x0e,0x1f,0x0a,0x40,0x05,0x2d,0x01,0x60,0x0a,0x1f,0x0d,0xf0,0x00,0x07,0x1f,0x0e,0xf0,0x00,0x07,0x2f,
    0x80,0x04,0x08,0x0b,0x1e,0x6f,0x60,0x04,0x0c,0xbf,0x50,0x05,0x5f,0x1e,0x1d,0x3f,0x40,0x02,0x0e,0x2f,0x09,0x04,0x01,0x30,
    0x07,0x2f,0x40,0x09,0x2f,0x05,0x60,0x07,0x2f,0x40,0x0d,0x1f,0x0a,0x70,0x07,0x2f,0x40,0x0e,0x1f,0x07,0x70,0x0b,0x2f,0x40,
    0x0e,0x1f,0x08,0x70,0x3f,0x40,0x0b,0x1f,0x0e,0x01,0x50,0x09,0x3f,0x40,0x05,0x2f,0x0c,0x04,0x20,0x05,0x0c,0x4f,0x01,0x40,
    0x0a,0x4f,0x0e,0x7f,0x03,0x40,0x01,0x0a,0x7f,0x07,0x03,0x2f,0x06,0x60,0x04,0x0a,0x0d,0x1e,0x0c,0x08,0x02,0x10,0x09,0x1a,
    0x06,0x10,0x70,0x01,0x07,0x0b,0x0c,0x08,0x01,0xd0,0x01,0x0c,0x3f,0x0d,0x01,0xc0,0x08,0x0f,0x0b,0x02,0x01,0x0a,0x0f,0x0a,
    0xc0,0x0d,0x0f,0x01,0x10,0x01,0x0e,0x0f,0xc0,0x0f,0x0d,0x30,0x0b,0x0f,0x01,0xb0,0x0d,0x0f,0x01,0x20,0x0e,0x0f,0xc0,0x09,
    0x0f,0x0b,0x02,0x01,0x0a,0x0f,0x0a,0xc0,0x01,0x0d,0x3f,0x0e,0x02,0xd0,0x01,0x08,0x1c,0x08,0x01,0xf0,0xf0,0xf0,0x60,0x02,
    0x08,0x0c,0x0e,0x0f,0x0e,0x0c,0x09,0x04,0x90,0x01,0x09,0x8f,0x0b,0x01,0x60,0x01,0x0c,0x3f,0x1e,0x4f,0x0c,0x01,0x50,0x0a,
    0x2f,0x0a,0x03,0x20,0x05,0x0d,0x2f,0x08,0x40,0x03,0x2f,0x08,0x50,0x02,0x0e,0x1f,0x0e,0x40,0x05,0x2d,0x01,0x60,0x0a,0x2f,
    0x02,0xf0,0x07,0x2f,0x04,0xf0,0x07,0x2f,0x04,0x70,0x03,0x08,0x0b,0x0d,0x0e,0x6f,0x04,0x50,0x03,0x0c,0xbf,0x04,0x40,0x05,
    0x5f,0x1e,0x1d,0x3f,0x04,0x30,0x02,0x0e,0x2f,0x0a,0x04,0x01,0x30,0x07,0x2f,0x04,0x30,0x09,0x2f,0x05,0x60,0x07,0x2f,0x04,
    0x30,0x0d,0x1f,0x0a,0x70,0x07,0x2f,0x04,0x30,0x0e,0x1f,0x07,0x70,0x0b,0x2f,0x04,0x30,0x0e,0x1f,0x08,0x70,0x3f,0x04,0x30,
    0x0b,0x1f,0x0e,0x01,0x50,0x09,0x3f,0x05,0x30,0x05,0x2f,0x0c,0x04,0x20,0x05,0x0c,0x4f,0x06,0x40,0x0a,0x4f,0x0e,0x7f,0x07,
    0x40,0x01,0x09,0x7f,0x0a,0x02,0x2f,0x0a,0x60,0x04,0x09,0x0d,0x1e,0x0d,0x09,0x03,0x10,0x08,0x1a,0x09,0x10,0x40,0x04,0x09,
    0x0c,0x0e,0x0f,0x0e,0x0c,0x08,0x02,0x30,0x02,0x08,0x0c,0x0e,0x0f,0x0d,0x0b,0x07,0x01,0x70,0x02,0x0c,0x8f,0x08,0x10,0x07,
    0x7f,0x0e,0x05,0x50,0x03,0x0e,0x4f,0x0e,0x4f,0x08,0x09,0x4f,0x0e,0x4f,0x06,0x40,0x0c,0x2f,0x0a,0x03,0x20,0x05,0x0e,0x5f,
    0x0c,0x04,0x20,0x05,0x0d,0x1f,0x0e,0x02,0x20,0x04,0x2f,0x09,0x50,0x03,0x4f,0x0b,0x50,0x01,0x0d,0x1f,0x09,0x20,0x05,0x0d,
    0x0e,0x0f,0x02,0x60,0x0a,0x3f,0x02,0x60,0x06,0x1f,0x0e,0xe0,0x08,0x2f,0x09,0x70,0x02,0x2f,0x03,0xd0,0x09,0x2f,0x05,0x80,
    0x2f,0x05,0x40,0x01,0x05,0x09,0x0c,0x4d,0x4f,0x8d,0x2f,0x06,0x30,0x06,0x0e,0xff,0x8f,0x07,0x20,0x08,0xff,0xaf,0x07,0x10,
    0x04,0x3f,0x0a,0x04,0x01,0x30,0x0d,0x2f,0xf0,0x0a,0x2f,0x06,0x60,0x0b,0x2f,0x02,0xe0,0x0d,0x1f,0x0b,0x70,0x09,0x2f,0x05,
    0xe0,0x2f,0x07,0x70,0x07,0x2f,0x0a,0xe0,0x0e,0x1f,0x08,0x70,0x0c,0x3f,0x02,0xd0,0x0b,0x1f,0x0d,0x01,0x50,0x07,0x4f,0x0c,
    0x01,0x60,0x02,0x0b,0x02,0x20,0x06,0x2f,0x0b,0x03,0x10,0x01,0x05,0x0d,0x6f,0x0e,0x06,0x01,0x20,0x03,0x09,0x1f,0x09,0x30,
    0x0c,0x3f,0x1e,0x4f,0x0c,0x01,0x09,0x4f,0x1e,0x4f,0x0e,0x30,0x02,0x0c,0x7f,0x0e,0x08,0x20,0x06,0x0e,0x8f,0x0a,0x02,0x50,
    0x06,0x0b,0x0d,0x0f,0x0e,0x0d,0x0a,0x06,0x01,0x40,0x01,0x06,0x0b,0x0d,0x0e,0x0f,0x0e,0x0b,0x08,0x02,0x30,0x60,0x05,0x0a,
    0x0d,0x1e,0x0d,0x0a,0x04,0x90,0x03,0x0d,0x7f,0x0c,0x02,0x60,0x04,0x4f,0x1e,0x3f,0x0e,0x02,0x40,0x02,0x0e,0x1f,0x0e,0x07,
    0x01,0x10,0x03,0x0a,0x2f,0x0d,0x40,0x0a,0x1f,0x0e,0x03,0x50,0x08,0x2f,0x06,0x20,0x02,0x2f,0x07,0x70,0x0d,0x1f,0x0b,0x20,
    0x07,0x2f,0x01,0x70,0x08,0x1f,0x0e,0x20,0x0b,0x1f,0x0b,0x80,0x02,0x25,0x20,0x0d,0x1f,0x08,0xf0,0x0e,0x1f,0x07,0xf0,0x2f,
    0x07,0xf0,0x0e,0x1f,0x07,0xf0,0x0d,0x1f,0x09,0xf0,0x0b,0x1f,0x0b,0xf0,0x07,0x1f,0x0e,0x80,0x06,0x2c,0x20,0x02,0x2f,0x06,
    0x70,0x0b,0x1f,0x0c,0x30,0x0b,0x1f,0x0e,0x03,0x50,0x06,0x2f,0x07,0x30,0x02,0x0e,0x1f,0x0e,0x07,0x01,0x10,0x02,0x09,0x2f,
    0x0d,0x01,0x40,0x04,0x4f,0x1e,0x3f,0x0d,0x02,0x60,0x04,0x0d,0x7f,0x0b,0x01,0x90,0x05,0x0b,0x2f,0x0d,0x09,0x04,0xc0,0x04,
    0x1f,0x02,0xf0,0x08,0x2f,0x09,0x01,0xd0,0x04,0x08,0x0d,0x1f,0x09,0xf0,0x01,0x0e,0x0f,0x0e,0xf0,0x00,0x0e,0x0f,0x0e,0xd0,
    0x01,0x03,0x0a,0x1f,0x0a,0xd0,0x0b,0x2f,0x0d,0x02,0xd0,0x0b,0x0e,0x0b,0x07,0x01,0x60,0x40,0x06,0x28,0x02,0xe0,0x03,0x0e,
    0x1f,0x0b,0xf0,0x05,0x2f,0x06,0xf0,0x06,0x1f,0x0e,0x02,0xf0,0x08,0x1f,0x0b,0xf0,0x00,0x0a,0x1f,0x06,0xf0,0xf0,0xf0,0xf0,
    0x90,0x04,0x09,0x0d,0x0f,0x0e,0x0d,0x09,0x03,0x90,0x02,0x0b,0x7f,0x0a,0x01,0x60,0x02,0x0d,0x3f,0x0e,0x4f,0x0b,0x50,0x01,
    0x0d,0x2f,0x07,0x01,0x10,0x02,0x0a,0x2f,0x08,0x40,0x08,0x2f,0x04,0x50,0x08,0x2f,0x01,0x20,0x01,0x0e,0x1f,0x08,0x60,0x01,
    0x0e,0x1f,0x06,0x20,0x06,0x2f,0x01,0x70,0x09,0x1f,0x0a,0x20,0x0a,0x1f,0x0c,0x80,0x07,0x1f,0x0d,0x20,0x0d,0x2f,0x8d,0x0e,
    0x1f,0x0e,0x20,0x0e,0xff,0x20,0xff,0x0f,0x20,0x2f,0x07,0xf0,0x0e,0x1f,0x08,0xf0,0x0c,0x1f,0x0b,0xf0,0x08,0x2f,0x02,0xe0,
    0x03,0x2f,0x09,0x80,0x07,0x03,0x40,0x0b,0x2f,0x06,0x60,0x08,0x0f,0x0e,0x04,0x30,0x02,0x0e,0x2f,0x0a,0x03,0x20,0x04,0x0b,
    0x2f,0x05,0x40,0x04,0x0e,0x4f,0x0e,0x4f,0x07,0x60,0x03,0x0c,0x7f,0x0e,0x05,0x90,0x04,0x09,0x0d,0x0e,0x0f,0x0e,0x0b,0x07,
    0x01,0x30,0xb0,0x05,0x28,0x03,0xd0,0x03,0x2f,0x0a,0xe0,0x0c,0x1f,0x0b,0xe0,0x08,0x1f,0x0c,0x01,0xd0,0x03,0x1f,0x0d,0x02,
    0xe0,0x0c,0x0f,0x0e,0x02,0xf0,0xf0,0xf0,0xf0,0x90,0x04,0x09,0x0d,0x0f,0x0e,0x0d,0x09,0x03,0x90,0x02,0x0b,0x7f,0x0a,0x01,
    0x60,0x02,0x0d,0x3f,0x0e,0x4f,0x0b,0x50,0x01,0x0d,0x2f,0x07,0x01,0x10,0x02,0x0a,0x2f,0x08,0x40,0x08,0x2f,0x04,0x50,0x08,
    0x2f,0x01,0x20,0x01,0x0e,0x1f,0x08,0x60,0x01,0x0e,0x1f,0x06,0x20,0x06,0x2f,0x01,0x70,0x09,0x1f,0x0a,0x20,0x0a,0x1f,0x0c,
    0x80,0x07,0x1f,0x0d,0x20,0x0d,0x2f,0x8d,0x0e,0x1f,0x0e,0x20,0x0e,0xff,0x20,0xff,0x0f,0x20,0x2f,0x07,0xf0,0x0e,0x1f,0x08,
    0xf0,0x0c,0x1f,0x0b,0xf0,0x08,0x2f,0x02,0xe0,0x03,0x2f,0x09,0x80,0x07,0x03,0x40,0x0b,0x2f,0x06,0x60,0x08,0x0f,0x0e,0x04,
    0x30,0x02,0x0e,0x2f,0x0a,0x03,0x20,0x04,0x0b,0x2f,0x05,0x40,0x04,0x0e,0x4f,0x0e,0x4f,0x07,0x60,0x03,0x0c,0x7f,0x0e,0x05,
    0x90,0x04,0x09,0x0d,0x0e,0x0f,0x0e,0x0b,0x07,0x01,0x30,0x80,0x04,0x08,0x07,0x01,0xe0,0x04,0x2f,0x0a,0xd0,0x03,0x0e,0x0f,
    0x0c,0x1f,0x09,0xb0,0x03,0x0e,0x0f,0x0c,0x01,0x05,0x1f,0x08,0x90,0x02,0x0e,0x0f,0x0d,0x01,0x10,0x06,0x1f,0x07,0x80,0x06,
    0x08,0x07,0x02,0x30,0x05,0x08,0x07,0x01,0xf0,0xf0,0xf0,0xf0,0x50,0x04,0x09,0x0d,0x0f,0x0e,0x0d,0x09,0x03,0x90,0x02,0x0b,
    0x7f,0x0a,0x01,0x60,0x02,0x0d,0x3f,0x0e,0x4f,0x0b,0x50,0x01,0x0d,0x2f,0x07,0x01,0x10,0x02,0x0a,0x2f,0x08,0x40,0x08,0x2f,
    0x04,0x50,0x08,0x2f,0x01,0x20,0x01,0x0e,0x1f,0x08,0x60,0x01,0x0e,0x1f,0x06,0x20,0x06,0x2f,0x01,0x70,0x09,0x1f,0x0a,0x20,
    0x0a,0x1f,0x0c,0x80,0x07,0x1f,0x0d,0x20,0x0d,0x2f,0x8d,0x0e,0x1f,0x0e,0x20,0x0e,0xff,0x20,0xff,0x0f,0x20,0x2f,0x07,0xf0,
    0x0e,0x1f,0x08,0xf0,0x0c,0x1f,0x0b,0xf0,0x08,0x2f,0x02,0xe0,0x03,0x2f,0x09,0x80,0x07,0x03,0x40,0x0b,0x2f,0x06,0x60,0x08,
    0x0f,0x0e,0x04,0x30,0x02,0x0e,0x2f,0x0a,0x03,0x20,0x04,0x0b,0x2f,0x05,0x40,0x04,0x0e,0x4f,0x0e,0x4f,0x07,0x60,0x03,0x0c,
    0x7f,0x0e,0x05,0x90,0x04,0x09,0x0d,0x0e,0x0f,0x0e,0x0b,0x07,0x01,0x30,0x40,0x05,0x1e,0x05,0x30,0x05,0x1e,0x05,0x70,0x0e,
    0x1f,0x0e,0x30,0x0e,0x1f,0x0e,0x70,0x0e,0x1f,0x0e,0x30,0x0e,0x1f,0x0e,0x70,0x05,0x1e,0x05,0x30,0x05,0x1e,0x05,0xf0,0xf0,
    0xf0,0xf0,0x50,0x04,0x09,0x0d,0x0f,0x0e,0x0d,0x09,0x03,0x90,0x02,0x0b,0x7f,0x0a,0x01,0x60,0x02,0x0d,0x3f,0x0e,0x4f,0x0b,
    0x50,0x01,0x0d,0x2f,0x07,0x01,0x10,0x02,0x0a,0x2f,0x08,0x40,0x08,0x2f,0x04,0x50,0x08,0x2f,0x01,0x20,0x01,0x0e,0x1f,0x08,
    0x60,0x01,0x0e,0x1f,0x06,0x20,0x06,0x2f,0x01,0x70,0x09,0x1f,0x0a,0x20,0x0a,0x1f,0x0c,0x80,0x07,0x1f,0x0d,0x20,0x0d,0x2f,
    0x8d,0x0e,0x1f,0x0e,0x20,0x0e,0xff,0x20,0xff,0x0f,0x20,0x2f,0x07,0xf0,0x0e,0x1f,0x08,0xf0,0x0c,0x1f,0x0b,0xf0,0x08,0x2f,
    0x02,0xe0,0x03,0x2f,0x09,0x80,0x06,0x04,0x40,0x0b,0x2f,0x07,0x60,0x06,0x0f,0x0e,0x05,0x30,0x02,0x0e,0x2f,0x0a,0x03,0x20,
    0x03,0x0a,0x2f,0x05,0x40,0x04,0x0e,0x4f,0x0e,0x4f,0x07,0x60,0x03,0x0c,0x7f,0x0e,0x06,0x90,0x04,0x09,0x0d,0x0e,0x0f,0x0e,
    0x0b,0x07,0x01,0x30,0x09,0x2f,0x07,0x50,0x0a,0x2f,0x02,0x40,0x01,0x0c,0x1f,0x0c,0x50,0x01,0x0d,0x1f,0x06,0x50,0x02,0x0e,
    0x0f,0x0e,0x02,0x50,0x03,0x18,0x04,0xf0,0x90,0x2f,0x07,0x50,0x2f,0x07,0x50,0x2f,0x07,0x50,0x2f,0x07,0x50,0x2f,0x07,0x50,
    0x2f,0x07,0x50,0x2f,0x07,0x50,0x2f,0x07,0x50,0x2f,0x07,0x50,0x2f,0x07,0x50,0x2f,0x07,0x50,0x2f,0x07,0x50,0x2f,0x07,0x50,
    0x2f,0x07,0x50,0x2f,0x07,0x50,0x2f,0x07,0x50,0x2f,0x07,0x50,0x2f,0x07,0x50,0x2f,0x07,0x50,0x2f,0x07,0x50,0x2f,0x07,0x10,
    0x50,0x0c,0x1f,0x0e,0x03,0x40,0x07,0x2f,0x04,0x40,0x03,0x2f,0x06,0x50,0x0c,0x1f,0x07,0x50,0x07,0x1f,0x08,0x60,0x07,0x08,
    0x07,0xf0,0xd0,0x2f,0x07,0x60,0x2f,0x07,0x60,0x2f,0x07,0x60,0x2f,0x07,0x60,0x2f,0x07,0x60,0x2f,0x07,0x60,0x2f,0x07,0x60,
    0x2f,0x07,0x60,0x2f,0x07,0x60,0x2f,0x07,0x60,0x2f,0x07,0x60,0x2f,0x07,0x60,0x2f,0x07,0x60,0x2f,0x07,0x60,0x2f,0x07,0x60,
    0x2f,0x07,0x60,0x2f,0x07,0x60,0x2f,0x07,0x60,0x2f,0x07,0x60,0x2f,0x07,0x60,0x2f,0x07,0x30,0x30,0x0b,0x1f,0x05,0x60,0x0a,
    0x2f,0x0e,0x04,0x40,0x09,0x1f,0x06,0x0b,0x0f,0x0e,0x03,0x20,0x08,0x1f,0x06,0x00,0x01,0x0c,0x0f,0x0e,0x02,0x00,0x07,0x1f,
    0x07,0x20,0x01,0x0d,0x0f,0x0d,0x01,0xf0,0xf0,0x70,0x2f,0x07,0x70,0x2f,0x07,0x70,0x2f,0x07,0x70,0x2f,0x07,0x70,0x2f,0x07,
    0x70,0x2f,0x07,0x70,0x2f,0x07,0x70,0x2f,0x07,0x70,0x2f,0x07,0x70,0x2f,0x07,0x70,0x2f,0x07,0x70,0x2f,0x07,0x70,0x2f,0x07,
    0x70,0x2f,0x07,0x70,0x2f,0x07,0x70,0x2f,0x07,0x70,0x2f,0x07,0x70,0x2f,0x07,0x70,0x2f,0x07,0x70,0x2f,0x07,0x70,0x2f,0x07,
    0x30,0x05,0x1e,0x05,0x30,0x05,0x1e,0x05,0x0e,0x1f,0x0e,0x30,0x0e,0x1f,0x1e,0x1f,0x0e,0x30,0x0e,0x1f,0x0e,0x05,0x1e,0x05,
    0x30,0x05,0x1e,0x05,0xf0,0xf0,0x70,0x2f,0x07,0x70,0x2f,0x07,0x70,0x2f,0x07,0x70,0x2f,0x07,0x70,0x2f,0x07,0x70,0x2f,0x07,
    0x70,0x2f,0x07,0x70,0x2f,0x07,0x70,0x2f,0x07,0x70,0x2f,0x07,0x70,0x2f,0x07,0x70,0x2f,0x07,0x70,0x2f,0x07,0x70,0x2f,0x07,
    0x70,0x2f,0x07,0x70,0x2f,0x07,0x70,0x2f,0x07,0x70,0x2f,0x07,0x70,0x2f,0x07,0x70,0x2f,0x07,0x70,0x2f,0x07,0x30,0x40,0x04,
    0x02,0xf0,0x30,0x0e,0x0f,0x0d,0x07,0x01,0x50,0x01,0x80,0x04,0x3f,0x0e,0x08,0x01,0x20,0x07,0x0e,0x02,0x70,0x05,0x0e,0x4f,
    0x0d,0x03,0x02,0x0c,0x1f,0x0a,0x90,0x04,0x0b,0x7f,0x09,0x01,0xb0,0x03,0x0c,0x4f,0x05,0xe0,0x05,0x4f,0x06,0xc0,0x01,0x09,
    0x5f,0x0e,0x02,0xa0,0x02,0x0d,0x1f,0x0c,0x03,0x05,0x2f,0x0b,0xb0,0x0c,0x0f,0x08,0x20,0x09,0x2f,0x05,0xa0,0x02,0x04,0x30,
    0x01,0x0e,0x1f,0x0c,0xf0,0x10,0x07,0x2f,0x03,0x80,0x01,0x07,0x0c,0x0e,0x0f,0x0d,0x0a,0x04,0x01,0x0e,0x1f,0x09,0x70,0x06,
    0x0e,0x6f,0x09,0x0b,0x1f,0x0d,0x60,0x07,0x4f,0x1e,0x6f,0x01,0x40,0x04,0x2f,0x0e,0x07,0x02,0x10,0x01,0x05,0x0c,0x3f,0x03,
    0x40,0x0d,0x1f,0x0e,0x03,0x50,0x01,0x0d,0x2f,0x05,0x30,0x04,0x2f,0x06,0x70,0x02,0x2f,0x06,0x30,0x09,0x1f,0x0e,0x90,0x2f,
    0x06,0x30,0x0c,0x1f,0x0a,0x90,0x2f,0x07,0x30,0x0e,0x1f,0x08,0x90,0x2f,0x06,0x30,0x2f,0x07,0x80,0x01,0x2f,0x05,0x30,0x0e,
    0x1f,0x07,0x80,0x03,0x2f,0x04,0x30,0x0d,0x1f,0x0a,0x80,0x06,0x2f,0x01,0x30,0x09,0x1f,0x0e,0x01,0x70,0x0a,0x1f,0x0d,0x40,
    0x04,0x2f,0x07,0x60,0x02,0x2f,0x07,0x50,0x0c,0x2f,0x04,0x40,0x01,0x0c,0x1f,0x0e,0x01,0x50,0x03,0x3f,0x07,0x01,0x10,0x04,
    0x0c,0x2f,0x06,0x70,0x05,0x4f,0x0e,0x4f,0x08,0x90,0x04,0x0d,0x6f,0x0e,0x07,0xc0,0x06,0x0a,0x0d,0x0f,0x0e,0x0c,0x08,0x02,
    0x60,0xe0,0x04,0x03,0x90,0x03,0x0b,0x0e,0x0c,0x04,0x20,0x02,0x1f,0x01,0x70,0x02,0x0e,0x3f,0x08,0x01,0x00,0x0a,0x0f,0x0e,
    0x80,0x09,0x1f,0x0e,0x3f,0x0e,0x1f,0x0a,0x80,0x0e,0x0f,0x09,0x00,0x01,0x0a,0x3f,0x0e,0x02,0x70,0x01,0x1f,0x02,0x20,0x06,
    0x0d,0x0f,0x0b,0x03,0x80,0x01,0x14,0xf0,0xf0,0xf0,0xa0,0x2f,0x07,0x00,0x01,0x07,0x0c,0x0e,0x0f,0x0d,0x0a,0x03,0x70,0x2f,
    0x07,0x04,0x0e,0x6f,0x07,0x60,0x2f,0x0b,0x3f,0x0e,0x4f,0x04,0x50,0x4f,0x0c,0x04,0x10,0x01,0x08,0x2f,0x0c,0x50,0x3f,0x0a,
    0x50,0x09,0x2f,0x01,0x40,0x3f,0x01,0x50,0x03,0x2f,0x04,0x40,0x2f,0x0d,0x60,0x01,0x2f,0x06,0x40,0x2f,0x08,0x70,0x2f,0x06,
    0x40,0x2f,0x07,0x70,0x2f,0x07,0x40,0x2f,0x07,0x70,0x2f,0x07,0x40,0x2f,0x07,0x70,0x2f,0x07,0x40,0x2f,0x07,0x70,0x2f,0x07,
    0x40,0x2f,0x07,0x70,0x2f,0x07,0x40,0x2f,0x07,0x70,0x2f,0x07,0x40,0x2f,0x07,0x70,0x2f,0x07,0x40,0x2f,0x07,0x70,0x2f,0x07,
    0x40,0x2f,0x07,0x70,0x2f,0x07,0x40,0x2f,0x07,0x70,0x2f,0x07,0x40,0x2f,0x07,0x70,0x2f,0x07,0x40,0x2f,0x07,0x70,0x2f,0x07,
    0x40,0x2f,0x07,0x70,0x2f,0x07,0x10,0x40,0x05,0x28,0x04,0xf0,0x00,0x01,0x0d,0x1f,0x0e,0x02,0xf0,0x00,0x02,0x0e,0x1f,0x0b,
    0xf0,0x10,0x03,0x0e,0x1f,0x06,0xf0,0x10,0x05,0x1f,0x0e,0x02,0xf0,0x10,0x06,0x1f,0x0a,0xf0,0xf0,0xf0,0xf0,0xf0,0x10,0x04,
    0x09,0x0c,0x1e,0x0d,0x0b,0x06,0x01,0xa0,0x02,0x0b,0x7f,0x0d,0x05,0x80,0x02,0x0d,0x4f,0x0e,0x4f,0x07,0x60,0x01,0x0d,0x2f,
    0x0a,0x03,0x10,0x01,0x06,0x0e,0x2f,0x05,0x50,0x09,0x2f,0x06,0x50,0x02,0x0d,0x1f,0x0e,0x01,0x30,0x01,0x0e,0x1f,0x0a,0x70,
    0x04,0x2f,0x07,0x30,0x06,0x2f,0x02,0x80,0x0b,0x1f,0x0d,0x30,0x0a,0x1f,0x0c,0x90,0x06,0x2f,0x02,0x20,0x0d,0x1f,0x09,0x90,
    0x02,0x2f,0x04,0x20,0x0e,0x1f,0x07,0x90,0x01,0x2f,0x06,0x20,0x2f,0x07,0xa0,0x2f,0x06,0x20,0x0e,0x1f,0x07,0x90,0x01,0x2f,
    0x06,0x20,0x0d,0x1f,0x09,0x90,0x02,0x2f,0x04,0x20,0x0a,0x1f,0x0c,0x90,0x06,0x2f,0x02,0x20,0x06,0x2f,0x02,0x80,0x0b,0x1f,
    0x0d,0x30,0x01,0x2f,0x0a,0x70,0x03,0x2f,0x07,0x40,0x09,0x2f,0x06,0x50,0x01,0x0d,0x1f,0x0e,0x01,0x40,0x01,0x0d,0x2f,0x09,
    0x03,0x10,0x01,0x06,0x0e,0x2f,0x05,0x60,0x02,0x0d,0x4f,0x0e,0x4f,0x07,0x80,0x02,0x0b,0x7f,0x0e,0x05,0xb0,0x04,0x09,0x0d,
    0x0e,0x0f,0x0d,0x0b,0x06,0x01,0x50,0xb0,0x03,0x28,0x06,0xf0,0x01,0x0d,0x1f,0x0e,0x02,0xf0,0x08,0x1f,0x0e,0x03,0xf0,0x03,
    0x2f,0x04,0xf0,0x00,0x0d,0x1f,0x05,0xf0,0x00,0x08,0x1f,0x06,0xf0,0xf0,0xf0,0xf0,0xf0,0x10,0x04,0x09,0x0c,0x1e,0x0d,0x0b,
    0x06,0x01,0xa0,0x02,0x0b,0x7f,0x0d,0x05,0x80,0x02,0x0d,0x4f,0x0e,0x4f,0x07,0x60,0x01,0x0d,0x2f,0x0a,0x03,0x10,0x01,0x06,
    0x0e,0x2f,0x05,0x50,0x09,0x2f,0x06,0x50,0x02,0x0d,0x1f,0x0e,0x01,0x30,0x01,0x0e,0x1f,0x0a,0x70,0x04,0x2f,0x07,0x30,0x06,
    0x2f,0x02,0x80,0x0b,0x1f,0x0d,0x30,0x0a,0x1f,0x0c,0x90,0x06,0x2f,0x02,0x20,0x0d,0x1f,0x09,0x90,0x02,0x2f,0x04,0x20,0x0e,
    0x1f,0x07,0x90,0x01,0x2f,0x06,0x20,0x2f,0x07,0xa0,0x2f,0x06,0x20,0x0e,0x1f,0x07,0x90,0x01,0x2f,0x06,0x20,0x0d,0x1f,0x09,
    0x90,0x02,0x2f,0x04,0x20,0x0a,0x1f,0x0c,0x90,0x06,0x2f,0x02,0x20,0x06,0x2f,0x02,0x80,0x0b,0x1f,0x0d,0x30,0x01,0x2f,0x0a,
    0x70,0x03,0x2f,0x07,0x40,0x09,0x2f,0x06,0x50,0x01,0x0d,0x1f,0x0e,0x01,0x40,0x01,0x0d,0x2f,0x09,0x03,0x10,0x01,0x06,0x0e,
    0x2f,0x05,0x60,0x02,0x0d,0x4f,0x0e,0x4f,0x07,0x80,0x02,0x0b,0x7f,0x0e,0x05,0xb0,0x04,0x09,0x0d,0x0e,0x0f,0x0d,0x0b,0x06,
    0x01,0x50,0x80,0x02,0x18,0x03,0xf0,0x00,0x02,0x0d,0x1f,0x0e,0x02,0xe0,0x01,0x0d,0x0f,0x0e,0x0d,0x0f,0x0d,0x02,0xc0,0x01,
    0x0c,0x0f,0x0e,0x03,0x02,0x0e,0x0f,0x0d,0x01,0xa0,0x01,0x0c,0x0f,0x0e,0x04,0x10,0x02,0x0e,0x0f,0x0c,0x01,0x90,0x04,0x18,
    0x04,0x30,0x03,0x18,0x04,0xf0,0xf0,0xf0,0xf0,0xd0,0x04,0x09,0x0c,0x1e,0x0d,0x0b,0x06,0x01,0xa0,0x02,0x0b,0x7f,0x0d,0x05,
    0x80,0x02,0x0d,0x4f,0x0e,0x4f,0x07,0x60,0x01,0x0d,0x2f,0x0a,0x03,0x10,0x01,0x06,0x0e,0x2f,0x05,0x50,0x09,0x2f,0x06,0x50,
    0x02,0x0d,0x1f,0x0e,0x01,0x30,0x01,0x0e,0x1f,0x0a,0x70,0x04,0x2f,0x07,0x30,0x06,0x2f,0x02,0x80,0x0b,0x1f,0x0d,0x30,0x0a,
    0x1f,0x0c,0x90,0x06,0x2f,0x02,0x20,0x0d,0x1f,0x09,0x90,0x02,0x2f,0x04,0x20,0x0e,0x1f,0x07,0x90,0x01,0x2f,0x06,0x20,0x2f,
    0x07,0xa0,0x2f,0x06,0x20,0x0e,0x1f,0x07,0x90,0x01,0x2f,0x06,0x20,0x0d,0x1f,0x09,0x90,0x02,0x2f,0x04,0x20,0x0a,0x1f,0x0c,
    0x90,0x06,0x2f,0x02,0x20,0x06,0x2f,0x02,0x80,0x0b,0x1f,0x0d,0x30,0x01,0x2f,0x0a,0x70,0x03,0x2f,0x07,0x40,0x09,0x2f,0x06,
    0x50,0x01,0x0d,0x1f,0x0e,0x01,0x40,0x01,0x0d,0x2f,0x09,0x03,0x10,0x01,0x06,0x0e,0x2f,0x05,0x60,0x02,0x0d,0x4f,0x0e,0x4f,
    0x07,0x80,0x02,0x0b,0x7f,0x0e,0x05,0xb0,0x04,0x09,0x0d,0x0e,0x0f,0x0d,0x0b,0x06,0x01,0x50,0xe0,0x04,0x03,0xa0,0x03,0x0b,
    0x0e,0x0c,0x04,0x20,0x02,0x1f,0x01,0x80,0x02,0x0e,0x3f,0x0a,0x02,0x01,0x0b,0x0f,0x0e,0x90,0x0a,0x1f,0x0e,0x6f,0x0a,0x90,
    0x0e,0x0f,0x09,0x00,0x01,0x09,0x3f,0x0e,0x02,0x80,0x02,0x1f,0x02,0x20,0x05,0x0c,0x0d,0x0a,0x02,0xa0,0x12,0xf0,0xf0,0xf0,
    0xf0,0x10,0x04,0x09,0x0c,0x1e,0x0d,0x0b,0x06,0x01,0xa0,0x02,0x0b,0x7f,0x0d,0x05,0x80,0x02,0x0d,0x4f,0x0e,0x4f,0x07,0x60,
    0x01,0x0d,0x2f,0x0a,0x03,0x10,0x01,0x06,0x0e,0x2f,0x05,0x50,0x09,0x2f,0x06,0x50,0x02,0x0d,0x1f,0x0e,0x01,0x30,0x01,0x0e,
    0x1f,0x0a,0x70,0x04,0x2f,0x07,0x30,0x06,0x2f,0x02,0x80,0x0b,0x1f,0x0d,0x30,0x0a,0x1f,0x0c,0x90,0x06,0x2f,0x02,0x20,0x0d,
    0x1f,0x09,0x90,0x02,0x2f,0x04,0x20,0x0e,0x1f,0x07,0x90,0x01,0x2f,0x06,0x20,0x2f,0x07,0xa0,0x2f,0x06,0x20,0x0e,0x1f,0x07,
    0x90,0x01,0x2f,0x06,0x20,0x0d,0x1f,0x09,0x90,0x02,0x2f,0x04,0x20,0x0a,0x1f,0x0c,0x90,0x06,0x2f,0x02,0x20,0x06,0x2f,0x02,
    0x80,0x0b,0x1f,0x0d,0x30,0x01,0x2f,0x0a,0x70,0x03,0x2f,0x07,0x40,0x09,0x2f,0x06,0x50,0x01,0x0d,0x1f,0x0e,0x01,0x40,0x01,
    0x0d,0x2f,0x09,0x03,0x10,0x01,0x06,0x0e,0x2f,0x05,0x60,0x02,0x0d,0x4f,0x0e,0x4f,0x07,0x80,0x02,0x0b,0x7f,0x0e,0x05,0xb0,
    0x04,0x09,0x0d,0x0e,0x0f,0x0d,0x0b,0x06,0x01,0x50,0x40,0x05,0x1e,0x05,0x30,0x05,0x1e,0x05,0x90,0x0e,0x1f,0x0e,0x30,0x0e,
    0x1f,0x0e,0x90,0x0e,0x1f,0x0e,0x30,0x0e,0x1f,0x0e,0x90,0x05,0x1e,0x05,0x30,0x05,0x1e,0x05,0xf0,0xf0,0xf0,0xf0,0xd0,0x04,
    0x09,0x0c,0x1e,0x0d,0x0b,0x06,0x01,0xa0,0x02,0x0b,0x7f,0x0d,0x05,0x80,0x02,0x0d,0x4f,0x0e,0x4f,0x07,0x60,0x01,0x0d,0x2f,
    0x0a,0x03,0x10,0x01,0x06,0x0e,0x2f,0x05,0x50,0x09,0x2f,0x06,0x50,0x02,0x0d,0x1f,0x0e,0x01,0x30,0x01,0x0e,0x1f,0x0a,0x70,
    0x04,0x2f,0x07,0x30,0x06,0x2f,0x02,0x80,0x0b,0x1f,0x0d,0x30,0x0a,0x1f,0x0c,0x90,0x06,0x2f,0x02,0x20,0x0d,0x1f,0x09,0x90,
    0x02,0x2f,0x04,0x20,0x0e,0x1f,0x07,0x90,0x01,0x2f,0x06,0x20,0x2f,0x07,0xa0,0x2f,0x06,0x20,0x0e,0x1f,0x07,0x90,0x01,0x2f,
    0x06,0x20,0x0d,0x1f,0x09,0x90,0x02,0x2f,0x04,0x20,0x0a,0x1f,0x0c,0x90,0x06,0x2f,0x02,0x20,0x06,0x2f,0x02,0x80,0x0b,0x1f,
    0x0d,0x30,0x01,0x2f,0x0a,0x70,0x03,0x2f,0x07,0x40,0x09,0x2f,0x06,0x50,0x01,0x0d,0x1f,0x0e,0x01,0x40,0x01,0x0d,0x2f,0x09,
    0x03,0x10,0x01,0x06,0x0e,0x2f,0x05,0x60,0x02,0x0d,0x4f,0x0e,0x4f,0x07,0x80,0x02,0x0b,0x7f,0x0e,0x05,0xb0,0x04,0x09,0x0d,
    0x0e,0x0f,0x0d,0x0b,0x06,0x01,0x50,0x70,0x05,0x1e,0x05,0xf0,0x10,0x0e,0x1f,0x0e,0xf0,0x10,0x0e,0x1f,0x0e,0xf0,0x10,0x05,
    0x1e,0x05,0xf0,0xf0,0xf0,0xf0,0xf0,0xf0,0xf0,0x80,0xfd,0x2d,0x20,0xff,0x2f,0x20,0xff,0x2f,0xf0,0xf0,0xf0,0xf0,0xf0,0xf0,
    0x10,0x05,0x1e,0x05,0xf0,0x10,0x0e,0x1f,0x0e,0xf0,0x10,0x0e,0x1f,0x0e,0xf0,0x10,0x05,0x1e,0x05,0xf0,0xf0,0xf0,0xf0,0xb0,
    0xf0,0x05,0x08,0x04,0xf0,0x10,0x01,0x1f,0x03,0xf0,0x10,0x08,0x0f,0x0b,0xa0,0x04,0x09,0x0c,0x0e,0x0f,0x0d,0x0b,0x07,0x1f,
    0x04,0x80,0x02,0x0b,0x9f,0x80,0x02,0x0d,0x4f,0x0e,0x4f,0x07,0x60,0x01,0x0d,0x2f,0x0a,0x03,0x10,0x01,0x0e,0x3f,0x05,0x50,
    0x09,0x2f,0x06,0x30,0x01,0x0e,0x3f,0x0e,0x01,0x30,0x01,0x0e,0x1f,0x0a,0x40,0x07,0x0f,0x0c,0x04,0x2f,0x07,0x30,0x06,0x2f,
    0x02,0x30,0x01,0x0e,0x0f,0x05,0x00,0x0b,0x1f,0x0d,0x30,0x0a,0x1f,0x0c,0x40,0x07,0x0f,0x0c,0x10,0x06,0x2f,0x02,0x20,0x0d,
    0x1f,0x09,0x30,0x01,0x0e,0x0f,0x05,0x10,0x02,0x2f,0x04,0x20,0x0e,0x1f,0x07,0x30,0x07,0x0f,0x0d,0x20,0x01,0x2f,0x06,0x20,
    0x2f,0x07,0x30,0x0e,0x0f,0x05,0x30,0x2f,0x06,0x20,0x0e,0x1f,0x07,0x20,0x06,0x0f,0x0d,0x30,0x01,0x2f,0x06,0x20,0x0d,0x1f,
    0x09,0x20,0x0d,0x0f,0x06,0x30,0x02,0x2f,0x04,0x20,0x0a,0x1f,0x0c,0x10,0x06,0x0f,0x0d,0x40,0x06,0x2f,0x02,0x20,0x06,0x2f,
    0x02,0x00,0x0d,0x0f,0x06,0x40,0x0b,0x1f,0x0d,0x30,0x01,0x2f,0x0a,0x06,0x0f,0x0d,0x40,0x03,0x2f,0x07,0x40,0x09,0x4f,0x06,
    0x30,0x01,0x0d,0x1f,0x0e,0x01,0x40,0x01,0x0d,0x3f,0x03,0x10,0x01,0x06,0x0e,0x2f,0x05,0x60,0x02,0x0d,0x4f,0x0e,0x4f,0x07,
    0x80,0x07,0x8f,0x0e,0x05,0x90,0x0c,0x0f,0x0b,0x09,0x0d,0x0e,0x0f,0x0d,0x0b,0x06,0x01,0x90,0x05,0x0f,0x0e,0x01,0xf0,0x10,
    0x0c,0x0f,0x07,0xe0,0x40,0x04,0x28,0x04,0xf0,0x01,0x0d,0x1f,0x0e,0x02,0xf0,0x02,0x0e,0x1f,0x0b,0xf0,0x00,0x03,0x0e,0x1f,
    0x05,0xf0,0x00,0x05,0x1f,0x0e,0x01,0xf0,0x00,0x06,0x1f,0x0a,0xf0,0xf0,0xf0,0xf0,0x90,0x2f,0x07,0x70,0x07,0x2f,0x40,0x2f,
    0x07,0x70,0x07,0x2f,0x40,0x2f,0x07,0x70,0x07,0x2f,0x40,0x2f,0x07,0x70,0x07,0x2f,0x40,0x2f,0x07,0x70,0x07,0x2f,0x40,0x2f,
    0x07,0x70,0x07,0x2f,0x40,0x2f,0x07,0x70,0x07,0x2f,0x40,0x2f,0x07,0x70,0x07,0x2f,0x40,0x2f,0x07,0x70,0x07,0x2f,0x40,0x2f,
    0x07,0x70,0x07,0x2f,0x40,0x2f,0x07,0x70,0x07,0x2f,0x40,0x2f,0x07,0x70,0x07,0x2f,0x40,0x2f,0x07,0x70,0x07,0x2f,0x40,0x2f,
    0x07,0x70,0x07,0x2f,0x40,0x0e,0x1f,0x08,0x70,0x0b,0x2f,0x40,0x0c,0x1f,0x0b,0x70,0x3f,0x40,0x09,0x2f,0x03,0x50,0x07,0x3f,
    0x40,0x04,0x2f,0x0e,0x05,0x01,0x00,0x02,0x05,0x0b,0x4f,0x50,0x0a,0xdf,0x50,0x01,0x0b,0x7f,0x0a,0x07,0x2f,0x70,0x05,0x0b,
    0x0e,0x0f,0x0e,0x0d,0x09,0x03,0x00,0x07,0x2f,0x10,0xb0,0x03,0x28,0x06,0xe0,0x01,0x0d,0x1f,0x0e,0x02,0xe0,0x08,0x1f,0x0e,
    0x03,0xe0,0x03,0x2f,0x04,0xf0,0x0d,0x1f,0x05,0xf0,0x08,0x1f,0x06,0xf0,0xf0,0xf0,0xf0,0x90,0x2f,0x07,0x70,0x07,0x2f,0x40,
    0x2f,0x07,0x70,0x07,0x2f,0x40,0x2f,0x07,0x70,0x07,0x2f,0x40,0x2f,0x07,0x70,0x07,0x2f,0x40,0x2f,0x07,0x70,0x07,0x2f,0x40,
    0x2f,0x07,0x70,0x07,0x2f,0x40,0x2f,0x07,0x70,0x07,0x2f,0x40,0x2f,0x07,0x70,0x07,0x2f,0x40,0x2f,0x07,0x70,0x07,0x2f,0x40,
    0x2f,0x07,0x70,0x07,0x2f,0x40,0x2f,0x07,0x70,0x07,0x2f,0x40,0x2f,0x07,0x70,0x07,0x2f,0x40,0x2f,0x07,0x70,0x07,0x2f,0x40,
    0x2f,0x07,0x70,0x07,0x2f,0x40,0x0e,0x1f,0x08,0x70,0x0b,0x2f,0x40,0x0c,0x1f,0x0b,0x70,0x3f,0x40,0x09,0x2f,0x02,0x50,0x06,
    0x3f,0x40,0x04,0x2f,0x0d,0x04,0x20,0x03,0x0a,0x4f,0x50,0x0a,0x4f,0x0e,0x7f,0x50,0x01,0x0b,0x7f,0x0a,0x07,0x2f,0x70,0x05,
    0x0b,0x0e,0x0f,0x0e,0x0d,0x09,0x03,0x00,0x07,0x2f,0x10,0x80,0x02,0x18,0x02,0xf0,0x01,0x0d,0x1f,0x0d,0x02,0xd0,0x01,0x0d,
    0x0f,0x0e,0x0d,0x0f,0x0d,0x01,0xb0,0x01,0x0c,0x0f,0x0e,0x03,0x02,0x0e,0x0f,0x0c,0x01,0x90,0x01,0x0c,0x0f,0x0e,0x04,0x10,
    0x02,0x0e,0x0f,0x0c,0x01,0x80,0x04,0x18,0x04,0x30,0x03,0x18,0x04,0xf0,0xf0,0xf0,0xf0,0x50,0x2f,0x07,0x70,0x07,0x2f,0x40,
    0x2f,0x07,0x70,0x07,0x2f,0x40,0x2f,0x07,0x70,0x07,0x2f,0x40,0x2f,0x07,0x70,0x07,0x2f,0x40,0x2f,0x07,0x70,0x07,0x2f,0x40,
    0x2f,0x07,0x70,0x07,0x2f,0x40,0x2f,0x07,0x70,0x07,0x2f,0x40,0x2f,0x07,0x70,0x07,0x2f,0x40,0x2f,0x07,0x70,0x07,0x2f,0x40,
    0x2f,0x07,0x70,0x07,0x2f,0x40,0x2f,0x07,0x70,0x07,0x2f,0x40,0x2f,0x07,0x70,0x07,0x2f,0x40,0x2f,0x07,0x70,0x07,0x2f,0x40,
    0x2f,0x07,0x70,0x07,0x2f,0x40,0x0e,0x1f,0x08,0x70,0x0b,0x2f,0x40,0x0c,0x1f,0x0b,0x70,0x3f,0x40,0x09,0x2f,0x03,0x50,0x07,
    0x3f,0x40,0x04,0x2f,0x0e,0x05,0x01,0x00,0x02,0x05,0x0b,0x4f,0x50,0x0a,0xdf,0x50,0x01,0x0b,0x7f,0x0a,0x07,0x2f,0x70,0x05,
    0x0b,0x0e,0x0f,0x0e,0x0d,0x09,0x03,0x00,0x07,0x2f,0x10,0x40,0x05,0x1e,0x05,0x30,0x05,0x1e,0x05,0x80,0x0e,0x1f,0x0e,0x30,
    0x0e,0x1f,0x0d,0x80,0x0e,0x1f,0x0e,0x30,0x0e,0x1f,0x0e,0x80,0x05,0x1e,0x05,0x30,0x05,0x1e,0x05,0xf0,0xf0,0xf0,0xf0,0x50,
    0x2f,0x07,0x70,0x07,0x2f,0x40,0x2f,0x07,0x70,0x07,0x2f,0x40,0x2f,0x07,0x70,0x07,0x2f,0x40,0x2f,0x07,0x70,0x07,0x2f,0x40,
    0x2f,0x07,0x70,0x07,0x2f,0x40,0x2f,0x07,0x70,0x07,0x2f,0x40,0x2f,0x07,0x70,0x07,0x2f,0x40,0x2f,0x07,0x70,0x07,0x2f,0x40,
    0x2f,0x07,0x70,0x07,0x2f,0x40,0x2f,0x07,0x70,0x07,0x2f,0x40,0x2f,0x07,0x70,0x07,0x2f,0x40,0x2f,0x07,0x70,0x07,0x2f,0x40,
    0x2f,0x07,0x70,0x07,0x2f,0x40,0x2f,0x07,0x70,0x07,0x2f,0x40,0x0e,0x1f,0x08,0x70,0x0b,0x2f,0x40,0x0c,0x1f,0x0b,0x70,0x3f,
    0x40,0x09,0x2f,0x02,0x50,0x06,0x3f,0x40,0x04,0x2f,0x0d,0x04,0x20,0x03,0x0a,0x4f,0x50,0x0b,0x4f,0x0e,0x7f,0x50,0x01,0x0b,
    0x7f,0x08,0x07,0x2f,0x70,0x06,0x0b,0x0e,0x0f,0x0e,0x0c,0x08,0x03,0x00,0x07,0x2f,0x10,0xa0,0x07,0x18,0x07,0x01,0xb0,0x08,
    0x2f,0x05,0xb0,0x03,0x2f,0x07,0xc0,0x0c,0x1f,0x08,0xc0,0x07,0x1f,0x0a,0xc0,0x02,0x1f,0x0b,0xf0,0xf0,0xf0,0xc0,0x06,0x2f,
    0x05,0x70,0x05,0x2f,0x05,0x01,0x2f,0x0a,0x70,0x09,0x1f,0x0e,0x01,0x00,0x0b,0x1f,0x0e,0x70,0x0e,0x1f,0x0a,0x10,0x06,0x2f,
    0x04,0x50,0x03,0x2f,0x05,0x10,0x01,0x2f,0x09,0x50,0x08,0x1f,0x0e,0x01,0x20,0x0a,0x1f,0x0e,0x50,0x0c,0x1f,0x0a,0x30,0x05,
    0x2f,0x04,0x30,0x02,0x2f,0x05,0x40,0x0e,0x1f,0x09,0x30,0x06,0x1f,0x0e,0x50,0x0a,0x1f,0x0d,0x30,0x0b,0x1f,0x0a,0x50,0x04,
    0x2f,0x03,0x10,0x01,0x0e,0x1f,0x05,0x60,0x0e,0x1f,0x08,0x10,0x05,0x1f,0x0e,0x70,0x09,0x1f,0x0d,0x10,0x09,0x1f,0x0a,0x70,
    0x04,0x2f,0x03,0x00,0x0e,0x1f,0x04,0x80,0x0d,0x1f,0x08,0x03,0x1f,0x0e,0x90,0x08,0x1f,0x0d,0x08,0x1f,0x09,0x90,0x03,0x5f,
    0x04,0xa0,0x0d,0x3f,0x0e,0xb0,0x08,0x3f,0x09,0xb0,0x02,0x3f,0x04,0xc0,0x0d,0x2f,0xd0,0x0d,0x1f,0x09,0xd0,0x0c,0x1f,0x04,
    0xc0,0x02,0x1f,0x0e,0xd0,0x07,0x1f,0x09,0xc0,0x01,0x0e,0x1f,0x03,0xb0,0x04,0x0d,0x1f,0x0b,0x90,0x06,0x0e,0x3f,0x0e,0x02,
    0x90,0x06,0x3f,0x0e,0x04,0xa0,0x05,0x0d,0x0f,0x0d,0x09,0x02,0xa0,0x20,0x2f,0x07,0xf0,0x10,0x2f,0x07,0xf0,0x10,0x2f,0x07,
    0xf0,0x10,0x2f,0x07,0xf0,0x10,0x2f,0x07,0xf0,0x10,0x2f,0x07,0xf0,0x10,0x2f,0x07,0xf0,0x10,0x2f,0x07,0xf0,0x10,0x2f,0x07,
    0x00,0x03,0x08,0x0c,0x1e,0x0d,0x09,0x03,0x80,0x2f,0x07,0x08,0x7f,0x09,0x70,0x6f,0x1e,0x4f,0x09,0x60,0x4f,0x09,0x02,0x10,
    0x01,0x07,0x3f,0x05,0x50,0x3f,0x05,0x50,0x04,0x2f,0x0d,0x50,0x3f,0x70,0x08,0x2f,0x04,0x40,0x2f,0x08,0x70,0x01,0x2f,0x08,
    0x40,0x2f,0x07,0x80,0x0c,0x1f,0x0b,0x40,0x2f,0x07,0x80,0x09,0x1f,0x0d,0x40,0x2f,0x07,0x80,0x07,0x1f,0x0e,0x40,0x2f,0x07,
    0x80,0x07,0x2f,0x40,0x2f,0x07,0x80,0x07,0x1f,0x0e,0x40,0x2f,0x07,0x80,0x09,0x1f,0x0d,0x40,0x2f,0x07,0x80,0x0c,0x1f,0x0b,
    0x40,0x2f,0x08,0x70,0x01,0x2f,0x08,0x40,0x3f,0x70,0x08,0x2f,0x03,0x40,0x3f,0x05,0x50,0x04,0x2f,0x0d,0x50,0x4f,0x08,0x02,
    0x10,0x01,0x07,0x3f,0x04,0x50,0x6f,0x1e,0x4f,0x09,0x60,0x2f,0x07,0x09,0x7f,0x08,0x70,0x2f,0x07,0x00,0x03,0x09,0x0d,0x1e,
    0x0d,0x09,0x03,0x80,0x2f,0x07,0xf0,0x10,0x2f,0x07,0xf0,0x10,0x2f,0x07,0xf0,0x10,0x2f,0x07,0xf0,0x10,0x2f,0x07,0xf0,0x10,
    0x2f,0x07,0xf0,0x10,0x2f,0x07,0xf0,0x10,0x2f,0x07,0xe0,0x30,0x05,0x1e,0x05,0x30,0x05,0x1e,0x05,0x60,0x0e,0x1f,0x0e,0x30,
    0x0e,0x1f,0x0d,0x60,0x0e,0x1f,0x0e,0x30,0x0e,0x1f,0x0e,0x60,0x05,0x1e,0x05,0x30,0x05,0x1e,0x05,0xf0,0xf0,0xf0,0xc0,0x0d,
    0x1f,0x0d,0x80,0x0c,0x1f,0x0c,0x10,0x08,0x2f,0x03,0x60,0x01,0x2f,0x07,0x10,0x03,0x2f,0x07,0x60,0x06,0x2f,0x02,0x20,0x0d,
    0x1f,0x0c,0x60,0x0a,0x1f,0x0c,0x30,0x07,0x2f,0x02,0x50,0x0e,0x1f,0x07,0x30,0x02,0x2f,0x07,0x40,0x04,0x2f,0x02,0x40,0x0c,
    0x1f,0x0c,0x40,0x09,0x1f,0x0c,0x50,0x07,0x2f,0x02,0x30,0x0d,0x1f,0x07,0x50,0x02,0x2f,0x06,0x20,0x03,0x2f,0x02,0x60,0x0c,
    0x1f,0x0b,0x20,0x07,0x1f,0x0c,0x70,0x06,0x2f,0x01,0x10,0x0c,0x1f,0x07,0x70,0x01,0x2f,0x06,0x00,0x01,0x2f,0x02,0x80,0x0b,
    0x1f,0x0b,0x00,0x06,0x1f,0x0c,0x90,0x06,0x2f,0x01,0x0a,0x1f,0x07,0x90,0x01,0x2f,0x06,0x0e,0x1f,0x02,0xa0,0x0a,0x4f,0x0c,
    0xb0,0x05,0x4f,0x07,0xb0,0x01,0x0e,0x3f,0x02,0xc0,0x0a,0x2f,0x0c,0xd0,0x05,0x2f,0x07,0xe0,0x2f,0x02,0xd0,0x03,0x1f,0x0c,
    0xe0,0x09,0x1f,0x07,0xe0,0x0e,0x1f,0x02,0xd0,0x07,0x1f,0x0a,0xc0,0x01,0x07,0x2f,0x03,0xa0,0x0c,0x0e,0x3f,0x08,0xb0,0x0d,
    0x3f,0x0b,0xc0,0x0b,0x1e,0x0c,0x06,0xb0,
};
static const struct elk_glyph elk_glyphs_clock[11] = {
    {0x0030, 133, 176, 0, -174, 133, 0, 2366},
    {0x0031, 133, 171, 0, -171, 133, 2366, 1848},
    {0x0032, 133, 173, 0, -173, 133, 4214, 2129},
    {0x0033, 133, 176, 0, -174, 133, 6343, 2362},
    {0x0034, 133, 171, 0, -171, 133, 8705, 2035},
    {0x0035, 133, 173, 0, -171, 133, 10740, 2236},
    {0x0036, 133, 174, 0, -172, 133, 12976, 2404},
    {0x0037, 133, 172, 0, -171, 133, 15380, 1906},
    {0x0038, 133, 176, 0, -174, 133, 17286, 2618},
    {0x0039, 133, 175, 0, -174, 133, 19904, 2429},
    {0x003a, 50, 127, 0, -126, 50, 22333, 549},
};
static const struct elk_font elk_font_clock = { elk_glyphs_clock, 11, 223, 59 };
static const struct elk_glyph elk_glyphs_text[191] = {
    {0x0020, 0, 0, 0, 0, 13, 22882, 0},
    {0x0021, 13, 38, 0, -37, 13, 22882, 110},
    {0x0022, 17, 40, 0, -40, 17, 22992, 99},
    {0x0023, 32, 37, 0, -37, 32, 23091, 283},
    {0x0024, 29, 48, 0, -43, 29, 23374, 313},
    {0x0025, 38, 39, 0, -38, 38, 23687, 403},
    {0x0026, 33, 39, 0, -38, 32, 24090, 357},
    {0x0027, 9, 39, 0, -39, 9, 24447, 40},
    {0x0028, 18, 54, 0, -42, 18, 24487, 219},
    {0x0029, 18, 54, 0, -42, 18, 24706, 228},
    {0x002a, 22, 37, 0, -37, 22, 24934, 169},
    {0x002b, 30, 30, 0, -30, 30, 25103, 114},
    {0x002c, 10, 13, 0, -6, 10, 25217, 52},
    {0x002d, 14, 18, 0, -18, 14, 25269, 21},
    {0x002e, 14, 7, 0, -6, 14, 25290, 30},
    {0x002f, 21, 40, 0, -37, 21, 25320, 166},
    {0x0030, 29, 39, 0, -38, 29, 25486, 296},
    {0x0031, 29, 37, 0, -37, 29, 25782, 173},
    {0x0032, 29, 38, 0, -38, 29, 25955, 234},
    {0x0033, 29, 39, 0, -38, 29, 26189, 268},
    {0x0034, 29, 37, 0, -37, 29, 26457, 222},
    {0x0035, 29, 38, 0, -37, 29, 26679, 254},
    {0x0036, 29, 38, 0, -37, 29, 26933, 281},
    {0x0037, 29, 37, 0, -37, 29, 27214, 188},
    {0x0038, 29, 39, 0, -38, 29, 27402, 317},
    {0x0039, 29, 38, 0, -38, 29, 27719, 289},
    {0x003a, 13, 29, 0, -28, 13, 28008, 72},
    {0x003b, 11, 36, 0, -28, 11, 28080, 92},
    {0x003c, 26, 28, 0, -28, 26, 28172, 144},
    {0x003d, 29, 25, 0, -25, 29, 28316, 56},
    {0x003e, 27, 28, 0, -28, 27, 28372, 149},
    {0x003f, 25, 39, 0, -38, 25, 28521, 212},
    {0x0040, 47, 49, 0, -37, 47, 28733, 639},
    {0x0041, 34, 37, 0, -37, 34, 29372, 286},
    {0x0042, 32, 37, 0, -37, 32, 29658, 258},
    {0x0043, 34, 39, 0, -38, 34, 29916, 280},
    {0x0044, 34, 37, 0, -37, 34, 30196, 268},
    {0x0045, 30, 37, 0, -37, 30, 30464, 143},
    {0x0046, 29, 37, 0, -37, 29, 30607, 146},
    {0x0047, 35, 39, 0, -38, 35, 30753, 296},
    {0x0048, 37, 37, 0, -37, 37, 31049, 246},
    {0x0049, 14, 37, 0, -37, 14, 31295, 112},
    {0x004a, 29, 38, 0, -37, 29, 31407, 198},
    {0x004b, 33, 37, 0, -37, 33, 31605, 283},
    {0x004c, 28, 37, 0, -37, 28, 31888, 150},
    {0x004d, 45, 37, 0, -37, 45, 32038, 435},
    {0x004e, 37, 37, 0, -37, 37, 32473, 325},
    {0x004f, 36, 39, 0, -38, 36, 32798, 342},
    {0x0050, 33, 37, 0, -37, 33, 33140, 212},
    {0x0051, 36, 45, 0, -38, 36, 33352, 377},
    {0x0052, 32, 37, 0, -37, 32, 33729, 258},
    {0x0053, 31, 39, 0, -38, 31, 33987, 300},
    {0x0054, 31, 37, 0, -37, 31, 34287, 149},
    {0x0055, 34, 38, 0, -37, 34, 34436, 286},
    {0x0056, 33, 37, 0, -37, 33, 34722, 292},
    {0x0057, 46, 37, 0, -37, 46, 35014, 496},
    {0x0058, 33, 37, 0, -37, 33, 35510, 307},
    {0x0059, 31, 37, 0, -37, 31, 35817, 243},
    {0x005a, 31, 37, 0, -37, 31, 36060, 198},
    {0x005b, 14, 50, 0, -42, 14, 36258, 154},
    {0x005c, 21, 40, 0, -37, 21, 36412, 165},
    {0x005d, 14, 50, 0, -42, 14, 36577, 153},
    {0x005e, 22, 38, 0, -38, 22, 36730, 154},
    {0x005f, 24, 4, 0, 0, 23, 36884, 12},
    {0x0060, 16, 40, 0, -40, 16, 36896, 70},
    {0x0061, 28, 29, 0, -28, 28, 36966, 220},
    {0x0062, 29, 40, 0, -39, 29, 37186, 263},
    {0x0063, 27, 29, 0, -28, 27, 37449, 211},
    {0x0064, 29, 40, 0, -39, 29, 37660, 268},
    {0x0065, 28, 29, 0, -28, 28, 37928, 202},
    {0x0066, 18, 40, 0, -40, 18, 38130, 146},
    {0x0067, 29, 40, 0, -28, 29, 38276, 304},
    {0x0068, 29, 39, 0, -39, 29, 38580, 236},
    {0x0069, 13, 38, 0, -38, 13, 38816, 111},
    {0x006a, 14, 50, -2, -38, 12, 38927, 158},
    {0x006b, 27, 39, 0, -39, 26, 39085, 235},
    {0x006c, 13, 39, 0, -39, 13, 39320, 118},
    {0x006d, 46, 28, 0, -28, 46, 39438, 291},
    {0x006e, 29, 28, 0, -28, 29, 39729, 189},
    {0x006f, 30, 29, 0, -28, 30, 39918, 239},
    {0x0070, 29, 39, 0, -28, 29, 40157, 261},
    {0x0071, 30, 39, 0, -28, 30, 40418, 262},
    {0x0072, 18, 28, 0, -28, 18, 40680, 99},
    {0x0073, 27, 29, 0, -28, 27, 40779, 212},
    {0x0074, 17, 35, 0, -34, 17, 40991, 118},
    {0x0075, 29, 28, 0, -27, 29, 41109, 192},
    {0x0076, 25, 27, 0, -27, 25, 41301, 198},
    {0x0077, 39, 27, 0, -27, 39, 41499, 343},
    {0x0078, 26, 27, 0, -27, 26, 41842, 213},
    {0x0079, 25, 39, 0, -27, 25, 42055, 261},
    {0x007a, 26, 27, 0, -27, 26, 42316, 138},
    {0x007b, 18, 51, 0, -41, 18, 42454, 210},
    {0x007c, 13, 44, 0, -37, 13, 42664, 89},
    {0x007d, 18, 50, 0, -41, 18, 42753, 200},
    {0x007e, 35, 20, 0, -20, 35, 42953, 132},
    {0x00a0, 0, 0, 0, 0, 13, 43085, 0},
    {0x00a1, 13, 38, 0, -28, 13, 43085, 110},
    {0x00a2, 28, 40, 0, -34, 28, 43195, 250},
    {0x00a3, 30, 38, 0, -38, 30, 43445, 200},
    {0x00a4, 37, 34, 0, -32, 37, 43645, 345},
    {0x00a5, 27, 37, 0, -37, 27, 43990, 209},
    {0x00a6, 13, 44, 0, -37, 12, 44199, 122},
    {0x00a7, 32, 51, 0, -38, 32, 44321, 424},
    {0x00a8, 22, 37, 0, -37, 22, 44745, 93},
    {0x00a9, 41, 38, 0, -37, 41, 44838, 489},
    {0x00aa, 23, 37, 0, -37, 23, 45327, 175},
    {0x00ab, 24, 24, 0, -24, 24, 45502, 188},
    {0x00ac, 29, 20, 0, -20, 29, 45690, 63},
    {0x00ad, 0, 0, 0, 0, 0, 45753, 0},
    {0x00ae, 41, 38, 0, -37, 41, 45753, 452},
    {0x00af, 24, 37, 0, -37, 24, 46205, 62},
    {0x00b0, 19, 38, 0, -38, 19, 46267, 126},
    {0x00b1, 28, 32, 0, -32, 28, 46393, 118},
    {0x00b2, 19, 37, 0, -37, 19, 46511, 128},
    {0x00b3, 19, 37, 0, -37, 19, 46639, 154},
    {0x00b4, 16, 40, 0, -40, 16, 46793, 73},
    {0x00b5, 29, 38, 0, -27, 29, 46866, 226},
    {0x00b6, 25, 37, 0, -37, 25, 47092, 173},
    {0x00b7, 14, 22, 0, -22, 14, 47265, 43},
    {0x00b8, 13, 11, 0, 0, 13, 47308, 52},
    {0x00b9, 19, 37, 0, -37, 19, 47360, 102},
    {0x00ba, 24, 37, 0, -37, 24, 47462, 180},
    {0x00bb, 24, 24, 0, -24, 24, 47642, 185},
    {0x00bc, 38, 38, 0, -37, 38, 47827, 317},
    {0x00bd, 40, 38, 0, -38, 40, 48144, 328},
    {0x00be, 40, 38, 0, -37, 40, 48472, 386},
    {0x00bf, 25, 38, 0, -28, 25, 48858, 211},
    {0x00c0, 34, 47, 0, -47, 34, 49069, 334},
    {0x00c1, 34, 47, 0, -47, 34, 49403, 337},
    {0x00c2, 34, 47, 0, -47, 34, 49740, 347},
    {0x00c3, 34, 47, 0, -47, 34, 50087, 364},
    {0x00c4, 34, 45, 0, -45, 34, 50451, 344},
    {0x00c5, 34, 50, 0, -50, 34, 50795, 379},
    {0x00c6, 50, 37, -1, -37, 49, 51174, 327},
    {0x00c7, 34, 50, 0, -38, 34, 51501, 357},
    {0x00c8, 30, 47, 0, -47, 30, 51858, 189},
    {0x00c9, 30, 47, 0, -47, 30, 52047, 193},
    {0x00ca, 30, 47, 0, -47, 30, 52240, 208},
    {0x00cb, 30, 46, 0, -46, 30, 52448, 199},
    {0x00cc, 15, 47, -1, -47, 14, 52647, 150},
    {0x00cd, 16, 47, 0, -47, 14, 52797, 151},
    {0x00ce, 16, 47, -1, -47, 14, 52948, 169},
    {0x00cf, 17, 46, -1, -46, 14, 53117, 159},
    {0x00d0, 35, 37, 0, -37, 35, 53276, 263},
    {0x00d1, 37, 47, 0, -47, 37, 53539, 408},
    {0x00d2, 36, 48, 0, -47, 36, 53947, 391},
    {0x00d3, 36, 48, 0, -47, 36, 54338, 393},
    {0x00d4, 36, 48, 0, -47, 36, 54731, 401},
    {0x00d5, 36, 48, 0, -47, 36, 55132, 422},
    {0x00d6, 36, 46, 0, -45, 36, 55554, 399},
    {0x00d7, 28, 29, 0, -29, 28, 55953, 209},
    {0x00d8, 36, 41, 0, -38, 36, 56162, 440},
    {0x00d9, 34, 48, 0, -47, 34, 56602, 333},
    {0x00da, 34, 48, 0, -47, 34, 56935, 337},
    {0x00db, 34, 48, 0, -47, 34, 57272, 354},
    {0x00dc, 34, 46, 0, -45, 34, 57626, 345},
    {0x00dd, 31, 47, 0, -47, 31, 57971, 291},
    {0x00de, 31, 37, 0, -37, 31, 58262, 210},
    {0x00df, 31, 41, 0, -40, 31, 58472, 329},
    {0x00e0, 28, 40, 0, -39, 28, 58801, 271},
    {0x00e1, 28, 40, 0, -39, 28, 59072, 271},
    {0x00e2, 28, 40, 0, -39, 28, 59343, 278},
    {0x00e3, 28, 40, 0, -39, 28, 59621, 297},
    {0x00e4, 28, 39, 0, -38, 28, 59918, 275},
    {0x00e5, 28, 43, 0, -42, 28, 60193, 316},
    {0x00e6, 44, 29, 0, -28, 44, 60509, 330},
    {0x00e7, 27, 40, 0, -28, 27, 60839, 276},
    {0x00e8, 28, 40, 0, -39, 28, 61115, 250},
    {0x00e9, 28, 40, 0, -39, 28, 61365, 249},
    {0x00ea, 28, 40, 0, -39, 28, 61614, 263},
    {0x00eb, 28, 39, 0, -38, 28, 61877, 262},
    {0x00ec, 15, 39, -2, -39, 13, 62139, 120},
    {0x00ed, 15, 39, 0, -39, 13, 62259, 121},
    {0x00ee, 17, 39, -2, -39, 13, 62380, 143},
    {0x00ef, 17, 38, -2, -38, 13, 62523, 133},
    {0x00f0, 31, 42, 0, -41, 30, 62656, 338},
    {0x00f1, 29, 39, 0, -39, 29, 62994, 264},
    {0x00f2, 30, 40, 0, -39, 30, 63258, 289},
    {0x00f3, 30, 40, 0, -39, 30, 63547, 293},
    {0x00f4, 30, 40, 0, -39, 30, 63840, 303},
    {0x00f5, 30, 40, 0, -39, 30, 64143, 315},
    {0x00f6, 30, 39, 0, -38, 30, 64458, 296},
    {0x00f7, 30, 31, 0, -31, 30, 64754, 110},
    {0x00f8, 29, 35, 0, -31, 29, 64864, 328},
    {0x00f9, 29, 40, 0, -39, 29, 65192, 245},
    {0x00fa, 29, 40, 0, -39, 29, 65437, 245},
    {0x00fb, 29, 40, 0, -39, 29, 65682, 251},
    {0x00fc, 29, 39, 0, -38, 29, 65933, 251},
    {0x00fd, 25, 51, 0, -39, 25, 66184, 312},
    {0x00fe, 30, 50, 0, -39, 30, 66496, 307},
    {0x00ff, 25, 50, 0, -38, 25, 66803, 318},
};
static const struct elk_font elk_font_text = { elk_glyphs_text, 191, 49, 13 };
static const struct elk_glyph elk_glyphs_small[191] = {
    {0x0020, 0, 0, 0, 0, 9, 67121, 0},
    {0x0021, 10, 28, 0, -28, 10, 67121, 79},
    {0x0022, 12, 29, 0, -29, 12, 67200, 70},
    {0x0023, 23, 28, 0, -28, 23, 67270, 197},
    {0x0024, 21, 37, 0, -33, 21, 67467, 233},
    {0x0025, 28, 28, 0, -28, 28, 67700, 298},
    {0x0026, 24, 28, 0, -28, 24, 67998, 246},
    {0x0027, 7, 29, 0, -29, 7, 68244, 36},
    {0x0028, 13, 41, 0, -32, 13, 68280, 168},
    {0x0029, 13, 41, 0, -32, 13, 68448, 167},
    {0x002a, 17, 28, 0, -28, 16, 68615, 126},
    {0x002b, 22, 24, 0, -24, 22, 68741, 88},
    {0x002c, 7, 10, 0, -4, 7, 68829, 37},
    {0x002d, 11, 13, 0, -13, 10, 68866, 13},
    {0x002e, 10, 4, 0, -4, 10, 68879, 17},
    {0x002f, 16, 30, 0, -28, 16, 68896, 125},
    {0x0030, 21, 28, 0, -28, 21, 69021, 213},
    {0x0031, 21, 28, 0, -28, 21, 69234, 127},
    {0x0032, 21, 28, 0, -28, 21, 69361, 159},
    {0x0033, 21, 28, 0, -28, 21, 69520, 191},
    {0x0034, 21, 28, 0, -28, 21, 69711, 159},
    {0x0035, 21, 28, 0, -28, 21, 69870, 178},
    {0x0036, 21, 28, 0, -28, 21, 70048, 207},
    {0x0037, 21, 28, 0, -28, 21, 70255, 120},
    {0x0038, 21, 28, 0, -28, 21, 70375, 226},
    {0x0039, 21, 28, 0, -28, 21, 70601, 210},
    {0x003a, 9, 21, 0, -21, 9, 70811, 40},
    {0x003b, 8, 27, 0, -21, 8, 70851, 62},
    {0x003c, 19, 21, 0, -21, 19, 70913, 94},
    {0x003d, 21, 19, 0, -19, 21, 71007, 29},
    {0x003e, 20, 21, 0, -21, 20, 71036, 101},
    {0x003f, 18, 28, 0, -28, 18, 71137, 136},
    {0x0040, 34, 36, 0, -28, 34, 71273, 468},
    {0x0041, 25, 28, 0, -28, 25, 71741, 201},
    {0x0042, 24, 28, 0, -28, 24, 71942, 190},
    {0x0043, 25, 28, 0, -28, 25, 72132, 205},
    {0x0044, 25, 28, 0, -28, 25, 72337, 199},
    {0x0045, 22, 28, 0, -28, 22, 72536, 105},
    {0x0046, 21, 28, 0, -28, 21, 72641, 105},
    {0x0047, 26, 28, 0, -28, 26, 72746, 214},
    {0x0048, 27, 28, 0, -28, 27, 72960, 163},
    {0x0049, 10, 28, 0, -28, 10, 73123, 85},
    {0x004a, 21, 28, 0, -28, 21, 73208, 145},
    {0x004b, 24, 28, 0, -28, 24, 73353, 205},
    {0x004c, 20, 28, 0, -28, 20, 73558, 85},
    {0x004d, 33, 28, 0, -28, 33, 73643, 317},
    {0x004e, 27, 28, 0, -28, 27, 73960, 235},
    {0x004f, 26, 28, 0, -28, 26, 74195, 230},
    {0x0050, 24, 28, 0, -28, 24, 74425, 161},
    {0x0051, 26, 33, 0, -28, 26, 74586, 256},
    {0x0052, 23, 28, 0, -28, 23, 74842, 192},
    {0x0053, 23, 28, 0, -28, 23, 75034, 209},
    {0x0054, 23, 28, 0, -28, 23, 75243, 112},
    {0x0055, 25, 28, 0, -28, 25, 75355, 192},
    {0x0056, 24, 28, 0, -28, 24, 75547, 207},
    {0x0057, 34, 28, 0, -28, 34, 75754, 368},
    {0x0058, 24, 28, 0, -28, 24, 76122, 219},
    {0x0059, 23, 28, 0, -28, 23, 76341, 186},
    {0x005a, 23, 28, 0, -28, 23, 76527, 143},
    {0x005b, 10, 38, 0, -32, 10, 76670, 110},
    {0x005c, 16, 30, 0, -28, 16, 76780, 123},
    {0x005d, 10, 38, 0, -32, 10, 76903, 121},
    {0x005e, 16, 28, 0, -28, 16, 77024, 107},
    {0x005f, 18, 3, 0, 0, 17, 77131, 9},
    {0x0060, 12, 30, 0, -30, 12, 77140, 44},
    {0x0061, 21, 21, 0, -21, 21, 77184, 156},
    {0x0062, 21, 29, 0, -29, 21, 77340, 191},
    {0x0063, 20, 21, 0, -21, 20, 77531, 147},
    {0x0064, 21, 29, 0, -29, 21, 77678, 188},
    {0x0065, 20, 21, 0, -21, 20, 77866, 146},
    {0x0066, 13, 30, 0, -30, 13, 78012, 107},
    {0x0067, 21, 29, 0, -21, 21, 78119, 215},
    {0x0068, 21, 29, 0, -29, 21, 78334, 176},
    {0x0069, 9, 28, 0, -28, 9, 78510, 81},
    {0x006a, 11, 36, -2, -28, 9, 78591, 116},
    {0x006b, 20, 29, 0, -29, 19, 78707, 167},
    {0x006c, 9, 29, 0, -29, 9, 78874, 88},
    {0x006d, 33, 21, 0, -21, 33, 78962, 225},
    {0x006e, 21, 21, 0, -21, 21, 79187, 145},
    {0x006f, 22, 21, 0, -21, 22, 79332, 177},
    {0x0070, 21, 29, 0, -21, 21, 79509, 184},
    {0x0071, 22, 29, 0, -21, 22, 79693, 183},
    {0x0072, 13, 21, 0, -21, 13, 79876, 76},
    {0x0073, 20, 21, 0, -21, 20, 79952, 156},
    {0x0074, 12, 26, 0, -26, 12, 80108, 93},
    {0x0075, 21, 21, 0, -21, 21, 80201, 138},
    {0x0076, 18, 21, 0, -21, 18, 80339, 145},
    {0x0077, 29, 21, 0, -21, 29, 80484, 263},
    {0x0078, 19, 21, 0, -21, 19, 80747, 159},
    {0x0079, 18, 29, 0, -21, 18, 80906, 183},
    {0x007a, 19, 21, 0, -21, 19, 81089, 88},
    {0x007b, 13, 38, 0, -31, 13, 81177, 155},
    {0x007c, 9, 33, 0, -28, 9, 81332, 100},
    {0x007d, 13, 38, 0, -31, 13, 81432, 157},
    {0x007e, 26, 16, 0, -16, 26, 81589, 101},
    {0x00a0, 0, 0, 0, 0, 9, 81690, 0},
    {0x00a1, 9, 28, 0, -21, 9, 81690, 79},
    {0x00a2, 21, 31, 0, -26, 21, 81769, 189},
    {0x00a3, 22, 28, 0, -28, 22, 81958, 142},
    {0x00a4, 27, 26, 0, -25, 27, 82100, 255},
    {0x00a5, 20, 28, 0, -28, 20, 82355, 151},
    {0x00a6, 9, 32, 0, -28, 9, 82506, 89},
    {0x00a7, 23, 38, 0, -28, 23, 82595, 307},
    {0x00a8, 16, 28, 0, -28, 16, 82902, 57},
    {0x00a9, 30, 29, 0, -29, 30, 82959, 369},
    {0x00aa, 17, 27, 0, -27, 17, 83328, 120},
    {0x00ab, 18, 18, 0, -18, 18, 83448, 141},
    {0x00ac, 21, 15, 0, -15, 21, 83589, 39},
    {0x00ad, 0, 0, 0, 0, 0, 83628, 0},
    {0x00ae, 30, 29, 0, -29, 30, 83628, 353},
    {0x00af, 17, 28, 0, -28, 17, 83981, 33},
    {0x00b0, 14, 28, 0, -28, 14, 84014, 85},
    {0x00b1, 20, 24, 0, -24, 20, 84099, 72},
    {0x00b2, 14, 27, 0, -27, 14, 84171, 89},
    {0x00b3, 14, 27, 0, -27, 14, 84260, 111},
    {0x00b4, 12, 30, 0, -30, 12, 84371, 45},
    {0x00b5, 22, 29, 0, -21, 22, 84416, 164},
    {0x00b6, 19, 28, 0, -28, 19, 84580, 114},
    {0x00b7, 10, 16, 0, -16, 10, 84694, 24},
    {0x00b8, 9, 9, 0, -1, 9, 84718, 43},
    {0x00b9, 14, 27, 0, -27, 14, 84761, 66},
    {0x00ba, 17, 27, 0, -27, 17, 84827, 124},
    {0x00bb, 18, 18, 0, -18, 18, 84951, 137},
    {0x00bc, 28, 28, 0, -28, 28, 85088, 234},
    {0x00bd, 29, 28, 0, -28, 29, 85322, 250},
    {0x00be, 30, 28, 0, -28, 30, 85572, 276},
    {0x00bf, 18, 28, 0, -21, 18, 85848, 137},
    {0x00c0, 25, 35, 0, -35, 25, 85985, 234},
    {0x00c1, 25, 35, 0, -35, 25, 86219, 236},
    {0x00c2, 25, 35, 0, -35, 25, 86455, 243},
    {0x00c3, 25, 36, 0, -36, 25, 86698, 255},
    {0x00c4, 25, 34, 0, -34, 25, 86953, 238},
    {0x00c5, 25, 37, 0, -37, 25, 87191, 272},
    {0x00c6, 37, 28, -1, -28, 36, 87463, 219},
    {0x00c7, 25, 36, 0, -28, 25, 87682, 252},
    {0x00c8, 22, 36, 0, -36, 22, 87934, 142},
    {0x00c9, 22, 36, 0, -36, 22, 88076, 136},
    {0x00ca, 22, 36, 0, -36, 22, 88212, 154},
    {0x00cb, 22, 34, 0, -34, 22, 88366, 140},
    {0x00cc, 11, 36, -1, -36, 10, 88506, 111},
    {0x00cd, 11, 36, 0, -36, 10, 88617, 113},
    {0x00ce, 12, 36, -1, -36, 10, 88730, 131},
    {0x00cf, 12, 34, -1, -34, 10, 88861, 113},
    {0x00d0, 26, 28, 0, -28, 26, 88974, 200},
    {0x00d1, 27, 36, 0, -36, 27, 89174, 289},
    {0x00d2, 26, 36, 0, -36, 26, 89463, 265},
    {0x00d3, 26, 36, 0, -36, 26, 89728, 266},
    {0x00d4, 26, 36, 0, -36, 26, 89994, 282},
    {0x00d5, 26, 36, 0, -36, 26, 90276, 285},
    {0x00d6, 26, 34, 0, -34, 26, 90561, 266},
    {0x00d7, 20, 22, 0, -22, 20, 90827, 143},
    {0x00d8, 26, 31, 0, -29, 26, 90970, 317},
    {0x00d9, 25, 36, 0, -36, 25, 91287, 225},
    {0x00da, 25, 36, 0, -36, 25, 91512, 228},
    {0x00db, 25, 36, 0, -36, 25, 91740, 241},
    {0x00dc, 25, 34, 0, -34, 25, 91981, 227},
    {0x00dd, 23, 35, 0, -35, 23, 92208, 219},
    {0x00de, 22, 28, 0, -28, 22, 92427, 153},
    {0x00df, 23, 30, 0, -30, 23, 92580, 241},
    {0x00e0, 21, 30, 0, -30, 21, 92821, 189},
    {0x00e1, 21, 30, 0, -30, 21, 93010, 196},
    {0x00e2, 21, 30, 0, -30, 21, 93206, 207},
    {0x00e3, 21, 30, 0, -30, 21, 93413, 213},
    {0x00e4, 21, 28, 0, -28, 21, 93626, 192},
    {0x00e5, 21, 32, 0, -32, 21, 93818, 235},
    {0x00e6, 32, 21, 0, -21, 32, 94053, 240},
    {0x00e7, 20, 29, 0, -21, 20, 94293, 188},
    {0x00e8, 20, 30, 0, -30, 20, 94481, 177},
    {0x00e9, 20, 30, 0, -30, 20, 94658, 177},
    {0x00ea, 20, 30, 0, -30, 20, 94835, 195},
    {0x00eb, 20, 28, 0, -28, 20, 95030, 182},
    {0x00ec, 10, 29, -1, -29, 9, 95212, 92},
    {0x00ed, 11, 29, 0, -29, 9, 95304, 90},
    {0x00ee, 12, 29, -1, -29, 9, 95394, 103},
    {0x00ef, 12, 28, -1, -28, 9, 95497, 93},
    {0x00f0, 22, 31, 0, -31, 22, 95590, 243},
    {0x00f1, 21, 30, 0, -30, 21, 95833, 198},
    {0x00f2, 22, 30, 0, -30, 22, 96031, 216},
    {0x00f3, 22, 30, 0, -30, 22, 96247, 211},
    {0x00f4, 22, 30, 0, -30, 22, 96458, 232},
    {0x00f5, 22, 30, 0, -30, 22, 96690, 232},
    {0x00f6, 22, 28, 0, -28, 22, 96922, 213},
    {0x00f7, 22, 23, 0, -23, 22, 97135, 65},
    {0x00f8, 22, 26, 0, -24, 22, 97200, 244},
    {0x00f9, 21, 30, 0, -30, 21, 97444, 174},
    {0x00fa, 21, 30, 0, -30, 21, 97618, 169},
    {0x00fb, 21, 30, 0, -30, 21, 97787, 192},
    {0x00fc, 21, 28, 0, -28, 21, 97979, 174},
    {0x00fd, 18, 38, 0, -30, 18, 98153, 212},
    {0x00fe, 22, 37, 0, -29, 22, 98365, 214},
    {0x00ff, 19, 36, -1, -28, 18, 98579, 213},
};
static const struct elk_font elk_font_small = { elk_glyphs_small, 191, 36, 10 };
